source_node,target_node,hour,avg_speed,samples
6394644228,3205658315,12,40.0,5
3205658315,3205658316,12,40.0,5
3205658316,5363740458,12,40.0,5
5363740458,5363740457,12,40.0,5
5363740457,13679835515,12,40.0,5
13679835515,2083191852,12,40.0,5
2083191852,9468456342,12,40.0,5
9468456342,13684602357,12,40.0,5
13684602357,13684602355,12,40.0,5
13684602355,13684602356,12,40.0,5
13684602356,9075697853,12,40.0,5
9075697853,9075697867,12,40.0,5
9075697867,9075697866,12,40.0,5
9075697866,9075697856,12,40.0,5
9075697856,9075697865,12,40.0,5
9075697865,9075697864,12,40.0,5
9075697864,9468456343,12,40.0,5
9468456343,9075697863,12,40.0,5
9075697863,9075697862,12,40.0,5
9075697862,13684602351,12,40.0,5
13684602351,9075697861,12,40.0,5
9075697861,9075697860,12,40.0,5
9075697860,9075697859,12,40.0,5
9075697859,13663630399,12,40.0,5
13663630399,9075697858,12,40.0,5
9075697858,1428433285,12,40.0,5
1428433285,262620156,12,40.0,5
262620156,2464923163,12,40.0,5
2464923163,2464923164,12,40.0,5
2464923164,2464923165,12,40.0,5
2464923165,6233600973,12,40.0,5
6233600973,3893879201,12,40.0,5
3893879201,6233578611,12,40.0,5
6233578611,2464923168,12,40.0,5
2464923168,13663640316,12,40.0,5
13663640316,3383965582,12,40.0,5
3383965582,13663640307,12,40.0,5
13663640307,2464923169,12,40.0,5
2464923169,3666688669,12,40.0,5
3666688669,6233578631,12,40.0,5
6233578631,3155589781,12,40.0,5
3155589781,10243703013,12,40.0,5
10243703013,618533937,12,40.0,5
618533937,681872145,12,40.0,5
681872145,91032005,12,40.0,5
91032005,681872030,12,40.0,5
681872030,682001105,12,40.0,5
682001105,10555850724,12,40.0,5
10555850724,619274591,12,40.0,5
619274591,2143722746,12,40.0,5
2143722746,671432767,12,40.0,5
671432767,3647971258,12,40.0,5
3647971258,6233578634,12,40.0,5
6233578634,13683965532,12,40.0,5
13683965532,13683965531,12,40.0,5
13683965531,681773749,12,40.0,5
681773749,681770269,12,40.0,5
681770269,13683965526,12,40.0,5
13683965526,681770266,12,40.0,5
681770266,2094306221,12,40.0,5
2094306221,3191697344,12,40.0,5
3191697344,3191696090,12,40.0,5
3191696090,270333418,12,40.0,5
270333418,13684023332,12,40.0,5
13684023332,3646111626,12,40.0,5
3646111626,13683707408,12,40.0,5
13683707408,2094306193,12,40.0,5
2094306193,3887415833,12,40.0,5
3887415833,3150394234,12,40.0,5
3150394234,13684023327,12,40.0,5
13684023327,3646111625,12,40.0,5
3646111625,653114103,12,40.0,5
653114103,3646111623,12,40.0,5
3646111623,2145049297,12,40.0,5
2145049297,3646111622,12,40.0,5
3646111622,618542192,12,40.0,5
618542192,13684023308,12,40.0,5
13684023308,3646111620,12,40.0,5
3646111620,13684023306,12,40.0,5
13684023306,2145039478,12,40.0,5
2145039478,3150402308,12,40.0,5
3150402308,3944855493,12,40.0,5
3944855493,6233418792,12,40.0,5
6233418792,7037323365,12,40.0,5
7037323365,7037323364,12,40.0,5
7037323364,3150402309,12,40.0,5
3150402309,4793209901,12,40.0,5
4793209901,662901137,12,40.0,5
662901137,6233418801,12,40.0,5
6233418801,3150421788,12,40.0,5
3150421788,3150421783,12,40.0,5
3150421783,3127341689,12,40.0,5
3127341689,2560859834,12,40.0,5
2560859834,13683858345,12,40.0,5
13683858345,3150421795,12,40.0,5
3150421795,13684023302,12,40.0,5
13684023302,3150421780,12,40.0,5
3150421780,6233418804,12,40.0,5
6233418804,3150421787,12,40.0,5
3150421787,3150421800,12,40.0,5
3150421800,9465149148,12,40.0,5
9465149148,3150421785,12,40.0,5
3150421785,5626801124,12,40.0,5
5626801124,9465149146,12,40.0,5
9465149146,3150421789,12,40.0,5
3150421789,662326576,12,40.0,5
662326576,9462080174,12,40.0,5
9462080174,1235777074,12,40.0,5
1235777074,1235777076,12,40.0,5
1235777076,2143715395,12,40.0,5
2143715395,3384207075,12,40.0,5
3384207075,9740502138,12,40.0,5
9740502138,644610784,12,40.0,5
644610784,12169947999,12,40.0,5
12169947999,11289910870,12,40.0,5
11289910870,9740502137,12,40.0,5
9740502137,6991508744,12,40.0,5
6991508744,6659060520,12,40.0,5
6659060520,6659112953,12,40.0,5
6659112953,13714200026,12,40.0,5
13714200026,6661608930,12,40.0,5
6661608930,9740502135,12,40.0,5
9740502135,6661629697,12,40.0,5
6661629697,644610775,12,40.0,5
644610775,3340406923,12,40.0,5
3340406923,644610777,12,40.0,5
644610777,672779575,12,40.0,5
672779575,9740502133,12,40.0,5
9740502133,5028030257,12,40.0,5
5028030257,672777618,12,40.0,5
672777618,13714200024,12,40.0,5
13714200024,9740502131,12,40.0,5
9740502131,1144959848,12,40.0,5
1144959848,1144959934,12,40.0,5
1144959934,6991289895,12,40.0,5
6991289895,13727994371,12,40.0,5
13727994371,13727994366,12,40.0,5
13727994366,3340405333,12,40.0,5
3340405333,253022411,12,40.0,5
253022411,9740502128,12,40.0,5
9740502128,13698397488,12,40.0,5
13698397488,62783063,12,40.0,5
62783063,9740502125,12,40.0,5
9740502125,5510051039,12,40.0,5
5510051039,9740502123,12,40.0,5
9740502123,6533479276,12,40.0,5
6533479276,5510051041,12,40.0,5
5510051041,191814043,12,40.0,5
191814043,9740502119,12,40.0,5
9740502119,5042376416,12,40.0,5
5042376416,5042376414,12,40.0,5
5042376414,5042376411,12,40.0,5
5042376411,5042376407,12,40.0,5
5042376407,621816438,12,40.0,5
621816438,9740487216,12,40.0,5
9740487216,13695697495,12,40.0,5
13695697495,13695751612,12,40.0,5
13695751612,621816440,12,40.0,5
621816440,9740487211,12,40.0,5
9740487211,5217865786,12,40.0,5
5217865786,9963305719,12,40.0,5
9963305719,9740487208,12,40.0,5
9740487208,268931214,12,40.0,5
268931214,10555764435,12,40.0,5
10555764435,9740487206,12,40.0,5
9740487206,4513240970,12,40.0,5
4513240970,9740487203,12,40.0,5
9740487203,1144959816,12,40.0,5
1144959816,5783376106,12,40.0,5
5783376106,191816161,12,40.0,5
191816161,2560879657,12,40.0,5
2560879657,9740487202,12,40.0,5
9740487202,639804423,12,40.0,5
639804423,191816830,12,40.0,5
191816830,10555764437,12,40.0,5
10555764437,6899491030,12,40.0,5
6899491030,672789751,12,40.0,5
672789751,5105301802,12,40.0,5
5105301802,3648987762,12,40.0,5
3648987762,9740487199,12,40.0,5
9740487199,10261639631,12,40.0,5
10261639631,2560879663,12,40.0,5
2560879663,5272770101,12,40.0,5
5272770101,9740487197,12,40.0,5
9740487197,3648987773,12,40.0,5
3648987773,2560879662,12,40.0,5
2560879662,3648987764,12,40.0,5
3648987764,1863871393,12,40.0,5
1863871393,3648987750,12,40.0,5
3648987750,3648987778,12,40.0,5
3648987778,3783153359,12,40.0,5
3783153359,672596324,12,40.0,5
672596324,3783135053,12,40.0,5
3783135053,3803480402,12,40.0,5
3803480402,3783135050,12,40.0,5
3783135050,11934353104,12,40.0,5
11934353104,3783135046,12,40.0,5
3783135046,3783135052,12,40.0,5
3783135052,672596769,12,40.0,5
672596769,2247695860,12,40.0,5
2247695860,2247695854,12,40.0,5
2247695854,2247695871,12,40.0,5
2247695871,5105301788,12,40.0,5
5105301788,678714010,12,40.0,5
678714010,672793676,12,40.0,5
672793676,672802171,12,40.0,5
672802171,127660889,12,40.0,5
127660889,7037743606,12,40.0,5
7037743606,3085648504,12,40.0,5
3085648504,3085648506,12,40.0,5
3085648506,127660905,12,40.0,5
127660905,10771363368,12,40.0,5
10771363368,10771363359,12,40.0,5
10771363359,10771363361,12,40.0,5
10771363361,10940878331,12,40.0,5
10940878331,10771363364,12,40.0,5
10771363364,10771363381,12,40.0,5
10771363381,10771363372,12,40.0,5
10771363372,10771363384,12,40.0,5
10771363384,10771363382,12,40.0,5
10771363382,10771363386,12,40.0,5
10771363386,10771363388,12,40.0,5
10771363388,10771363391,12,40.0,5
10771363391,10771363393,12,40.0,5
10771363393,10771363403,12,40.0,5
10771363403,10771363397,12,40.0,5
10771363397,10771363400,12,40.0,5
10771363400,10771363399,12,40.0,5
10771363399,258030081,12,40.0,5
258030081,127660923,12,40.0,5
127660923,635164770,12,40.0,5
635164770,1978801466,12,40.0,5
1978801466,4582447380,12,40.0,5
4582447380,256181181,12,40.0,5
256181181,10564038816,12,40.0,5
10564038816,129615987,12,40.0,5
129615987,635854505,12,40.0,5
635854505,666903877,12,40.0,5
666903877,6554831165,12,40.0,5
6554831165,5105301763,12,40.0,5
5105301763,10564038815,12,40.0,5
10564038815,662875913,12,40.0,5
662875913,10564038814,12,40.0,5
10564038814,4582456525,12,40.0,5
4582456525,665183736,12,40.0,5
665183736,5105301761,12,40.0,5
5105301761,4582456526,12,40.0,5
4582456526,4582456531,12,40.0,5
4582456531,4582456534,12,40.0,5
4582456534,635857020,12,40.0,5
635857020,10771397219,12,40.0,5
10771397219,635855755,12,40.0,5
635855755,10216150412,12,40.0,5
10216150412,635857021,12,40.0,5
635857021,13658959430,12,40.0,5
13658959430,4582456544,12,40.0,5
4582456544,13658959422,12,40.0,5
13658959422,4582456545,12,40.0,5
4582456545,4582456543,12,40.0,5
4582456543,4582456538,12,40.0,5
4582456538,4582456536,12,40.0,5
4582456536,11836239914,12,40.0,5
11836239914,670245655,12,40.0,5
670245655,3166118868,12,40.0,5
3166118868,129615972,12,40.0,5
129615972,3354661021,12,40.0,5
3354661021,11546732715,12,40.0,5
11546732715,331448574,12,40.0,5
331448574,2386004465,12,40.0,5
2386004465,3354661025,12,40.0,5
3354661025,619959758,12,40.0,5
619959758,651260213,12,40.0,5
651260213,6277496275,12,40.0,5
6277496275,6277496274,12,40.0,5
6277496274,2394776188,12,40.0,5
2394776188,651260228,12,40.0,5
651260228,1661966161,12,40.0,5
1661966161,5105301721,12,40.0,5
5105301721,651260236,12,40.0,5
651260236,2394776194,12,40.0,5
2394776194,651260245,12,40.0,5
651260245,129615942,12,40.0,5
129615942,9959089701,12,40.0,5
9959089701,9959089702,12,40.0,5
9959089702,1737490145,12,40.0,5
1737490145,678824225,12,40.0,5
678824225,256664055,12,40.0,5
256664055,3774656243,12,40.0,5
3774656243,678826842,12,40.0,5
678826842,5635145490,12,40.0,5
5635145490,670245668,12,40.0,5
670245668,1737490132,12,40.0,5
1737490132,1737490134,12,40.0,5
1737490134,674944023,12,40.0,5
674944023,3774774687,12,40.0,5
3774774687,1737490133,12,40.0,5
1737490133,1737490136,12,40.0,5
1737490136,1737490140,12,40.0,5
1737490140,678824226,12,40.0,5
678824226,5105226345,12,40.0,5
5105226345,670245671,12,40.0,5
670245671,5635165581,12,40.0,5
5635165581,5105226344,12,40.0,5
5105226344,670245638,12,40.0,5
670245638,5105226333,12,40.0,5
5105226333,678824228,12,40.0,5
678824228,678824227,12,40.0,5
678824227,3774656221,12,40.0,5
3774656221,3774656223,12,40.0,5
3774656223,8504056218,12,40.0,5
8504056218,3774656222,12,40.0,5
637362210,2122149090,12,40.0,5
2122149090,2122149101,12,40.0,5
2122149101,5635159178,12,40.0,5
5635159178,674943785,12,40.0,5
674943785,11415431742,12,40.0,5
11415431742,5635159192,12,40.0,5
5635159192,11415431763,12,40.0,5
11415431763,5635159210,12,40.0,5
5635159210,2083118553,12,40.0,5
2083118553,11415431757,12,40.0,5
11415431757,5635159176,12,40.0,5
5635159176,5635159175,12,40.0,5
5635159175,129615924,12,40.0,5
129615924,619959761,12,40.0,5
619959761,619956306,12,40.0,5
619956306,5373602974,12,40.0,5
5373602974,302755112,12,40.0,5
302755112,250731280,12,40.0,5
250731280,639804664,12,40.0,5
639804664,681218001,12,40.0,5
681218001,681218003,12,40.0,5
681218003,302755114,12,40.0,5
302755114,5045644383,12,40.0,5
5045644383,250731279,12,40.0,5
250731279,1348104699,12,40.0,5
1348104699,6661817257,12,40.0,5
6661817257,5373603024,12,40.0,5
5373603024,5688511034,12,40.0,5
5688511034,250731278,12,40.0,5
250731278,250731214,12,40.0,5
250731214,5045649509,12,40.0,5
5045649509,9959089696,12,40.0,5
9959089696,5045624648,12,40.0,5
5045624648,275520231,12,40.0,5
275520231,5373513510,12,40.0,5
5373513510,5373603026,12,40.0,5
5373603026,670252388,12,40.0,5
670252388,5045618382,12,40.0,5
5045618382,6018645839,12,40.0,5
6018645839,3774751711,12,40.0,5
3774751711,250731133,12,40.0,5
250731133,3354646305,12,40.0,5
3354646305,5045614433,12,40.0,5
5045614433,331448623,12,40.0,5
331448623,670252393,12,40.0,5
670252393,670252395,12,40.0,5
670252395,1128190964,12,40.0,5
1128190964,302755020,12,40.0,5
302755020,10216158837,12,40.0,5
10216158837,3166156578,12,40.0,5
3166156578,10216158819,12,40.0,5
10216158819,250731057,12,40.0,5
250731057,10216158818,12,40.0,5
10216158818,2527560570,12,40.0,5
2527560570,7158050660,12,40.0,5
7158050660,4281376694,12,40.0,5
4281376694,11549090897,12,40.0,5
11549090897,252537796,12,40.0,5
252537796,670255609,12,40.0,5
670255609,670255607,12,40.0,5
674866759,674866760,12,40.0,5
674866760,674866640,12,40.0,5
674866640,5272752797,12,40.0,5
5272752797,5656625026,12,40.0,5
5656625026,3752482613,12,40.0,5
3752482613,5656625038,12,40.0,5
5656625038,639804448,12,40.0,5
639804448,5206941834,12,40.0,5
5206941834,3752482615,12,40.0,5
3752482615,2560879658,12,40.0,5
2560879658,639804441,12,40.0,5
639804441,639804428,12,40.0,5
639804428,9740487201,12,40.0,5
9740487201,10264692130,12,40.0,5
10264692130,253022318,12,40.0,5
253022318,3648987759,12,40.0,5
3648987759,1144959834,12,40.0,5
1144959834,9740487204,12,40.0,5
9740487204,4513240966,12,40.0,5
4513240966,4513240962,12,40.0,5
4513240962,4513240969,12,40.0,5
4513240969,9740487205,12,40.0,5
9740487205,11577917707,12,40.0,5
11577917707,13698236223,12,40.0,5
13698236223,8988093142,12,40.0,5
8988093142,9740487207,12,40.0,5
9740487207,13701084928,12,40.0,5
13701084928,13701084909,12,40.0,5
13701084909,13701084915,12,40.0,5
13701084915,9963305717,12,40.0,5
9963305717,5217865787,12,40.0,5
5217865787,9740487210,12,40.0,5
9740487210,14144687976,12,40.0,5
14144687976,13695751601,12,40.0,5
13695751601,9740487215,12,40.0,5
9740487215,621816478,12,40.0,5
621816478,5510051046,12,40.0,5
5510051046,5510051044,12,40.0,5
5510051044,9740502120,12,40.0,5
9740502120,253022302,12,40.0,5
253022302,9740502122,12,40.0,5
9740502122,9740502124,12,40.0,5
9740502124,637603462,12,40.0,5
637603462,13698397487,12,40.0,5
13698397487,9740502129,12,40.0,5
9740502129,13727972790,12,40.0,5
13727972790,3340405332,12,40.0,5
3340405332,667762093,12,40.0,5
667762093,1144959845,12,40.0,5
1144959845,1144959932,12,40.0,5
1144959932,3085648482,12,40.0,5
3085648482,9740502130,12,40.0,5
9740502130,3799979979,12,40.0,5
3799979979,9740502132,12,40.0,5
9740502132,12276950494,12,40.0,5
12276950494,672777604,12,40.0,5
672777604,3340406924,12,40.0,5
3340406924,9740502134,12,40.0,5
9740502134,13714200025,12,40.0,5
13714200025,253022281,12,40.0,5
253022281,9740502136,12,40.0,5
9740502136,6522676330,12,40.0,5
6522676330,6522666631,12,40.0,5
6522666631,3384207076,12,40.0,5
3384207076,3339929674,12,40.0,5
3339929674,3339929667,12,40.0,5
3339929667,3339929659,12,40.0,5
3339929659,1307347933,12,40.0,5
1307347933,665267666,12,40.0,5
665267666,9462080170,12,40.0,5
9462080170,9462080171,12,40.0,5
9462080171,9462080182,12,40.0,5
9462080182,662326592,12,40.0,5
662326592,665267668,12,40.0,5
665267668,1307347931,12,40.0,5
1307347931,9462080172,12,40.0,5
9462080172,662326567,12,40.0,5
662326567,675748905,12,40.0,5
675748905,662337895,12,40.0,5
662337895,3150421789,12,40.0,5
3150421789,9740502144,12,40.0,5
9740502144,1235779732,12,40.0,5
1235779732,5626788313,12,40.0,5
5626788313,13690640952,12,40.0,5
13690640952,2143715448,12,40.0,5
2143715448,9437289601,12,40.0,5
9437289601,9740502145,12,40.0,5
9740502145,5626788310,12,40.0,5
5626788310,674684720,12,40.0,5
674684720,3172209320,12,40.0,5
3172209320,6177038727,12,40.0,5
6177038727,652533088,12,40.0,5
652533088,1307348559,12,40.0,5
1307348559,2131864641,12,40.0,5
2131864641,9740502147,12,40.0,5
9740502147,13386900173,12,40.0,5
13386900173,3550884978,12,40.0,5
3550884978,12106210808,12,40.0,5
12106210808,3550884980,12,40.0,5
3550884980,12106210811,12,40.0,5
12106210811,2034243040,12,40.0,5
2034243040,4944691776,12,40.0,5
4944691776,3993522046,12,40.0,5
3993522046,3172209416,12,40.0,5
3172209416,4817223853,12,40.0,5
4817223853,13386900170,12,40.0,5
13386900170,13386900172,12,40.0,5
13386900172,13386900171,12,40.0,5
13386900171,3172210944,12,40.0,5
3172210944,13386900165,12,40.0,5
13386900165,13386900164,12,40.0,5
13386900164,1235750071,12,40.0,5
1235750071,10219043289,12,40.0,5
10219043289,10219043290,12,40.0,5
10219043290,10219043315,12,40.0,5
10219043315,13386900166,12,40.0,5
13386900166,10219043306,12,40.0,5
10219043306,10219043316,12,40.0,5
10219043316,10219043261,12,40.0,5
10219043261,13386900167,12,40.0,5
13386900167,1307349765,12,40.0,5
1307349765,12749932627,12,40.0,5
12749932627,10219043260,12,40.0,5
10219043260,6231247489,12,40.0,5
6231247489,3340954396,12,40.0,5
3340954396,258030070,12,40.0,5
258030070,267078998,12,40.0,5
267078998,2143718074,12,40.0,5
2143718074,683787618,12,40.0,5
683787618,10219043266,12,40.0,5
10219043266,5340860654,12,40.0,5
5340860654,267079000,12,40.0,5
267079000,267079001,12,40.0,5
267079001,5340860651,12,40.0,5
5340860651,1307349909,12,40.0,5
1307349909,683787604,12,40.0,5
683787604,10219043268,12,40.0,5
10219043268,6230908841,12,40.0,5
6230908841,663702761,12,40.0,5
663702761,5340860643,12,40.0,5
5340860643,7625469735,12,40.0,5
7625469735,663702763,12,40.0,5
663702763,663702764,12,40.0,5
663702764,662383567,12,40.0,5
662383567,3891764680,12,40.0,5
3891764680,3891764679,12,40.0,5
3891764679,5340860640,12,40.0,5
5340860640,618530936,12,40.0,5
618530936,683784060,12,40.0,5
683784060,12830317438,12,40.0,5
12830317438,618530939,12,40.0,5
618530939,683784046,12,40.0,5
683784046,618530940,12,40.0,5
618530940,618530941,12,40.0,5
618530941,5340860659,12,40.0,5
5340860659,618530943,12,40.0,5
618530943,5340854080,12,40.0,5
5340854080,618530944,12,40.0,5
618530944,14237926032,12,40.0,5
14237926032,14237926031,12,40.0,5
14237926031,14237926028,12,40.0,5
14237926028,1673532926,12,40.0,5
1673532926,5340854085,12,40.0,5
5340854085,618530947,12,40.0,5
618530947,4998134206,12,40.0,5
4998134206,618530948,12,40.0,5
618530948,14237926020,12,40.0,5
14237926020,618530950,12,40.0,5
618530950,14237926027,12,40.0,5
14237926027,14237926023,12,40.0,5
14237926023,14237926025,12,40.0,5
14237926025,5340854089,12,40.0,5
5340854089,683786366,12,40.0,5
683786366,683784059,12,40.0,5
683784059,618530955,12,40.0,5
618530955,683788969,12,40.0,5
683788969,4692186207,12,40.0,5
4692186207,618530958,12,40.0,5
618530958,618530960,12,40.0,5
618530960,14237926036,12,40.0,5
14237926036,5627560762,12,40.0,5
5627560762,4692184302,12,40.0,5
4692184302,618530962,12,40.0,5
618530962,5290309673,12,40.0,5
5290309673,618530964,12,40.0,5
618530964,618530965,12,40.0,5
618530965,12857692625,12,40.0,5
12857692625,14237926045,12,40.0,5
14237926045,14237926044,12,40.0,5
14237926044,3804259535,12,40.0,5
3804259535,14233448190,12,40.0,5
14233448190,696522394,12,40.0,5
696522394,14233448192,12,40.0,5
14233448192,696519991,12,40.0,5
696519991,14237926052,12,40.0,5
14237926052,5057792828,12,40.0,5
5057792828,618531414,12,40.0,5
618531414,5057792830,12,40.0,5
5057792830,1144975877,12,40.0,5
1144975877,5057792789,12,40.0,5
5057792789,696519986,12,40.0,5
696519986,5057792788,12,40.0,5
5057792788,5057792783,12,40.0,5
644620386,644620385,12,40.0,5
644620385,644620384,12,40.0,5
644620384,644620383,12,40.0,5
644620383,644620382,12,40.0,5
644620382,3742229765,12,40.0,5
3742229765,7455995475,12,40.0,5
7455995475,6219761748,12,40.0,5
6219761748,127658727,12,40.0,5
127658727,667762952,12,40.0,5
667762952,268931129,12,40.0,5
268931129,10208899032,12,40.0,5
10208899032,667775913,12,40.0,5
667775913,13695007793,12,40.0,5
13695007793,13701084906,12,40.0,5
13701084906,4086332055,12,40.0,5
4086332055,667775940,12,40.0,5
667775940,4952412304,12,40.0,5
4952412304,127658642,12,40.0,5
127658642,10660932988,12,40.0,5
10660932988,4324726612,12,40.0,5
4324726612,10660932971,12,40.0,5
10660932971,7936231203,12,40.0,5
7936231203,10660932979,12,40.0,5
10660932979,6991558493,12,40.0,5
6991558493,10660932969,12,40.0,5
10660932969,10660932968,12,40.0,5
10660932968,10660932981,12,40.0,5
10660932981,10660932983,12,40.0,5
10660932983,10660932967,12,40.0,5
10660932967,10660932985,12,40.0,5
10660932985,13695902260,12,40.0,5
13695902260,10660932986,12,40.0,5
10660932986,10660932961,12,40.0,5
10660932961,10660932958,12,40.0,5
10660932958,10660932959,12,40.0,5
10660932959,4086342990,12,40.0,5
4086342990,12749932608,12,40.0,5
12749932608,10660932990,12,40.0,5
10660932990,10660932955,12,40.0,5
10660932955,10660933002,12,40.0,5
10660933002,10660932954,12,40.0,5
10660932954,10660932951,12,40.0,5
10660932951,10660932993,12,40.0,5
10660932993,10660932949,12,40.0,5
10660932949,10660932947,12,40.0,5
10660932947,13657034978,12,40.0,5
13657034978,10660932946,12,40.0,5
10660932946,10660932995,12,40.0,5
10660932995,10660932998,12,40.0,5
10660932998,13727994363,12,40.0,5
13727994363,10660932941,12,40.0,5
10660932941,10660932944,12,40.0,5
10660932944,10660933003,12,40.0,5
10660933003,10660933004,12,40.0,5
10660933004,10660932938,12,40.0,5
10660932938,13675767836,12,40.0,5
13675767836,10660933000,12,40.0,5
10660933000,10660932934,12,40.0,5
10660932934,13672737493,12,40.0,5
13672737493,10660932932,12,40.0,5
10660932932,10660932931,12,40.0,5
10660932931,10660933405,12,40.0,5
10660933405,10660932930,12,40.0,5
10660932930,13672737486,12,40.0,5
13672737486,13672737473,12,40.0,5
13672737473,13672737470,12,40.0,5
13672737470,10660932927,12,40.0,5
10660932927,13672737489,12,40.0,5
13672737489,10660932924,12,40.0,5
10660932924,10660932923,12,40.0,5
10660932923,13690509391,12,40.0,5
13690509391,10660932920,12,40.0,5
10660932920,10660932918,12,40.0,5
10660932918,10660933407,12,40.0,5
10660933407,10660932917,12,40.0,5
10660932917,10660932914,12,40.0,5
10660932914,4980213686,12,40.0,5
4980213686,1307347927,12,40.0,5
1307347927,9462080176,12,40.0,5
9462080176,9695346255,12,40.0,5
9695346255,4980213685,12,40.0,5
4980213685,9462080182,12,40.0,5
662337895,775415208,12,40.0,5
775415208,13683965573,12,40.0,5
13683965573,3339929658,12,40.0,5
3339929658,9465149147,12,40.0,5
9465149147,9465149149,12,40.0,5
9465149149,635117662,12,40.0,5
635117662,2066330708,12,40.0,5
2066330708,9740502143,12,40.0,5
9740502143,3937915247,12,40.0,5
3937915247,13684023303,12,40.0,5
13684023303,2077727759,12,40.0,5
2077727759,253022588,12,40.0,5
253022588,3944871340,12,40.0,5
3944871340,6233418802,12,40.0,5
6233418802,662901136,12,40.0,5
662901136,253022586,12,40.0,5
253022586,3150402309,12,40.0,5
3150402309,2668636316,12,40.0,5
2668636316,3944855490,12,40.0,5
3944855490,2145039482,12,40.0,5
2145039482,11289909421,12,40.0,5
11289909421,10261690658,12,40.0,5
10261690658,645091738,12,40.0,5
645091738,6991385688,12,40.0,5
6991385688,3384207077,12,40.0,5
3384207077,8943920963,12,40.0,5
8943920963,11328438858,12,40.0,5
11328438858,653114167,12,40.0,5
653114167,10261690660,12,40.0,5
10261690660,11328438863,12,40.0,5
11328438863,2668636321,12,40.0,5
2668636321,6530555257,12,40.0,5
6530555257,403875011,12,40.0,5
403875011,10261690663,12,40.0,5
10261690663,3891716343,12,40.0,5
3891716343,10261690665,12,40.0,5
10261690665,10869977167,12,40.0,5
10869977167,682080957,12,40.0,5
682080957,682080989,12,40.0,5
682080989,2117504905,12,40.0,5
2117504905,10869977168,12,40.0,5
10869977168,682081004,12,40.0,5
682081004,10261690667,12,40.0,5
10261690667,682081029,12,40.0,5
682081029,6991394868,12,40.0,5
6991394868,1128189093,12,40.0,5
1128189093,9824751937,12,40.0,5
9824751937,9824751936,12,40.0,5
9824751936,13543759949,12,40.0,5
13543759949,10261690669,12,40.0,5
10261690669,61802500,12,40.0,5
61802500,13543759943,12,40.0,5
13543759943,13543759942,12,40.0,5
13543759942,13543759937,12,40.0,5
13543759937,682080758,12,40.0,5
682080758,10261690680,12,40.0,5
10261690680,635914018,12,40.0,5
635914018,10261690675,12,40.0,5
10261690675,2091860038,12,40.0,5
2091860038,13546695596,12,40.0,5
13546695596,618532479,12,40.0,5
618532479,10261690683,12,40.0,5
10261690683,2096504862,12,40.0,5
2096504862,13546701911,12,40.0,5
13546701911,10261690685,12,40.0,5
10261690685,653148593,12,40.0,5
653148593,3666936412,12,40.0,5
3666936412,653148589,12,40.0,5
653148589,653148590,12,40.0,5
653148590,1863416593,12,40.0,5
1863416593,619224226,12,40.0,5
619224226,10261690690,12,40.0,5
10261690690,1131883006,12,40.0,5
1131883006,7461915482,12,40.0,5
7461915482,10261690692,12,40.0,5
10261690692,653145885,12,40.0,5
653145885,10268955091,12,40.0,5
10268955091,3645629490,12,40.0,5
3645629490,653145895,12,40.0,5
653145895,1131882969,12,40.0,5
1131882969,1131882979,12,40.0,5
1131882979,12373680251,12,40.0,5
12373680251,4422645693,12,40.0,5
4422645693,10261690700,12,40.0,5
10261690700,13655041091,12,40.0,5
13655041091,61802472,12,40.0,5
61802472,10261690705,12,40.0,5
10261690705,1131883011,12,40.0,5
1131883011,13656512984,12,40.0,5
13656512984,10211868382,12,40.0,5
10211868382,13656512968,12,40.0,5
13656512968,8795553567,12,40.0,5
8795553567,3937700937,12,40.0,5
3937700937,1131883001,12,40.0,5
1131883001,13656512970,12,40.0,5
13656512970,13656512969,12,40.0,5
13656512969,3169297690,12,40.0,5
3169297690,7618003245,12,40.0,5
7618003245,1131883007,12,40.0,5
1131883007,2083463944,12,40.0,5
2083463944,13656512976,12,40.0,5
13656512976,13656512975,12,40.0,5
13656512975,9824751940,12,40.0,5
9824751940,9824751939,12,40.0,5
9824751939,3169297688,12,40.0,5
3169297688,1431441533,12,40.0,5
1431441533,4376887556,12,40.0,5
4376887556,4376887557,12,40.0,5
4376887557,61802550,12,40.0,5
61802550,4376887553,12,40.0,5
4376887553,4376887551,12,40.0,5
4376887551,253022456,12,40.0,5
253022456,13656611454,12,40.0,5
13656611454,13656611453,12,40.0,5
13656611453,13656611452,12,40.0,5
13656611452,13656611451,12,40.0,5
13656611451,13656611449,12,40.0,5
13656611449,1134621962,12,40.0,5
1134621962,1134621871,12,40.0,5
1134621871,13656611446,12,40.0,5
13656611446,13656611448,12,40.0,5
13656611448,13656611447,12,40.0,5
13656611447,3169306461,12,40.0,5
3169306461,1133127064,12,40.0,5
1133127064,13656611445,12,40.0,5
13656611445,13656611444,12,40.0,5
13656611444,13656611443,12,40.0,5
13656611443,1133127177,12,40.0,5
1133127177,13656611441,12,40.0,5
13656611441,13656611442,12,40.0,5
13656611442,324997824,12,40.0,5
324997824,13656611439,12,40.0,5
13656611439,2499021382,12,40.0,5
2499021382,2499021383,12,40.0,5
2499021383,13656611440,12,40.0,5
13656611440,666640453,12,40.0,5
666640453,2499021384,12,40.0,5
2499021384,324998173,12,40.0,5
324998173,1924772422,12,40.0,5
1924772422,4388603893,12,40.0,5
4388603893,4388603892,12,40.0,5
4388603892,4388603898,12,40.0,5
4388603898,4388603897,12,40.0,5
4388603897,2499137348,12,40.0,5
2499137348,3431855185,12,40.0,5
3431855185,4388603896,12,40.0,5
4388603896,6260859992,12,40.0,5
6260859992,6260859991,12,40.0,5
6260859991,6260859993,12,40.0,5
6260859993,6260859990,12,40.0,5
6260859990,3431855631,12,40.0,5
3431855631,3431855603,12,40.0,5
3431855603,3431855605,12,40.0,5
3431855605,3431855616,12,40.0,5
3431855616,3431855646,12,40.0,5
3431855646,3431855633,12,40.0,5
3431855633,3431855608,12,40.0,5
3431855608,3431855649,12,40.0,5
3431855649,3431855619,12,40.0,5
3431855619,6260860013,12,40.0,5
6260860013,3431855654,12,40.0,5
3431855654,3431855612,12,40.0,5
3431855612,325009600,12,40.0,5
325009600,6260860012,12,40.0,5
6260860012,324997826,12,40.0,5
324997826,2499022287,12,40.0,5
2499022287,2499022285,12,40.0,5
2499022285,3431855610,12,40.0,5
3431855610,666640460,12,40.0,5
666640460,6260860011,12,40.0,5
6260860011,6260860010,12,40.0,5
6260860010,6260860009,12,40.0,5
6260860009,6260860008,12,40.0,5
6260860008,6260860007,12,40.0,5
6260860007,6260860006,12,40.0,5
6260860006,3431855623,12,40.0,5
3431855623,2499050272,12,40.0,5
2499050272,3431855630,12,40.0,5
3431855630,3431855189,12,40.0,5
3431855189,2505983144,12,40.0,5
2505983144,2505983162,12,40.0,5
2505983162,3431855593,12,40.0,5
3431855593,6260859997,12,40.0,5
6260859997,6260859998,12,40.0,5
6260859998,3431855607,12,40.0,5
3431855607,6260859996,12,40.0,5
6260859996,6260860000,12,40.0,5
6260860000,6260859999,12,40.0,5
6260859999,2499048601,12,40.0,5
2499048601,4621924231,12,40.0,5
4621924231,1475786193,12,40.0,5
1475786193,324997622,12,40.0,5
324997622,2074257296,12,40.0,5
2074257296,10244009190,12,40.0,5
10244009190,1475786197,12,40.0,5
1475786197,6438787902,12,40.0,5
6438787902,10244009182,12,40.0,5
10244009182,7041160815,12,40.0,5
7041160815,2074257343,12,40.0,5
2074257343,7041160814,12,40.0,5
7041160814,324997107,12,40.0,5
324997107,13664978273,12,40.0,5
13664978273,621170225,12,40.0,5
621170225,13664978274,12,40.0,5
13664978274,3403175007,12,40.0,5
3403175007,13664978276,12,40.0,5
13664978276,324996070,12,40.0,5
324996070,13664978275,12,40.0,5
13664978275,4621924226,12,40.0,5
4621924226,3403175022,12,40.0,5
3403175022,6509467592,12,40.0,5
6509467592,6509467591,12,40.0,5
6509467591,4152530101,12,40.0,5
4152530101,6509467594,12,40.0,5
6509467594,4152530745,12,40.0,5
4152530745,3403175009,12,40.0,5
3403175009,621170222,12,40.0,5
621170222,324999764,12,40.0,5
324999764,3403175003,12,40.0,5
3403175003,4152531591,12,40.0,5
4152531591,324999762,12,40.0,5
324999762,2074249100,12,40.0,5
2074249100,4196927290,12,40.0,5
4196927290,324999761,12,40.0,5
324999761,5650392437,12,40.0,5
5650392437,324999760,12,40.0,5
324999760,2074249088,12,40.0,5
2074249088,324999759,12,40.0,5
324999759,5650392432,12,40.0,5
5650392432,324999757,12,40.0,5
324999757,5650390810,12,40.0,5
5650390810,324999756,12,40.0,5
324999756,324999755,12,40.0,5
324999755,621175120,12,40.0,5
621175120,324999754,12,40.0,5
324999754,4194792386,12,40.0,5
4194792386,4196524349,12,40.0,5
4196524349,324999752,12,40.0,5
324999752,324999750,12,40.0,5
324999750,324999749,12,40.0,5
324999749,324999748,12,40.0,5
324999748,324999747,12,40.0,5
324999747,2074249086,12,40.0,5
2074249086,324999745,12,40.0,5
324999745,324999744,12,40.0,5
324999744,324999743,12,40.0,5
324999743,4196524570,12,40.0,5
4196524570,324999742,12,40.0,5
324999742,324999741,12,40.0,5
324999741,324999739,12,40.0,5
324999739,324999738,12,40.0,5
324999738,324999736,12,40.0,5
324999736,324999735,12,40.0,5
324999735,324999734,12,40.0,5
324999734,2074249096,12,40.0,5
2074249096,4195262568,12,40.0,5
4195262568,324999732,12,40.0,5
324999732,324999731,12,40.0,5
324999731,324999730,12,40.0,5
324999730,3403245218,12,40.0,5
3403245218,324999728,12,40.0,5
324999728,4195231667,12,40.0,5
4195231667,403842085,12,40.0,5
403842085,3403166845,12,40.0,5
3403166845,403842083,12,40.0,5
403842083,3403166844,12,40.0,5
3403166844,3403166846,12,40.0,5
3403166846,403842081,12,40.0,5
403842081,4195231446,12,40.0,5
4195231446,4195231441,12,40.0,5
4195231441,4195231421,12,40.0,5
4195231421,4195231283,12,40.0,5
4195231283,4195231260,12,40.0,5
4195231260,4195231230,12,40.0,5
4195231230,4195231192,12,40.0,5
4195231192,4195231175,12,40.0,5
4195231175,4195262197,12,40.0,5
4195262197,4195231152,12,40.0,5
4195231152,4195231102,12,40.0,5
4195231102,4195230977,12,40.0,5
4195230977,4195230962,12,40.0,5
4195230962,4195230938,12,40.0,5
4195230938,4195230892,12,40.0,5
4195230892,3403245249,12,40.0,5
3403245249,3403245248,12,40.0,5
3403245248,4195162881,12,40.0,5
4195162881,3403245247,12,40.0,5
3403245247,3403245246,12,40.0,5
3403245246,4195162878,12,40.0,5
4195162878,4195162877,12,40.0,5
4195162877,4195162876,12,40.0,5
4195162876,3403245245,12,40.0,5
3403245245,3403245244,12,40.0,5
3403245244,3403245243,12,40.0,5
3403245243,4195162869,12,40.0,5
4195162869,3403245242,12,40.0,5
3403245242,3403245241,12,40.0,5
3403245241,4195162865,12,40.0,5
4195162865,4195162857,12,40.0,5
4195162857,4195162850,12,40.0,5
4195162850,4195162852,12,40.0,5
4195162852,4195162856,12,40.0,5
4195162856,4195162863,12,40.0,5
4195162863,3403245092,12,40.0,5
3403245092,4195162870,12,40.0,5
4195162870,3403245091,12,40.0,5
13161892138,13161892137,12,40.0,5
13161892137,7884277309,12,40.0,5
7884277309,7884277308,12,40.0,5
7884277308,7884277313,12,40.0,5
7884277313,7884277310,12,40.0,5
7884277310,7884277312,12,40.0,5
7884277312,7884277311,12,40.0,5
7884277311,7884277314,12,40.0,5
7884277314,7884277315,12,40.0,5
7884277315,7884277316,12,40.0,5
7884277316,2826701858,12,40.0,5
2826701858,7884277317,12,40.0,5
7884277317,10294712739,12,40.0,5
10294712739,324703461,12,40.0,5
324703461,5904513458,12,40.0,5
5904513458,12543026776,12,40.0,5
12543026776,12543026777,12,40.0,5
12543026777,12543026778,12,40.0,5
12543026778,5904513461,12,40.0,5
5904513461,5904513479,12,40.0,5
5904513479,2095726275,12,40.0,5
2095726275,5904513482,12,40.0,5
5904513482,654172190,12,40.0,5
654172190,403816067,12,40.0,5
403816067,11135445520,12,40.0,5
11135445520,5904513391,12,40.0,5
5904513391,11135445521,12,40.0,5
11135445521,10260948475,12,40.0,5
10260948475,3668778566,12,40.0,5
3668778566,5904513396,12,40.0,5
5904513396,5904513433,12,40.0,5
5904513433,5904513412,12,40.0,5
5904513412,6689144279,12,40.0,5
6689144279,10260948467,12,40.0,5
10260948467,6689144280,12,40.0,5
6689144280,6689144274,12,40.0,5
6689144274,6689144281,12,40.0,5
6689144281,10260948465,12,40.0,5
10260948465,5904513428,12,40.0,5
5904513428,10260948463,12,40.0,5
10260948463,13728044668,12,40.0,5
13728044668,13358818474,12,40.0,5
13358818474,10241722490,12,40.0,5
10241722490,10260948461,12,40.0,5
10260948461,3073680158,12,40.0,5
3073680158,5904513427,12,40.0,5
5904513427,5904513426,12,40.0,5
5904513426,5904513425,12,40.0,5
5904513425,5904513424,12,40.0,5
5904513424,5904513423,12,40.0,5
5904513423,10260948459,12,40.0,5
10260948459,5904513422,12,40.0,5
5904513422,5904513436,12,40.0,5
5904513436,5904513421,12,40.0,5
5904513421,10260948457,12,40.0,5
10260948457,13691923506,12,40.0,5
13691923506,13692027146,12,40.0,5
13692027146,5904513420,12,40.0,5
5904513420,5904513419,12,40.0,5
5904513419,11578034509,12,40.0,5
11578034509,5904513418,12,40.0,5
5904513418,13653400402,12,40.0,5
13653400402,5904513417,12,40.0,5
5904513417,13653400403,12,40.0,5
13653400403,10268955074,12,40.0,5
10268955074,6407621053,12,40.0,5
6407621053,6103432105,12,40.0,5
6103432105,3307476616,12,40.0,5
3307476616,619227144,12,40.0,5
619227144,3191709668,12,40.0,5
3191709668,10268955079,12,40.0,5
10268955079,13653387189,12,40.0,5
13653387189,619227153,12,40.0,5
619227153,12650381429,12,40.0,5
12650381429,13653400407,12,40.0,5
13653400407,13653400408,12,40.0,5
13653400408,1428433296,12,40.0,5
1428433296,13653400409,12,40.0,5
13653400409,13653400410,12,40.0,5
13653400410,14178940612,12,40.0,5
14178940612,1428433291,12,40.0,5
1428433291,13675115005,12,40.0,5
13675115005,312919633,12,40.0,5
312919633,3922514394,12,40.0,5
3922514394,2320511891,12,40.0,5
2320511891,3937907435,12,40.0,5
3937907435,13663675024,12,40.0,5
13663675024,1428433287,12,40.0,5
1428433287,13663630398,12,40.0,5
13663630398,668963648,12,40.0,5
668963648,9075697858,12,40.0,5
191814043,9740502121,12,40.0,5
9740502121,3993575752,12,40.0,5
3993575752,191815143,12,40.0,5
191815143,1128192988,12,40.0,5
1128192988,13695447819,12,40.0,5
13695447819,191815255,12,40.0,5
191815255,191815341,12,40.0,5
191815341,253727545,12,40.0,5
253727545,191815412,12,40.0,5
191815412,642971783,12,40.0,5
642971783,11621884701,12,40.0,5
11621884701,662305991,12,40.0,5
662305991,269351938,12,40.0,5
269351938,13728005228,12,40.0,5
13728005228,2034206238,12,40.0,5
2034206238,6991301227,12,40.0,5
6991301227,673996054,12,40.0,5
673996054,1144959883,12,40.0,5
1144959883,11578128619,12,40.0,5
11578128619,8585430745,12,40.0,5
8585430745,8585430746,12,40.0,5
8585430746,8585430747,12,40.0,5
670271564,670271556,12,40.0,5
670271556,670271570,12,40.0,5
670271570,4191853169,12,40.0,5
4191853169,252537801,12,40.0,5
252537801,642959667,12,40.0,5
642959667,6661830263,12,40.0,5
6661830263,670269044,12,40.0,5
670269044,670269058,12,40.0,5
670269058,642959802,12,40.0,5
642959802,252537800,12,40.0,5
252537800,3702128038,12,40.0,5
3702128038,252537942,12,40.0,5
252537942,1144959922,12,40.0,5
1144959922,3707449925,12,40.0,5
3707449925,3707449815,12,40.0,5
3707449815,639689279,12,40.0,5
639689279,3354645297,12,40.0,5
3354645297,3354645304,12,40.0,5
3354645304,3354645321,12,40.0,5
3354645321,250731036,12,40.0,5
250731036,10216158822,12,40.0,5
10216158822,3707449810,12,40.0,5
3707449810,642959784,12,40.0,5
642959784,672814559,12,40.0,5
672814559,2444108600,12,40.0,5
2444108600,250731035,12,40.0,5
250731035,2444108604,12,40.0,5
2444108604,4032650236,12,40.0,5
4032650236,2444108601,12,40.0,5
2444108601,2444108602,12,40.0,5
2444108602,250731034,12,40.0,5
250731034,2444108603,12,40.0,5
2444108603,2444108605,12,40.0,5
2444108605,642959785,12,40.0,5
642959785,10216158823,12,40.0,5
10216158823,672814606,12,40.0,5
672814606,2527564182,12,40.0,5
2527564182,642959793,12,40.0,5
642959793,250731033,12,40.0,5
250731033,4032631656,12,40.0,5
4032631656,2527564183,12,40.0,5
2527564183,673885532,12,40.0,5
673885532,2444108599,12,40.0,5
2444108599,6661818314,12,40.0,5
6661818314,2444108597,12,40.0,5
2444108597,2444108598,12,40.0,5
2444108598,10718021427,12,40.0,5
10718021427,250731032,12,40.0,5
250731032,672814599,12,40.0,5
672814599,2444061421,12,40.0,5
2444061421,10216158824,12,40.0,5
10216158824,275524524,12,40.0,5
275524524,10259065907,12,40.0,5
10259065907,10259081710,12,40.0,5
10259081710,679019393,12,40.0,5
679019393,4858063259,12,40.0,5
4858063259,3702126198,12,40.0,5
3702126198,3702126199,12,40.0,5
3702126199,266907767,12,40.0,5
266907767,672814587,12,40.0,5
672814587,250731031,12,40.0,5
250731031,2527564185,12,40.0,5
2527564185,10216158825,12,40.0,5
10216158825,2527564184,12,40.0,5
2527564184,266907769,12,40.0,5
266907769,2444061399,12,40.0,5
2444061399,7645422500,12,40.0,5
7645422500,621805068,12,40.0,5
621805068,4962837094,12,40.0,5
4962837094,672814569,12,40.0,5
672814569,621805060,12,40.0,5
621805060,672814575,12,40.0,5
672814575,3354645310,12,40.0,5
3354645310,621805055,12,40.0,5
621805055,2101199239,12,40.0,5
2101199239,2101199225,12,40.0,5
2101199225,672817127,12,40.0,5
672817127,10216158826,12,40.0,5
10216158826,4962837082,12,40.0,5
4962837082,256181178,12,40.0,5
256181178,6661635262,12,40.0,5
6661635262,679012519,12,40.0,5
679012519,13136690878,12,40.0,5
13136690878,252537815,12,40.0,5
252537815,4180035928,12,40.0,5
4180035928,639689208,12,40.0,5
639689208,4180054329,12,40.0,5
4180054329,4180044116,12,40.0,5
4180044116,10216158828,12,40.0,5
10216158828,5490514284,12,40.0,5
5490514284,275524670,12,40.0,5
275524670,4180042745,12,40.0,5
4180042745,4180042743,12,40.0,5
4180042743,13136690877,12,40.0,5
13136690877,10216158829,12,40.0,5
10216158829,4180042744,12,40.0,5
4180042744,10216158830,12,40.0,5
10216158830,2444061412,12,40.0,5
2444061412,1144959937,12,40.0,5
1144959937,252537811,12,40.0,5
252537811,13695412066,12,40.0,5
13695412066,674059424,12,40.0,5
674059424,13695412067,12,40.0,5
13695412067,674059423,12,40.0,5
674059423,674059403,12,40.0,5
674059403,644621600,12,40.0,5
644621600,4180045975,12,40.0,5
4180045975,252537809,12,40.0,5
252537809,4180045976,12,40.0,5
4180045976,4177494002,12,40.0,5
4177494002,10216158831,12,40.0,5
10216158831,252537808,12,40.0,5
252537808,4177493993,12,40.0,5
4177493993,4177495986,12,40.0,5
4177495986,10216158832,12,40.0,5
10216158832,252537807,12,40.0,5
252537807,13695412063,12,40.0,5
13695412063,10216158833,12,40.0,5
10216158833,252537806,12,40.0,5
252537806,13727994392,12,40.0,5
13727994392,269351934,12,40.0,5
269351934,13727994391,12,40.0,5
13727994391,13727994390,12,40.0,5
13727994390,10216158834,12,40.0,5
10216158834,5217865782,12,40.0,5
5217865782,13695751609,12,40.0,5
13695751609,13695751606,12,40.0,5
13695751606,13695751608,12,40.0,5
13695751608,10217285592,12,40.0,5
10217285592,6289234290,12,40.0,5
6289234290,9740487212,12,40.0,5
9740487212,621816440,12,40.0,5
621816440,14144687976,12,40.0,5
662901136,7037323366,12,40.0,5
7037323366,3944871327,12,40.0,5
3944871327,6233418790,12,40.0,5
6233418790,10768576904,12,40.0,5
10768576904,13684023307,12,40.0,5
13684023307,1985256177,12,40.0,5
1985256177,3646111619,12,40.0,5
3646111619,13684023309,12,40.0,5
13684023309,618542191,12,40.0,5
618542191,3646111621,12,40.0,5
3646111621,3384020355,12,40.0,5
3384020355,6233414067,12,40.0,5
6233414067,13683648298,12,40.0,5
13683648298,3646111624,12,40.0,5
3646111624,619297623,12,40.0,5
619297623,7043382050,12,40.0,5
7043382050,4967065459,12,40.0,5
4967065459,3150394233,12,40.0,5
3150394233,10008475586,12,40.0,5
10008475586,13684023333,12,40.0,5
13684023333,5220461443,12,40.0,5
5220461443,3191696092,12,40.0,5
3191696092,2094306187,12,40.0,5
2094306187,5785426875,12,40.0,5
5785426875,5785426862,12,40.0,5
5785426862,13683965527,12,40.0,5
13683965527,13712828150,12,40.0,5
13712828150,681782551,12,40.0,5
681782551,681803240,12,40.0,5
681803240,635914019,12,40.0,5
635914019,13683965533,12,40.0,5
13683965533,3646111627,12,40.0,5
3646111627,11289909403,12,40.0,5
11289909403,11289909398,12,40.0,5
11289909398,13692027145,12,40.0,5
13692027145,671432770,12,40.0,5
671432770,13692027140,12,40.0,5
13692027140,619274598,12,40.0,5
619274598,10555850725,12,40.0,5
10555850725,681899040,12,40.0,5
681899040,3646111630,12,40.0,5
3646111630,681871970,12,40.0,5
681871970,10243703012,12,40.0,5
10243703012,3155589780,12,40.0,5
3155589780,6233578621,12,40.0,5
6233578621,5782039091,12,40.0,5
5782039091,5782039078,12,40.0,5
5782039078,13663630378,12,40.0,5
13663630378,663253007,12,40.0,5
663253007,6233578609,12,40.0,5
6233578609,6233616394,12,40.0,5
6233616394,663253013,12,40.0,5
663253013,1428433274,12,40.0,5
1428433274,6233600981,12,40.0,5
6233600981,6233600982,12,40.0,5
6233600982,663253092,12,40.0,5
663253092,3702799968,12,40.0,5
3702799968,3073680177,12,40.0,5
3073680177,1428433280,12,40.0,5
1428433280,1428433283,12,40.0,5
1428433283,10555850731,12,40.0,5
10555850731,3136316335,12,40.0,5
3136316335,5261493138,12,40.0,5
5261493138,13676744671,12,40.0,5
13676744671,3799736771,12,40.0,5
3799736771,10181862343,12,40.0,5
10181862343,3073680175,12,40.0,5
3073680175,13675115017,12,40.0,5
13675115017,10555850732,12,40.0,5
10555850732,3799898162,12,40.0,5
3799898162,10555850733,12,40.0,5
10555850733,12006424013,12,40.0,5
12006424013,11578007864,12,40.0,5
11578007864,13653171319,12,40.0,5
13653171319,3538138495,12,40.0,5
3538138495,3556443371,12,40.0,5
3556443371,10268955046,12,40.0,5
10268955046,3538180787,12,40.0,5
3538180787,13653285288,12,40.0,5
13653285288,13653285289,12,40.0,5
13653285289,3538150716,12,40.0,5
3538150716,619259627,12,40.0,5
619259627,6277581690,12,40.0,5
6277581690,11328709166,12,40.0,5
11328709166,619259630,12,40.0,5
619259630,13676744636,12,40.0,5
13676744636,13676744642,12,40.0,5
13676744642,13676744635,12,40.0,5
13676744635,13676744638,12,40.0,5
13676744638,13676744637,12,40.0,5
13676744637,9291504364,12,40.0,5
9291504364,9291504365,12,40.0,5
9291504365,9291504357,12,40.0,5
9291504357,9291504366,12,40.0,5
9291504366,9291504367,12,40.0,5
9291504367,9291504361,12,40.0,5
9291504361,9291504362,12,40.0,5
9291504362,13676744643,12,40.0,5
13676744643,7461966816,12,40.0,5
7461966816,13676744647,12,40.0,5
13676744647,13676891358,12,40.0,5
13676891358,13676891357,12,40.0,5
13676891357,9291504374,12,40.0,5
9291504374,9291504375,12,40.0,5
9291504375,9291504376,12,40.0,5
9291504376,9291504377,12,40.0,5
9291504377,13676891368,12,40.0,5
13676891368,13676891369,12,40.0,5
13676891369,13676891372,12,40.0,5
13676891372,619259646,12,40.0,5
619259646,13676891377,12,40.0,5
13676891377,3073676027,12,40.0,5
3073676027,13676891376,12,40.0,5
13676891376,1252119150,12,40.0,5
1252119150,619260398,12,40.0,5
619260398,403816037,12,40.0,5
403816037,1252119151,12,40.0,5
1252119151,403816035,12,40.0,5
403816035,2342928348,12,40.0,5
2342928348,403816034,12,40.0,5
403816034,3073676026,12,40.0,5
3073676026,1252119243,12,40.0,5
1252119243,91031771,12,40.0,5
91031771,13676883758,12,40.0,5
13676883758,91032438,12,40.0,5
91032438,324701832,12,40.0,5
324701832,8733983676,12,40.0,5
8733983676,8733983678,12,40.0,5
8733983678,3816444773,12,40.0,5
3816444773,9483005846,12,40.0,5
9483005846,3816444774,12,40.0,5
3816444774,3816444776,12,40.0,5
3816444776,3816444777,12,40.0,5
3816444777,9483005847,12,40.0,5
9483005847,9483005848,12,40.0,5
9483005848,9483005849,12,40.0,5
9483005849,9483005850,12,40.0,5
9483005850,3816444779,12,40.0,5
3816444779,9483005851,12,40.0,5
9483005851,3816444781,12,40.0,5
3816444781,9483005852,12,40.0,5
9483005852,3816444769,12,40.0,5
3816444769,2830957526,12,40.0,5
2830957526,9483005838,12,40.0,5
9483005838,9396199877,12,40.0,5
9396199877,403815985,12,40.0,5
403815985,9485258131,12,40.0,5
9485258131,2394815239,12,40.0,5
2394815239,403815991,12,40.0,5
403815991,3187946397,12,40.0,5
3187946397,3187946396,12,40.0,5
3187946396,3187946398,12,40.0,5
3187946398,403815992,12,40.0,5
403815992,403815993,12,40.0,5
403815993,682652870,12,40.0,5
682652870,403815994,12,40.0,5
403815994,403816020,12,40.0,5
403816020,403816023,12,40.0,5
403816023,403816024,12,40.0,5
403816024,3187945994,12,40.0,5
5534670663,5534670662,12,40.0,5
5534670662,5635154144,12,40.0,5
5635154144,3504289827,12,40.0,5
3504289827,674943816,12,40.0,5
674943816,5635154180,12,40.0,5
5635154180,3504289834,12,40.0,5
3504289834,256664047,12,40.0,5
256664047,674944070,12,40.0,5
674944070,5635123600,12,40.0,5
5635123600,674943858,12,40.0,5
674943858,670245668,12,40.0,5
670245668,5635145490,12,40.0,5
5635145490,678826842,12,40.0,5
678826842,3774656243,12,40.0,5
3774656243,256664055,12,40.0,5
256664055,678824225,12,40.0,5
678824225,1737490145,12,40.0,5
1737490145,9959089702,12,40.0,5
9959089702,9959089701,12,40.0,5
9959089701,129615942,12,40.0,5
129615942,681218020,12,40.0,5
681218020,13362894519,12,40.0,5
13362894519,681218022,12,40.0,5
681218022,5105293815,12,40.0,5
5105293815,12754796345,12,40.0,5
12754796345,13362894528,12,40.0,5
13362894528,681217999,12,40.0,5
681217999,13362894537,12,40.0,5
13362894537,5373513505,12,40.0,5
5373513505,619959728,12,40.0,5
619959728,275520255,12,40.0,5
275520255,275520232,12,40.0,5
275520232,275520231,12,40.0,5
252537796,4281376844,12,40.0,5
4281376844,4281376693,12,40.0,5
4281376693,4281376843,12,40.0,5
4281376843,1978801478,12,40.0,5
1978801478,3702135218,12,40.0,5
3702135218,6509461547,12,40.0,5
6509461547,5373001758,12,40.0,5
5373001758,3702142140,12,40.0,5
3702142140,252537798,12,40.0,5
252537798,3702142136,12,40.0,5
3702142136,670263266,12,40.0,5
670263266,252537799,12,40.0,5
252537799,252537800,12,40.0,5
252537800,642959802,12,40.0,5
642959802,670269058,12,40.0,5
670269058,670269057,12,40.0,5
670269057,670269055,12,40.0,5
670269055,670269053,12,40.0,5
670269053,670269023,12,40.0,5
670269023,642959801,12,40.0,5
642959801,2135866891,12,40.0,5
10902062158,10902062141,12,40.0,5
10902062141,10902062140,12,40.0,5
10902062140,10902062122,12,40.0,5
10902062122,599131334,12,40.0,5
599131334,3822165615,12,40.0,5
3822165615,5583059978,12,40.0,5
5583059978,635164732,12,40.0,5
635164732,3784224178,12,40.0,5
3784224178,9464216949,12,40.0,5
9464216949,621954107,12,40.0,5
621954107,3822162209,12,40.0,5
3822162209,8557849262,12,40.0,5
8557849262,635164699,12,40.0,5
635164699,5601834797,12,40.0,5
5601834797,635164706,12,40.0,5
635164706,9465149186,12,40.0,5
9465149186,1683151514,12,40.0,5
1683151514,10741219221,12,40.0,5
10741219221,1683151517,12,40.0,5
1683151517,10216153555,12,40.0,5
10216153555,3822164769,12,40.0,5
3822164769,9465149185,12,40.0,5
9465149185,3822164736,12,40.0,5
3822164736,5590849212,12,40.0,5
5590849212,9973749452,12,40.0,5
9973749452,1683151519,12,40.0,5
1683151519,1683146655,12,40.0,5
1683146655,1683151521,12,40.0,5
1683151521,1683151529,12,40.0,5
1683151529,9971831090,12,40.0,5
9971831090,1683151522,12,40.0,5
1683151522,9740487167,12,40.0,5
9740487167,1683151523,12,40.0,5
1683151523,1683146667,12,40.0,5
1683146667,3774751856,12,40.0,5
3774751856,5424881747,12,40.0,5
5424881747,9971831092,12,40.0,5
9971831092,1683151524,12,40.0,5
1683151524,1683151528,12,40.0,5
1683151528,9740487180,12,40.0,5
9740487180,674880272,12,40.0,5
674880272,673918245,12,40.0,5
673918245,5638009264,12,40.0,5
5638009264,674880285,12,40.0,5
674880285,5638009266,12,40.0,5
5638009266,674880248,12,40.0,5
674880248,5638009274,12,40.0,5
5638009274,129616081,12,40.0,5
129616081,678656242,12,40.0,5
678656242,1683204249,12,40.0,5
1683204249,4436506103,12,40.0,5
4436506103,3638330372,12,40.0,5
3638330372,129616067,12,40.0,5
129616067,9740487181,12,40.0,5
9740487181,2000414530,12,40.0,5
2000414530,6260211181,12,40.0,5
6260211181,9740487182,12,40.0,5
9740487182,10889129086,12,40.0,5
10889129086,5152674648,12,40.0,5
5152674648,191816344,12,40.0,5
191816344,673918243,12,40.0,5
673918243,1683204288,12,40.0,5
1683204288,1683204283,12,40.0,5
1683204283,9748084477,12,40.0,5
9748084477,619195352,12,40.0,5
619195352,1676479569,12,40.0,5
1676479569,619195388,12,40.0,5
619195388,4011682732,12,40.0,5
4011682732,4011682733,12,40.0,5
4011682733,4011682730,12,40.0,5
4011682730,4011682731,12,40.0,5
4011682731,639804416,12,40.0,5
639804416,642982028,12,40.0,5
642982028,11282545597,12,40.0,5
11282545597,642982004,12,40.0,5
642982004,11282545600,12,40.0,5
11282545600,3752482620,12,40.0,5
3752482620,9073394132,12,40.0,5
9073394132,904991673,12,40.0,5
904991673,642982079,12,40.0,5
642982079,9073394133,12,40.0,5
9073394133,2000414539,12,40.0,5
2000414539,621835650,12,40.0,5
621835650,6277491049,12,40.0,5
6277491049,9971831094,12,40.0,5
9971831094,1792664495,12,40.0,5
1792664495,642982059,12,40.0,5
642982059,6661681539,12,40.0,5
6661681539,127657624,12,40.0,5
127657624,127657607,12,40.0,5
127657607,642981996,12,40.0,5
642981996,127657595,12,40.0,5
127657595,127657584,12,40.0,5
127657584,127657566,12,40.0,5
127657566,127657490,12,40.0,5
127657490,667757057,12,40.0,5
667757057,2826701436,12,40.0,5
2826701436,2826701437,12,40.0,5
2826701437,127657469,12,40.0,5
127657469,1683204291,12,40.0,5
1683204291,127657461,12,40.0,5
127657461,2826701434,12,40.0,5
2826701434,127657445,12,40.0,5
127657445,191814926,12,40.0,5
191814926,2826701435,12,40.0,5
2826701435,191814865,12,40.0,5
191814865,667759344,12,40.0,5
667759344,191814810,12,40.0,5
191814810,667759347,12,40.0,5
667759347,667759349,12,40.0,5
667759349,621835672,12,40.0,5
621835672,667759351,12,40.0,5
667759351,667760322,12,40.0,5
667760322,2826701440,12,40.0,5
2826701440,667760321,12,40.0,5
667760321,191814745,12,40.0,5
191814745,667760320,12,40.0,5
667760320,191814680,12,40.0,5
191814680,191814591,12,40.0,5
191814591,1683204292,12,40.0,5
1683204292,667760313,12,40.0,5
667760313,191814497,12,40.0,5
191814497,13701084908,12,40.0,5
13701084908,3752466183,12,40.0,5
3752466183,667760315,12,40.0,5
667760315,667760317,12,40.0,5
667760317,667760319,12,40.0,5
667760319,2145055807,12,40.0,5
2145055807,13698236204,12,40.0,5
13698236204,191814403,12,40.0,5
191814403,4513240967,12,40.0,5
4513240967,4513240969,12,40.0,5
253022302,191814043,12,40.0,5
8585430745,4177495971,12,40.0,5
4177495971,254033155,12,40.0,5
254033155,9112065870,12,40.0,5
9112065870,9112065871,12,40.0,5
9112065871,254033156,12,40.0,5
254033156,5637458748,12,40.0,5
5637458748,5637458746,12,40.0,5
5637458746,254033157,12,40.0,5
254033157,254033158,12,40.0,5
254033158,5637458752,12,40.0,5
5637458752,250731016,12,40.0,5
250731016,5637458753,12,40.0,5
5637458753,679017360,12,40.0,5
679017360,679017371,12,40.0,5
679017371,672819063,12,40.0,5
672819063,672819128,12,40.0,5
672819128,672819091,12,40.0,5
672819091,250731014,12,40.0,5
250731014,673067054,12,40.0,5
673067054,3594564351,12,40.0,5
3594564351,3594564348,12,40.0,5
3594564348,3702120825,12,40.0,5
3702120825,3702120624,12,40.0,5
3702120624,673067053,12,40.0,5
673067053,10100382481,12,40.0,5
10100382481,673067055,12,40.0,5
673067055,626493427,12,40.0,5
626493427,626493428,12,40.0,5
626493428,626493430,12,40.0,5
626493430,10100382478,12,40.0,5
10100382478,673067058,12,40.0,5
673067058,10100382477,12,40.0,5
10100382477,626493431,12,40.0,5
626493431,5309894453,12,40.0,5
5309894453,5309894452,12,40.0,5
5309894452,626493432,12,40.0,5
626493432,5309894451,12,40.0,5
5309894451,626493434,12,40.0,5
2131864635,673080425,12,40.0,5
673080425,673080423,12,40.0,5
673080423,673080422,12,40.0,5
673080422,673080421,12,40.0,5
673080421,673080420,12,40.0,5
673080420,8585430965,12,40.0,5
8585430965,10213791458,12,40.0,5
10213791458,8585430967,12,40.0,5
8585430967,673080443,12,40.0,5
673080443,10213598995,12,40.0,5
10213598995,673080444,12,40.0,5
673080444,8585430969,12,40.0,5
8585430969,673080445,12,40.0,5
673080445,10213791459,12,40.0,5
10213791459,8585430970,12,40.0,5
8585430970,673080446,12,40.0,5
673080446,8585430975,12,40.0,5
8585430975,673080447,12,40.0,5
673080447,8585430974,12,40.0,5
8585430974,673080448,12,40.0,5
673080448,2131864633,12,40.0,5
2131864633,3800003061,12,40.0,5
3800003061,8585430971,12,40.0,5
8585430971,673080449,12,40.0,5
673080449,10213791469,12,40.0,5
10213791469,3800003065,12,40.0,5
3800003065,3800003068,12,40.0,5
3800003068,8585430962,12,40.0,5
8585430962,673080451,12,40.0,5
673080451,10213630024,12,40.0,5
10213630024,6531698966,12,40.0,5
6531698966,3993517282,12,40.0,5
3993517282,6531724708,12,40.0,5
6531724708,673080453,12,40.0,5
673080453,662848126,12,40.0,5
662848126,618514963,12,40.0,5
618514963,10219043312,12,40.0,5
10219043312,10219043313,12,40.0,5
10219043313,10219043314,12,40.0,5
10219043314,1428448780,12,40.0,5
1428448780,10219043315,12,40.0,5
10219043315,10219043295,12,40.0,5
10219043295,10219043296,12,40.0,5
10219043296,1235750079,12,40.0,5
1235750079,973768740,12,40.0,5
973768740,4817229171,12,40.0,5
4817229171,6231240675,12,40.0,5
6231240675,3502135115,12,40.0,5
3502135115,3528725850,12,40.0,5
3528725850,4817223851,12,40.0,5
4817223851,2034242896,12,40.0,5
2034242896,3943615889,12,40.0,5
3943615889,3943615888,12,40.0,5
3943615888,3528725849,12,40.0,5
3528725849,6231258983,12,40.0,5
6231258983,973768753,12,40.0,5
973768753,1128192254,12,40.0,5
1128192254,1428449258,12,40.0,5
1428449258,3690374134,12,40.0,5
3690374134,3528725848,12,40.0,5
3528725848,6231258982,12,40.0,5
6231258982,6531345647,12,40.0,5
6531345647,973768762,12,40.0,5
973768762,2135817956,12,40.0,5
2135817956,973768764,12,40.0,5
973768764,13684016500,12,40.0,5
13684016500,1985256181,12,40.0,5
1985256181,1985256189,12,40.0,5
1985256189,13684023301,12,40.0,5
13684023301,644608112,12,40.0,5
644608112,644608111,12,40.0,5
644608111,644608110,12,40.0,5
644608110,644608109,12,40.0,5
644608109,644608071,12,40.0,5
644608071,2094344653,12,40.0,5
2094344653,2094344648,12,40.0,5
9502361625,9502361624,12,40.0,5
9502361624,9502361623,12,40.0,5
9502361623,9502361622,12,40.0,5
9502361622,9502361621,12,40.0,5
9502361621,13680517513,12,40.0,5
13680517513,9502361632,12,40.0,5
9502361632,13680517507,12,40.0,5
13680517507,13680517514,12,40.0,5
13680517514,9733709919,12,40.0,5
9733709919,10107531015,12,40.0,5
10107531015,6234164263,12,40.0,5
6234164263,10107531016,12,40.0,5
10107531016,3893909450,12,40.0,5
3893909450,3645522562,12,40.0,5
3645522562,4621946533,12,40.0,5
4621946533,6658817560,12,40.0,5
6658817560,9485690496,12,40.0,5
9485690496,6234164271,12,40.0,5
6234164271,9485690487,12,40.0,5
9485690487,6658817547,12,40.0,5
6658817547,4009185290,12,40.0,5
4009185290,679746558,12,40.0,5
679746558,9406657363,12,40.0,5
9406657363,9180242969,12,40.0,5
9180242969,679746560,12,40.0,5
679746560,4197383676,12,40.0,5
4197383676,13680500758,12,40.0,5
13680500758,4197383673,12,40.0,5
4197383673,679746589,12,40.0,5
679746589,10633327894,12,40.0,5
10633327894,13680517117,12,40.0,5
13680517117,3645582160,12,40.0,5
3645582160,618279941,12,40.0,5
618279941,679749338,12,40.0,5
679749338,10047011663,12,40.0,5
10047011663,3191466213,12,40.0,5
3191466213,3191466209,12,40.0,5
3191466209,7832569667,12,40.0,5
7832569667,618279945,12,40.0,5
618279945,1346379027,12,40.0,5
1346379027,1346379028,12,40.0,5
1346379028,3191466212,12,40.0,5
3191466212,618286969,12,40.0,5
618286969,3677709796,12,40.0,5
3677709796,10768107799,12,40.0,5
10768107799,7159969615,12,40.0,5
7159969615,6524645112,12,40.0,5
6524645112,10219037631,12,40.0,5
10219037631,10219037653,12,40.0,5
10219037653,10219037652,12,40.0,5
10219037652,10219037651,12,40.0,5
10219037651,653108582,12,40.0,5
653108582,6524645118,12,40.0,5
6524645118,10219037650,12,40.0,5
10219037650,10219037664,12,40.0,5
10219037664,10219037649,12,40.0,5
10219037649,269202175,12,40.0,5
269202175,10219037648,12,40.0,5
10219037648,10219037654,12,40.0,5
10219037654,653109325,12,40.0,5
653109325,10219037660,12,40.0,5
10219037660,10219037646,12,40.0,5
10219037646,10219037659,12,40.0,5
10219037659,10219037657,12,40.0,5
10219037657,653109319,12,40.0,5
653109319,127658816,12,40.0,5
1912418404,635164770,12,40.0,5
635164770,127660923,12,40.0,5
127660923,258030081,12,40.0,5
258030081,10771363398,12,40.0,5
10771363398,10771363401,12,40.0,5
10771363401,10771363396,12,40.0,5
10771363396,10771363402,12,40.0,5
10771363402,10771363394,12,40.0,5
10771363394,10771363392,12,40.0,5
10771363392,10771363390,12,40.0,5
10771363390,10771363389,12,40.0,5
10771363389,10771363387,12,40.0,5
10771363387,10771363385,12,40.0,5
10771363385,10771363383,12,40.0,5
10771363383,10771363371,12,40.0,5
10771363371,10771363373,12,40.0,5
10771363373,10771363374,12,40.0,5
10771363374,10771363380,12,40.0,5
10771363380,10771363379,12,40.0,5
10771363379,10771363365,12,40.0,5
10771363365,10771363366,12,40.0,5
10771363366,10771363367,12,40.0,5
10771363367,7037743616,12,40.0,5
7037743616,10771363360,12,40.0,5
10771363360,10771363369,12,40.0,5
10771363369,7037743619,12,40.0,5
7037743619,10771363370,12,40.0,5
10771363370,7037743620,12,40.0,5
7037743620,7037743621,12,40.0,5
7037743621,7037743607,12,40.0,5
7037743607,7037743604,12,40.0,5
7037743604,7037743603,12,40.0,5
7037743603,7037743602,12,40.0,5
7037743602,12778397314,12,40.0,5
12778397314,12741337236,12,40.0,5
12741337236,7037743601,12,40.0,5
7037743601,7037743630,12,40.0,5
7037743630,2247695861,12,40.0,5
2247695861,3783135051,12,40.0,5
3783135051,7456065290,12,40.0,5
7456065290,3783135049,12,40.0,5
3783135049,672591931,12,40.0,5
672591931,672596320,12,40.0,5
672596320,6289266092,12,40.0,5
6289266092,672591933,12,40.0,5
672591933,639804505,12,40.0,5
639804505,4991421337,12,40.0,5
4991421337,639804500,12,40.0,5
639804500,672592568,12,40.0,5
672592568,639804499,12,40.0,5
639804499,6368051894,12,40.0,5
11393215241,11393215242,12,40.0,5
11393215242,3822160584,12,40.0,5
3822160584,11393215246,12,40.0,5
11393215246,619201840,12,40.0,5
619201840,667278652,12,40.0,5
667278652,667278654,12,40.0,5
667278654,599131267,12,40.0,5
599131267,667277679,12,40.0,5
667277679,667277611,12,40.0,5
667277611,9733709557,12,40.0,5
9733709557,667277590,12,40.0,5
667277590,621993997,12,40.0,5
621993997,1138079035,12,40.0,5
1138079035,253026210,12,40.0,5
253026210,599131258,12,40.0,5
599131258,10902062126,12,40.0,5
10902062126,599131254,12,40.0,5
599131254,10902062157,12,40.0,5
10902062157,9733709556,12,40.0,5
9733709556,5105301826,12,40.0,5
5105301826,599131322,12,40.0,5
599131322,10902062125,12,40.0,5
10902062125,253026193,12,40.0,5
253026193,10775077842,12,40.0,5
10775077842,599131336,12,40.0,5
599131336,9733709555,12,40.0,5
9733709555,10902062163,12,40.0,5
10902062163,599131299,12,40.0,5
599131299,599131307,12,40.0,5
599131307,599131334,12,40.0,5
599131334,667274856,12,40.0,5
667274856,599131332,12,40.0,5
599131332,667272218,12,40.0,5
667272218,621954103,12,40.0,5
621954103,9733709554,12,40.0,5
9733709554,10902062159,12,40.0,5
10902062159,621954102,12,40.0,5
621954102,667271949,12,40.0,5
667271949,599131013,12,40.0,5
599131013,599131012,12,40.0,5
599131012,599131011,12,40.0,5
599131011,10902062120,12,40.0,5
10902062120,253026176,12,40.0,5
253026176,10902062119,12,40.0,5
10902062119,10902062118,12,40.0,5
10902062118,621954101,12,40.0,5
621954101,9733709553,12,40.0,5
9733709553,1645513802,12,40.0,5
1645513802,1645513795,12,40.0,5
1645513795,10902062117,12,40.0,5
10902062117,10902062149,12,40.0,5
10902062149,10902062148,12,40.0,5
10902062148,10902062160,12,40.0,5
10902062160,10902062147,12,40.0,5
10902062147,10902062146,12,40.0,5
10902062146,10902062145,12,40.0,5
10902062145,10902062144,12,40.0,5
10902062144,10902062143,12,40.0,5
10902062143,10902062121,12,40.0,5
4213142494,4213142492,12,40.0,5
4213142492,4213142491,12,40.0,5
4213142491,12100076462,12,40.0,5
12100076462,4213130988,12,40.0,5
4213130988,12100076461,12,40.0,5
12100076461,4213130986,12,40.0,5
4213130986,4213130985,12,40.0,5
4213130985,4212060297,12,40.0,5
4212060297,1147957794,12,40.0,5
1147957794,11726454420,12,40.0,5
11726454420,4213197271,12,40.0,5
4213197271,4213197060,12,40.0,5
4213197060,5895890300,12,40.0,5
5895890300,646906647,12,40.0,5
646906647,646906639,12,40.0,5
646906639,5895890301,12,40.0,5
5895890301,2382112583,12,40.0,5
2382112583,11021308442,12,40.0,5
11021308442,403816166,12,40.0,5
403816166,12504409601,12,40.0,5
12504409601,696486290,12,40.0,5
696486290,4213528918,12,40.0,5
4213528918,696486424,12,40.0,5
696486424,3324639378,12,40.0,5
3324639378,7457701350,12,40.0,5
7457701350,8168340534,12,40.0,5
8168340534,403816162,12,40.0,5
403816162,8168340540,12,40.0,5
8168340540,8168340549,12,40.0,5
8168340549,8168340552,12,40.0,5
8168340552,8168340554,12,40.0,5
8168340554,8168340555,12,40.0,5
8168340555,8168340557,12,40.0,5
8168340557,8168340559,12,40.0,5
8168340559,403816157,12,40.0,5
403816157,3324639398,12,40.0,5
3324639398,696486490,12,40.0,5
696486490,3799580318,12,40.0,5
3799580318,10211868397,12,40.0,5
10211868397,403816155,12,40.0,5
403816155,5280437759,12,40.0,5
5280437759,10211868413,12,40.0,5
10211868413,403816151,12,40.0,5
403816151,13367391874,12,40.0,5
13367391874,1131882972,12,40.0,5
1131882972,10261690707,12,40.0,5
10261690707,1131882974,12,40.0,5
1131882974,13367391875,12,40.0,5
13367391875,4422642588,12,40.0,5
4422642588,4422642583,12,40.0,5
4422642583,10261690704,12,40.0,5
10261690704,253022446,12,40.0,5
253022446,61802472,12,40.0,5
61802472,6509418075,12,40.0,5
6509418075,10261690702,12,40.0,5
10261690702,4422645689,12,40.0,5
4422645689,6509418074,12,40.0,5
6509418074,4422645697,12,40.0,5
4422645697,403816149,12,40.0,5
403816149,6509418076,12,40.0,5
6509418076,4422645690,12,40.0,5
4422645690,10211868389,12,40.0,5
10211868389,6509418077,12,40.0,5
6509418077,6509418078,12,40.0,5
6509418078,240378548,12,40.0,5
240378548,654172782,12,40.0,5
654172782,403816148,12,40.0,5
403816148,3799580317,12,40.0,5
3799580317,11993083759,12,40.0,5
11993083759,8789346638,12,40.0,5
8789346638,240378549,12,40.0,5
240378549,403816147,12,40.0,5
403816147,654176570,12,40.0,5
654176570,10241722474,12,40.0,5
10241722474,3816448464,12,40.0,5
3816448464,240378550,12,40.0,5
240378550,240378551,12,40.0,5
240378551,403816077,12,40.0,5
403816077,403816078,12,40.0,5
403816078,403816079,12,40.0,5
403816079,4328924663,12,40.0,5
4328924663,403816080,12,40.0,5
403816080,12273323545,12,40.0,5
12273323545,403816081,12,40.0,5
403816081,9471966685,12,40.0,5
9471966685,4328924668,12,40.0,5
4328924668,4328944046,12,40.0,5
4328944046,4328924669,12,40.0,5
4328924669,9471966683,12,40.0,5
9471966683,4328924671,12,40.0,5
4328924671,654172196,12,40.0,5
654172196,6689144278,12,40.0,5
6689144278,6689144271,12,40.0,5
6689144271,6689144277,12,40.0,5
6689144277,6689144272,12,40.0,5
6689144272,10260948474,12,40.0,5
10260948474,6689144276,12,40.0,5
6689144276,6689144273,12,40.0,5
6689144273,6689144275,12,40.0,5
6689144275,6689144274,12,40.0,5
5904513427,5904513409,12,40.0,5
5904513409,10260948460,12,40.0,5
10260948460,324702801,12,40.0,5
324702801,6481121959,12,40.0,5
6481121959,6481121958,12,40.0,5
6481121958,6481121954,12,40.0,5
6481121954,6481121952,12,40.0,5
4937816457,3931607915,12,40.0,5
3931607915,12110372038,12,40.0,5
12110372038,4937816455,12,40.0,5
4937816455,8665943846,12,40.0,5
8665943846,635778410,12,40.0,5
635778410,3892990741,12,40.0,5
3892990741,1985256154,12,40.0,5
1985256154,10125040156,12,40.0,5
10125040156,13683858369,12,40.0,5
13683858369,259652390,12,40.0,5
259652390,206595627,12,40.0,5
206595627,5375536064,12,40.0,5
5375536064,5375536073,12,40.0,5
5375536073,5626805939,12,40.0,5
5626805939,10125040155,12,40.0,5
10125040155,60796645,12,40.0,5
60796645,13683965574,12,40.0,5
13683965574,5133502726,12,40.0,5
5133502726,8701303111,12,40.0,5
8701303111,662326567,12,40.0,5
662326567,3339935320,12,40.0,5
3339935320,662326572,12,40.0,5
662326572,3339935331,12,40.0,5
3339935331,9462080173,12,40.0,5
9462080173,662326576,12,40.0,5
672596769,2247695870,12,40.0,5
2247695870,7037743601,12,40.0,5
7037743601,2247695845,12,40.0,5
2247695845,12741337233,12,40.0,5
12741337233,12741337242,12,40.0,5
12741337242,619023601,12,40.0,5
619023601,6661670567,12,40.0,5
6661670567,281864767,12,40.0,5
281864767,12741337241,12,40.0,5
12741337241,12741337240,12,40.0,5
12741337240,12741337237,12,40.0,5
12741337237,281864794,12,40.0,5
281864794,672600050,12,40.0,5
672600050,281864773,12,40.0,5
281864773,281864774,12,40.0,5
281864774,281864775,12,40.0,5
281864775,672613494,12,40.0,5
672613494,281864796,12,40.0,5
281864796,281864258,12,40.0,5
281864258,11292718317,12,40.0,5
11292718317,672613543,12,40.0,5
672613543,619026906,12,40.0,5
619026906,618312087,12,40.0,5
618312087,1526644680,12,40.0,5
1526644680,666903878,12,40.0,5
666903878,618312091,12,40.0,5
618312091,618312092,12,40.0,5
618312092,11548825222,12,40.0,5
11548825222,618312095,12,40.0,5
618312095,618312097,12,40.0,5
618312097,8528658014,12,40.0,5
8528658014,11548760003,12,40.0,5
11548760003,11548760004,12,40.0,5
11548760004,11548760001,12,40.0,5
11548760001,11548760002,12,40.0,5
11548760002,11548760000,12,40.0,5
11548760000,256881016,12,40.0,5
256881016,1593223772,12,40.0,5
1593223772,1593223761,12,40.0,5
1593223761,674571100,12,40.0,5
674571100,6260211884,12,40.0,5
6260211884,6260212487,12,40.0,5
6260212487,6260212488,12,40.0,5
6260212488,3774706035,12,40.0,5
3774706035,3774706039,12,40.0,5
3774706039,674571400,12,40.0,5
674571400,3774706041,12,40.0,5
3774706041,256881009,12,40.0,5
256881009,674571332,12,40.0,5
674571332,10216150406,12,40.0,5
10216150406,256881006,12,40.0,5
256881006,256881005,12,40.0,5
256881005,674571295,12,40.0,5
674571295,10216150407,12,40.0,5
10216150407,208541425,12,40.0,5
208541425,10216150409,12,40.0,5
10216150409,6260212496,12,40.0,5
6260212496,6666739750,12,40.0,5
6666739750,674571025,12,40.0,5
674571025,674593783,12,40.0,5
674593783,674593792,12,40.0,5
674593792,208541411,12,40.0,5
208541411,674593800,12,40.0,5
674593800,674570961,12,40.0,5
674570961,674593816,12,40.0,5
674593816,6260212500,12,40.0,5
6260212500,208541315,12,40.0,5
208541315,2122160669,12,40.0,5
2122160669,6260212505,12,40.0,5
6260212505,670245666,12,40.0,5
670245666,622355200,12,40.0,5
622355200,208541333,12,40.0,5
208541333,208541321,12,40.0,5
208541321,3774656201,12,40.0,5
3774656201,6260212511,12,40.0,5
6260212511,208541351,12,40.0,5
208541351,5373602993,12,40.0,5
5373602993,208541343,12,40.0,5
208541343,6260212513,12,40.0,5
6260212513,11514190010,12,40.0,5
11514190010,11514190002,12,40.0,5
11514190002,6260212514,12,40.0,5
6260212514,208541366,12,40.0,5
208541366,3521485123,12,40.0,5
3521485123,5552546539,12,40.0,5
5552546539,208541289,12,40.0,5
208541289,9075818012,12,40.0,5
9075818012,9075818013,12,40.0,5
9075818013,256664026,12,40.0,5
256664026,9075842360,12,40.0,5
9075842360,9075842359,12,40.0,5
9075842359,9075842358,12,40.0,5
9075842358,9075842357,12,40.0,5
9075842357,9075842356,12,40.0,5
9075842356,9075842355,12,40.0,5
9075842355,9075842354,12,40.0,5
9075842354,9075842353,12,40.0,5
9075842353,9075842352,12,40.0,5
9075842352,9075842351,12,40.0,5
9075842351,9075842350,12,40.0,5
9075842350,9075842349,12,40.0,5
9075842349,9075842348,12,40.0,5
9075842348,9075842347,12,40.0,5
9075842347,9075842346,12,40.0,5
9075842346,3774656110,12,40.0,5
3774656110,3774656109,12,40.0,5
3774656109,3774656108,12,40.0,5
3774656108,3774656105,12,40.0,5
3774656105,6119434353,12,40.0,5
6119434353,6119434354,12,40.0,5
6119434354,678833330,12,40.0,5
678833330,678833320,12,40.0,5
678833320,11506471159,12,40.0,5
11506471159,678833331,12,40.0,5
678833331,6119436586,12,40.0,5
6119436586,6119436585,12,40.0,5
6119436585,678833333,12,40.0,5
678833333,3774656123,12,40.0,5
3774656123,3774656124,12,40.0,5
639804517,639804516,12,40.0,5
639804516,639804510,12,40.0,5
639804510,639804497,12,40.0,5
639804497,639804491,12,40.0,5
639804491,672596296,12,40.0,5
672596296,672596271,12,40.0,5
672596271,1877145475,12,40.0,5
1877145475,642982026,12,40.0,5
642982026,642982036,12,40.0,5
642982036,2083152277,12,40.0,5
2083152277,642982033,12,40.0,5
642982033,3752483625,12,40.0,5
3752483625,642982031,12,40.0,5
642982031,3752482624,12,40.0,5
3752482624,642982029,12,40.0,5
642982029,3752482622,12,40.0,5
3752482622,642982028,12,40.0,5
1792664495,268931354,12,40.0,5
268931354,6277491050,12,40.0,5
6277491050,10741219223,12,40.0,5
10741219223,3742289387,12,40.0,5
3742289387,642982111,12,40.0,5
642982111,642982114,12,40.0,5
642982114,642982051,12,40.0,5
642982051,3742289383,12,40.0,5
3742289383,10889822722,12,40.0,5
10889822722,10889822724,12,40.0,5
10889822724,10889822721,12,40.0,5
10889822721,13506866672,12,40.0,5
13506866672,13506866677,12,40.0,5
13506866677,10889822720,12,40.0,5
10889822720,10889822719,12,40.0,5
10889822719,10889822714,12,40.0,5
10889822714,6277459307,12,40.0,5
6277459307,10208452722,12,40.0,5
10208452722,3742192428,12,40.0,5
3742192428,10208452719,12,40.0,5
10208452719,3742220438,12,40.0,5
3742220438,3742220439,12,40.0,5
3742220439,3742220440,12,40.0,5
3742220440,10208452727,12,40.0,5
10208452727,3742220441,12,40.0,5
3742220441,3742220444,12,40.0,5
3742220444,3742220445,12,40.0,5
3742220445,60796751,12,40.0,5
60796751,667756302,12,40.0,5
667756302,3742222523,12,40.0,5
3742222523,60796743,12,40.0,5
60796743,13699280610,12,40.0,5
13699280610,667756395,12,40.0,5
667756395,8502436728,12,40.0,5
8502436728,8708030335,12,40.0,5
8708030335,2049675490,12,40.0,5
2049675490,9465124703,12,40.0,5
9465124703,13698430215,12,40.0,5
13698430215,13698430256,12,40.0,5
13698430256,13698430213,12,40.0,5
13698430213,13698430254,12,40.0,5
13698430254,13698397482,12,40.0,5
13698397482,13698397480,12,40.0,5
13698397480,13698430255,12,40.0,5
13698430255,6219761749,12,40.0,5
6219761749,206597774,12,40.0,5
206597774,13701084905,12,40.0,5
13701084905,644620382,12,40.0,5
10660932949,10089844688,12,40.0,5
10089844688,4478291049,12,40.0,5
4478291049,4478291050,12,40.0,5
4478291050,3822138072,12,40.0,5
3822138072,6258504162,12,40.0,5
6258504162,3822138405,12,40.0,5
3822138405,6258504159,12,40.0,5
6258504159,268931740,12,40.0,5
268931740,653453154,12,40.0,5
653453154,653453155,12,40.0,5
653453155,3343688203,12,40.0,5
3343688203,3353596901,12,40.0,5
672591989,269351901,12,40.0,5
269351901,7376675623,12,40.0,5
7376675623,12741244293,12,40.0,5
12741244293,7376653762,12,40.0,5
7376653762,7376653764,12,40.0,5
7376653764,127660871,12,40.0,5
127660871,7037743632,12,40.0,5
7037743632,10096768662,12,40.0,5
10096768662,7037743634,12,40.0,5
7037743634,7037743637,12,40.0,5
7037743637,7037743639,12,40.0,5
7037743639,7037743608,12,40.0,5
7037743608,10096768660,12,40.0,5
10096768660,7037743638,12,40.0,5
7037743638,10112887712,12,40.0,5
10112887712,7037743641,12,40.0,5
7037743641,269351924,12,40.0,5
269351924,672613443,12,40.0,5
672613443,678693865,12,40.0,5
678693865,678656321,12,40.0,5
678656321,3742323063,12,40.0,5
3742323063,672613461,12,40.0,5
672613461,3742323059,12,40.0,5
3742323059,3742323057,12,40.0,5
3742323057,642994303,12,40.0,5
642994303,642994302,12,40.0,5
642994302,9547857711,12,40.0,5
9547857711,10264115338,12,40.0,5
10264115338,129616088,12,40.0,5
129616088,6260211855,12,40.0,5
6260211855,9547857709,12,40.0,5
9547857709,9547901428,12,40.0,5
9547901428,5037942619,12,40.0,5
5037942619,3822164737,12,40.0,5
3822164737,10901554711,12,40.0,5
10901554711,642994318,12,40.0,5
642994318,10901554713,12,40.0,5
10901554713,9971831093,12,40.0,5
9971831093,5424881748,12,40.0,5
5424881748,3774751801,12,40.0,5
3774751801,5590829438,12,40.0,5
5590829438,5590829447,12,40.0,5
5590829447,673918236,12,40.0,5
673918236,673918230,12,40.0,5
673918230,10264115326,12,40.0,5
10264115326,206594393,12,40.0,5
206594393,9971831091,12,40.0,5
9971831091,206594222,12,40.0,5
206594222,678373045,12,40.0,5
678373045,667276045,12,40.0,5
667276045,9973749451,12,40.0,5
9973749451,10889129107,12,40.0,5
10889129107,5556846128,12,40.0,5
5556846128,3774751866,12,40.0,5
3774751866,11507872536,12,40.0,5
11507872536,9465149184,12,40.0,5
9465149184,1683151516,12,40.0,5
1683151516,9465149187,12,40.0,5
9465149187,5601834796,12,40.0,5
5601834796,667276053,12,40.0,5
667276053,1683189951,12,40.0,5
1683189951,10296971156,12,40.0,5
10296971156,6277295237,12,40.0,5
6277295237,635850074,12,40.0,5
635850074,6277349072,12,40.0,5
6277349072,9464216948,12,40.0,5
9464216948,60797023,12,40.0,5
60797023,643017407,12,40.0,5
643017407,60797043,12,40.0,5
60797043,643017409,12,40.0,5
643017409,9496753352,12,40.0,5
9496753352,60797037,12,40.0,5
60797037,5556873245,12,40.0,5
5556873245,10303953547,12,40.0,5
10303953547,9496753354,12,40.0,5
9496753354,269351910,12,40.0,5
269351910,7085684184,12,40.0,5
7085684184,643017411,12,40.0,5
643017411,7081694521,12,40.0,5
7081694521,643015399,12,40.0,5
643015399,7081694522,12,40.0,5
7081694522,10112831815,12,40.0,5
10112831815,9496753356,12,40.0,5
9496753356,643015414,12,40.0,5
643015414,10112922221,12,40.0,5
10112922221,667271929,12,40.0,5
667271929,3784224181,12,40.0,5
3784224181,60797047,12,40.0,5
60797047,10112922276,12,40.0,5
10112922276,9496753358,12,40.0,5
9496753358,3822163593,12,40.0,5
3822163593,5602539618,12,40.0,5
5602539618,675966979,12,40.0,5
675966979,675966967,12,40.0,5
675966967,9496753365,12,40.0,5
9496753365,253026160,12,40.0,5
253026160,637539664,12,40.0,5
637539664,10261639633,12,40.0,5
10261639633,675966984,12,40.0,5
675966984,8626105061,12,40.0,5
8626105061,675994208,12,40.0,5
675994208,10972823348,12,40.0,5
10972823348,675966991,12,40.0,5
675966991,675994227,12,40.0,5
675994227,675994214,12,40.0,5
675994214,621951616,12,40.0,5
621951616,10972823347,12,40.0,5
10972823347,1645513795,12,40.0,5
1645513795,1838453782,12,40.0,5
1838453782,10902062116,12,40.0,5
10902062116,11536792651,12,40.0,5
11536792651,9817525840,12,40.0,5
9817525840,10902062115,12,40.0,5
10902062115,3401467541,12,40.0,5
3401467541,10902062161,12,40.0,5
10902062161,9287235748,12,40.0,5
9287235748,10902062114,12,40.0,5
10902062114,7479834254,12,40.0,5
7479834254,2362726243,12,40.0,5
2362726243,4762471349,12,40.0,5
4762471349,618148922,12,40.0,5
618148922,10046834603,12,40.0,5
10046834603,2561001390,12,40.0,5
2561001390,3401467543,12,40.0,5
3401467543,667238796,12,40.0,5
667238796,10046834604,12,40.0,5
10046834604,10046834602,12,40.0,5
10046834602,2160910336,12,40.0,5
2160910336,599129837,12,40.0,5
599129837,2160910339,12,40.0,5
2160910339,9817525833,12,40.0,5
9817525833,2160910342,12,40.0,5
8585430748,8585430747,12,40.0,5
8585430747,8585430746,12,40.0,5
8585430746,8585430745,12,40.0,5
673067053,5490286078,12,40.0,5
5490286078,3702120623,12,40.0,5
3702120623,3354645319,12,40.0,5
3354645319,673882751,12,40.0,5
673882751,3354645188,12,40.0,5
3354645188,3354645175,12,40.0,5
3354645175,250731013,12,40.0,5
250731013,3354645303,12,40.0,5
3354645303,673069811,12,40.0,5
673069811,5309894461,12,40.0,5
5309894461,10100382512,12,40.0,5
10100382512,673069781,12,40.0,5
673069781,3354499636,12,40.0,5
3354499636,3354499649,12,40.0,5
3354499649,3354499638,12,40.0,5
3354499638,3354499641,12,40.0,5
3354499641,673882750,12,40.0,5
673882750,673882749,12,40.0,5
673882749,3354499642,12,40.0,5
3354499642,3354499645,12,40.0,5
3354499645,5309894462,12,40.0,5
5309894462,250731012,12,40.0,5
250731012,3354499639,12,40.0,5
3354499639,4181840605,12,40.0,5
4181840605,5490286069,12,40.0,5
5490286069,4181840607,12,40.0,5
4181840607,3702120622,12,40.0,5
3702120622,4181840608,12,40.0,5
4181840608,673885564,12,40.0,5
673885564,5309894467,12,40.0,5
5309894467,673885543,12,40.0,5
673885543,3354499647,12,40.0,5
3354499647,5309894471,12,40.0,5
5309894471,3354499637,12,40.0,5
3354499637,5490286063,12,40.0,5
5490286063,250731010,12,40.0,5
250731010,5309894487,12,40.0,5
5309894487,3354499648,12,40.0,5
3354499648,673885531,12,40.0,5
673885531,3354499646,12,40.0,5
3354499646,3354499640,12,40.0,5
3354499640,250731007,12,40.0,5
250731007,3354499644,12,40.0,5
3354499644,5309894473,12,40.0,5
5309894473,403874946,12,40.0,5
403874946,403874944,12,40.0,5
403874944,673075505,12,40.0,5
673075505,673076213,12,40.0,5
673076213,673076192,12,40.0,5
673076192,250731005,12,40.0,5
250731005,673075501,12,40.0,5
673075501,673076201,12,40.0,5
673076201,10019928813,12,40.0,5
10019928813,635166189,12,40.0,5
635166189,3340959184,12,40.0,5
3340959184,3340955134,12,40.0,5
3340955134,10219043273,12,40.0,5
10219043273,6230829256,12,40.0,5
6230829256,3478155233,12,40.0,5
3478155233,10219043274,12,40.0,5
10219043274,618514969,12,40.0,5
618514969,6230792100,12,40.0,5
6230792100,258053453,12,40.0,5
258053453,10219043278,12,40.0,5
10219043278,3891768373,12,40.0,5
3891768373,10219043280,12,40.0,5
10219043280,6230885416,12,40.0,5
6230885416,10219043283,12,40.0,5
10219043283,6230885422,12,40.0,5
6230885422,10219043285,12,40.0,5
10219043285,4181857650,12,40.0,5
4181857650,10219043288,12,40.0,5
10219043288,6230885425,12,40.0,5
6230885425,10219043271,12,40.0,5
10219043271,618528470,12,40.0,5
618528470,2578254849,12,40.0,5
2578254849,4056837130,12,40.0,5
4056837130,618528474,12,40.0,5
618528474,662383802,12,40.0,5
662383802,6230908836,12,40.0,5
6230908836,663702755,12,40.0,5
663702755,7625469734,12,40.0,5
7625469734,683788963,12,40.0,5
683788963,3152507941,12,40.0,5
3152507941,3152504909,12,40.0,5
3152504909,6230908842,12,40.0,5
6230908842,10219043269,12,40.0,5
10219043269,7625469736,12,40.0,5
7625469736,3152504914,12,40.0,5
3152504914,3528649673,12,40.0,5
3528649673,3152504913,12,40.0,5
3152504913,6230908837,12,40.0,5
6230908837,10219043267,12,40.0,5
10219043267,3152507942,12,40.0,5
3152507942,3152507940,12,40.0,5
3152507940,683787618,12,40.0,5
683787618,3528724997,12,40.0,5
3528724997,403874911,12,40.0,5
403874911,683787617,12,40.0,5
683787617,403874909,12,40.0,5
403874909,644607796,12,40.0,5
644607796,644607646,12,40.0,5
644607646,403874908,12,40.0,5
403874908,11762736405,12,40.0,5
11762736405,3800051500,12,40.0,5
3800051500,5499217652,12,40.0,5
5499217652,5499217650,12,40.0,5
5499217650,403874905,12,40.0,5
403874905,5057792760,12,40.0,5
5057792760,2105407188,12,40.0,5
2105407188,3800051527,12,40.0,5
3800051527,3500245598,12,40.0,5
3500245598,403874904,12,40.0,5
403874904,2083588479,12,40.0,5
2083588479,5499217639,12,40.0,5
5499217639,5499217636,12,40.0,5
5499217636,5057792817,12,40.0,5
5057792817,5057792816,12,40.0,5
5057792816,403874901,12,40.0,5
403874901,5057792813,12,40.0,5
5057792813,5057792814,12,40.0,5
5057792814,5057792812,12,40.0,5
5057792812,5057792815,12,40.0,5
5057792815,403874892,12,40.0,5
403874892,5057792811,12,40.0,5
5057792811,403874891,12,40.0,5
403874891,696519970,12,40.0,5
696519970,403874888,12,40.0,5
403874888,1447286008,12,40.0,5
1447286008,1447286014,12,40.0,5
1447286014,8791800914,12,40.0,5
8791800914,2105422615,12,40.0,5
2105422615,2111968570,12,40.0,5
2111968570,2111968568,12,40.0,5
2111968568,2111968607,12,40.0,5
2111968607,2111968632,12,40.0,5
2111968632,2111968460,12,40.0,5
3307487919,681537149,12,40.0,5
681537149,5904513214,12,40.0,5
5904513214,6225816780,12,40.0,5
6225816780,3186392657,12,40.0,5
3186392657,10738667594,12,40.0,5
10738667594,2546744846,12,40.0,5
2546744846,10046476808,12,40.0,5
10046476808,6277612436,12,40.0,5
6277612436,4304782808,12,40.0,5
4304782808,10964746214,12,40.0,5
10964746214,6277612428,12,40.0,5
6277612428,6548142824,12,40.0,5
6548142824,5904513261,12,40.0,5
5904513261,5904513262,12,40.0,5
5904513262,5904513255,12,40.0,5
5904513255,5904513256,12,40.0,5
5904513256,5904513257,12,40.0,5
5904513257,5904513258,12,40.0,5
5904513258,5904513240,12,40.0,5
5904513240,5904513241,12,40.0,5
5904513241,8736366808,12,40.0,5
8736366808,5904513244,12,40.0,5
5904513244,5904513263,12,40.0,5
5904513263,5904513264,12,40.0,5
5904513264,10260948479,12,40.0,5
10260948479,5904513265,12,40.0,5
5904513265,654193254,12,40.0,5
654193254,5916583536,12,40.0,5
5916583536,5916583538,12,40.0,5
5916583538,5904513267,12,40.0,5
5904513267,5904513268,12,40.0,5
5904513268,10260948477,12,40.0,5
10260948477,5904513269,12,40.0,5
5904513269,10241732528,12,40.0,5
10241732528,10241732518,12,40.0,5
10241732518,10241732513,12,40.0,5
10241732513,599141434,12,40.0,5
599141434,6689144270,12,40.0,5
6689144270,6689144284,12,40.0,5
6689144284,10260948471,12,40.0,5
10260948471,5904513270,12,40.0,5
5904513270,5904513433,12,40.0,5
3155589781,10243703014,12,40.0,5
10243703014,3155589780,12,40.0,5
3155589780,10243703011,12,40.0,5
10243703011,1428434253,12,40.0,5
1428434253,6233578620,12,40.0,5
6233578620,6233578618,12,40.0,5
6233578618,1428434251,12,40.0,5
1428434251,91032138,12,40.0,5
91032138,10243703016,12,40.0,5
10243703016,681871955,12,40.0,5
681871955,91032144,12,40.0,5
91032144,3150384396,12,40.0,5
3150384396,10243703017,12,40.0,5
10243703017,10243703018,12,40.0,5
10243703018,1428434250,12,40.0,5
1428434250,91032152,12,40.0,5
91032152,681898829,12,40.0,5
681898829,2394811123,12,40.0,5
2394811123,6234042684,12,40.0,5
6234042684,91032158,12,40.0,5
91032158,10243703020,12,40.0,5
10243703020,6234042682,12,40.0,5
6234042682,6234042652,12,40.0,5
6234042652,619274824,12,40.0,5
619274824,10243703023,12,40.0,5
10243703023,3362713160,12,40.0,5
3362713160,6234042676,12,40.0,5
6234042676,127656771,12,40.0,5
127656771,9981050821,12,40.0,5
9981050821,1839459852,12,40.0,5
1839459852,6234042665,12,40.0,5
6234042665,3191506637,12,40.0,5
3191506637,10880092592,12,40.0,5
10880092592,1839459803,12,40.0,5
1839459803,10243703026,12,40.0,5
10243703026,13712828161,12,40.0,5
13712828161,665277151,12,40.0,5
665277151,13712828153,12,40.0,5
13712828153,6234042661,12,40.0,5
6234042661,619732407,12,40.0,5
619732407,3187956579,12,40.0,5
3187956579,619732410,12,40.0,5
619732410,13692201508,12,40.0,5
13692201508,619732435,12,40.0,5
619732435,9981034403,12,40.0,5
9981034403,10243703030,12,40.0,5
10243703030,13692201509,12,40.0,5
13692201509,619732438,12,40.0,5
619732438,9981050819,12,40.0,5
9981050819,3136338276,12,40.0,5
3136338276,3136338275,12,40.0,5
3136338275,3136338272,12,40.0,5
3136338272,13683818571,12,40.0,5
13683818571,127657790,12,40.0,5
127657790,5635884173,12,40.0,5
5635884173,1278079706,12,40.0,5
1278079706,6234164269,12,40.0,5
6234164269,9733709921,12,40.0,5
9733709921,127657770,12,40.0,5
127657770,1346377752,12,40.0,5
1346377752,6234164267,12,40.0,5
6234164267,13692124420,12,40.0,5
13692124420,1346377748,12,40.0,5
1346377748,255361138,12,40.0,5
255361138,3355393382,12,40.0,5
3355393382,269202454,12,40.0,5
269202454,3355393375,12,40.0,5
3355393375,9465631111,12,40.0,5
9465631111,9465631112,12,40.0,5
9465631112,269202456,12,40.0,5
269202456,9465631104,12,40.0,5
9465631104,3355393361,12,40.0,5
3355393361,8772330409,12,40.0,5
8772330409,3355393353,12,40.0,5
3355393353,637624658,12,40.0,5
637624658,6177024441,12,40.0,5
6177024441,637624665,12,40.0,5
637624665,10555850723,12,40.0,5
10555850723,10255186888,12,40.0,5
10255186888,637624669,12,40.0,5
637624669,3822140401,12,40.0,5
3822140401,3822140399,12,40.0,5
3822140399,637624617,12,40.0,5
637624617,5144440168,12,40.0,5
5144440168,4009166491,12,40.0,5
4009166491,3830399256,12,40.0,5
3830399256,266907986,12,40.0,5
266907986,3822140157,12,40.0,5
3822140157,6277539938,12,40.0,5
6277539938,619188571,12,40.0,5
619188571,619188579,12,40.0,5
619188579,3822136261,12,40.0,5
3822136261,13581788012,12,40.0,5
13581788012,5260389369,12,40.0,5
5260389369,6661779484,12,40.0,5
6661779484,13700252420,12,40.0,5
13700252420,130038175,12,40.0,5
130038175,2681910817,12,40.0,5
2681910817,13697386455,12,40.0,5
13697386455,6658818459,12,40.0,5
6658818459,6991570089,12,40.0,5
6991570089,1316756498,12,40.0,5
1316756498,127657733,12,40.0,5
127657733,1316756487,12,40.0,5
1316756487,2681910787,12,40.0,5
2681910787,14110305408,12,40.0,5
14110305408,13673453606,12,40.0,5
13673453606,13673393299,12,40.0,5
13673393299,3084209277,12,40.0,5
3084209277,3084209269,12,40.0,5
3084209269,208540944,12,40.0,5
208540944,1280061831,12,40.0,5
1280061831,13673393297,12,40.0,5
13673393297,9924586659,12,40.0,5
9924586659,6661767573,12,40.0,5
6661767573,10692710631,12,40.0,5
10692710631,635111100,12,40.0,5
635111100,6258581059,12,40.0,5
6258581059,6258581060,12,40.0,5
6258581060,13391214876,12,40.0,5
13391214876,6258581052,12,40.0,5
6258581052,10889822732,12,40.0,5
10889822732,3808874254,12,40.0,5
3808874254,678334718,12,40.0,5
678334718,9004360560,12,40.0,5
9004360560,9004360561,12,40.0,5
9004360561,9004360562,12,40.0,5
9004360562,678334722,12,40.0,5
678334722,13391240845,12,40.0,5
13391240845,13391240846,12,40.0,5
13391240846,678334679,12,40.0,5
678334679,6266180252,12,40.0,5
6266180252,3084218187,12,40.0,5
3084218187,13391240840,12,40.0,5
13391240840,678335411,12,40.0,5
678335411,13425538962,12,40.0,5
13425538962,3274468069,12,40.0,5
3274468069,3274468064,12,40.0,5
3274468064,9924586645,12,40.0,5
9924586645,3274468066,12,40.0,5
3274468066,1369195822,12,40.0,5
1369195822,6697408230,12,40.0,5
6697408230,12518339617,12,40.0,5
12518339617,3274468072,12,40.0,5
3274468072,12518317854,12,40.0,5
12518317854,3274467560,12,40.0,5
3274467560,10208452718,12,40.0,5
10208452718,2160837298,12,40.0,5
2160837298,270333410,12,40.0,5
270333410,3274468077,12,40.0,5
3274468077,3274468073,12,40.0,5
3274468073,599133885,12,40.0,5
599133885,10208452717,12,40.0,5
10208452717,268943143,12,40.0,5
268943143,7455944502,12,40.0,5
7455944502,3742192392,12,40.0,5
3742192392,3742192393,12,40.0,5
3742192393,6277349070,12,40.0,5
6277349070,3742213227,12,40.0,5
3742213227,10208452732,12,40.0,5
10208452732,3742192397,12,40.0,5
3742192397,3742192395,12,40.0,5
3742192395,3742192382,12,40.0,5
3742192382,3742192381,12,40.0,5
3742192381,10208452730,12,40.0,5
10208452730,3742220440,12,40.0,5
3742220440,3742220437,12,40.0,5
3742220437,12306540345,12,40.0,5
12306540345,12306540350,12,40.0,5
12306540350,3742215658,12,40.0,5
3742215658,3742192433,12,40.0,5
3742192433,10208452720,12,40.0,5
10208452720,6277459304,12,40.0,5
6277459304,10208452723,12,40.0,5
10208452723,6277459306,12,40.0,5
6277459306,3742192429,12,40.0,5
3742192429,2034206073,12,40.0,5
2034206073,2034206144,12,40.0,5
2034206144,10889822715,12,40.0,5
10889822715,10889822716,12,40.0,5
10889822716,642982116,12,40.0,5
642982116,10889822717,12,40.0,5
10889822717,10741219224,12,40.0,5
10741219224,642982115,12,40.0,5
642982115,10889822718,12,40.0,5
10889822718,642982052,12,40.0,5
642982052,10889822739,12,40.0,5
10889822739,10889822737,12,40.0,5
10889822737,10889822738,12,40.0,5
10889822738,10889822745,12,40.0,5
10889822745,10741219222,12,40.0,5
10741219222,642982056,12,40.0,5
642982056,268931354,12,40.0,5
268931354,1792664495,12,40.0,5
1792664495,9971831094,12,40.0,5
9971831094,6277491049,12,40.0,5
6277491049,621835650,12,40.0,5
621835650,2000414539,12,40.0,5
2000414539,9073394133,12,40.0,5
9073394133,642982079,12,40.0,5
642982079,904991673,12,40.0,5
904991673,9073394132,12,40.0,5
9073394132,3752482620,12,40.0,5
3752482620,11282545600,12,40.0,5
11282545600,642982004,12,40.0,5
642982004,11282545597,12,40.0,5
11282545597,642982028,12,40.0,5
642982028,639804416,12,40.0,5
639804416,4011682731,12,40.0,5
4011682731,4011682730,12,40.0,5
4011682730,619195378,12,40.0,5
619195378,9737068316,12,40.0,5
9737068316,4011680780,12,40.0,5
4011680780,619195381,12,40.0,5
619195381,619195373,12,40.0,5
619195373,9737068317,12,40.0,5
9737068317,9737068318,12,40.0,5
9737068318,6260211179,12,40.0,5
6260211179,6260211180,12,40.0,5
6260211180,4011686943,12,40.0,5
4011686943,1683204286,12,40.0,5
1683204286,9740487168,12,40.0,5
9740487168,9740487187,12,40.0,5
9740487187,9740487186,12,40.0,5
9740487186,9740487169,12,40.0,5
9740487169,9740487170,12,40.0,5
9740487170,9740487171,12,40.0,5
9740487171,9740487172,12,40.0,5
9740487172,9740487173,12,40.0,5
9740487173,9740487189,12,40.0,5
9740487189,9740487174,12,40.0,5
9740487174,9740487184,12,40.0,5
9740487184,9740487195,12,40.0,5
9740487195,9740487175,12,40.0,5
9740487175,9740487192,12,40.0,5
9740487192,9740487176,12,40.0,5
9740487176,9740487183,12,40.0,5
9740487183,9740487191,12,40.0,5
9740487191,9740487177,12,40.0,5
9740487177,9740487190,12,40.0,5
9740487190,9740487178,12,40.0,5
9740487178,9740487188,12,40.0,5
9740487188,9740487179,12,40.0,5
9740487179,9740487194,12,40.0,5
9740487194,9740487193,12,40.0,5
9740487193,9565070865,12,40.0,5
9565070865,9565070863,12,40.0,5
9565070863,9565070864,12,40.0,5
9565070864,9547901426,12,40.0,5
9547901426,9547857710,12,40.0,5
9547857710,9547857711,12,40.0,5
9547857711,9547857712,12,40.0,5
9547857712,9547857713,12,40.0,5
9547857713,10740616751,12,40.0,5
10740616751,10740616752,12,40.0,5
10740616752,10740616753,12,40.0,5
10740616753,9547857714,12,40.0,5
9547857714,10216150402,12,40.0,5
10216150402,9547857715,12,40.0,5
9547857715,9547857716,12,40.0,5
9547857716,10740616763,12,40.0,5
10740616763,10740616762,12,40.0,5
10740616762,10740616761,12,40.0,5
10740616761,9547901417,12,40.0,5
9547901417,9547901418,12,40.0,5
9547901418,10740616760,12,40.0,5
10740616760,9547901419,12,40.0,5
9547901419,9547901420,12,40.0,5
9547901420,10740616759,12,40.0,5
10740616759,9547901421,12,40.0,5
9547901421,10740616758,12,40.0,5
10740616758,10740616757,12,40.0,5
10740616757,9547901422,12,40.0,5
9547901422,9547901423,12,40.0,5
9547901423,9547901424,12,40.0,5
9547901424,9547901425,12,40.0,5
9547901425,9547901427,12,40.0,5
9547901427,10740616707,12,40.0,5
10740616707,10740616709,12,40.0,5
10740616709,10740616714,12,40.0,5
10740616714,10740616705,12,40.0,5
10740616705,10740616731,12,40.0,5
10740616731,10740616745,12,40.0,5
10740616745,10740616717,12,40.0,5
10740616717,10740616715,12,40.0,5
10740616715,10740616719,12,40.0,5
10740616719,673921087,12,40.0,5
673921087,620401847,12,40.0,5
620401847,673921088,12,40.0,5
673921088,3785753721,12,40.0,5
3785753721,3785753720,12,40.0,5
3785753720,673921067,12,40.0,5
673921067,673921070,12,40.0,5
673921070,3785753716,12,40.0,5
3785753716,673921076,12,40.0,5
673921076,620401840,12,40.0,5
620401840,5184793241,12,40.0,5
5184793241,5184793242,12,40.0,5
5184793242,673921045,12,40.0,5
673921045,3785753715,12,40.0,5
3785753715,3785753714,12,40.0,5
3785753714,643015460,12,40.0,5
643015460,3785753713,12,40.0,5
3785753713,620401837,12,40.0,5
620401837,3785753709,12,40.0,5
3785753709,3785753707,12,40.0,5
3785753707,5232532040,12,40.0,5
5232532040,673921054,12,40.0,5
673921054,5583073921,12,40.0,5
5583073921,3774751891,12,40.0,5
3774751891,5583066108,12,40.0,5
5583066108,673921060,12,40.0,5
673921060,643015453,12,40.0,5
643015453,8981497878,12,40.0,5
8981497878,3800051463,12,40.0,5
3800051463,678471062,12,40.0,5
678471062,673921029,12,40.0,5
673921029,678471064,12,40.0,5
678471064,678471063,12,40.0,5
10127328365,10127328359,12,40.0,5
10127328359,3355414185,12,40.0,5
3355414185,13676158870,12,40.0,5
13676158870,3355414181,12,40.0,5
3355414181,13676158875,12,40.0,5
13676158875,1138078695,12,40.0,5
1138078695,255671532,12,40.0,5
255671532,10219028103,12,40.0,5
10219028103,10219037645,12,40.0,5
10219037645,127658816,12,40.0,5
127658816,3355414495,12,40.0,5
3355414495,10137950666,12,40.0,5
10137950666,3355414184,12,40.0,5
3355414184,10135024709,12,40.0,5
10135024709,127658797,12,40.0,5
127658797,10219028108,12,40.0,5
10219028108,12810953727,12,40.0,5
12810953727,259648460,12,40.0,5
259648460,127658786,12,40.0,5
127658786,618281743,12,40.0,5
618281743,9756534678,12,40.0,5
9756534678,653109310,12,40.0,5
653109310,13015714562,12,40.0,5
13015714562,6388455752,12,40.0,5
6388455752,671371603,12,40.0,5
671371603,10157282029,12,40.0,5
10157282029,3164393649,12,40.0,5
3164393649,646747744,12,40.0,5
646747744,3645582155,12,40.0,5
3645582155,13699861380,12,40.0,5
13699861380,130038164,12,40.0,5
130038164,10768107801,12,40.0,5
10768107801,13015714551,12,40.0,5
13015714551,9502314663,12,40.0,5
9502314663,7159969683,12,40.0,5
7159969683,10682149760,12,40.0,5
10682149760,679751864,12,40.0,5
679751864,9502314662,12,40.0,5
9502314662,679749257,12,40.0,5
679749257,3645582158,12,40.0,5
3645582158,13692124410,12,40.0,5
13692124410,10135002887,12,40.0,5
10135002887,7832569688,12,40.0,5
7832569688,7832569685,12,40.0,5
7832569685,9465631027,12,40.0,5
9465631027,3645582159,12,40.0,5
3645582159,13700922055,12,40.0,5
13700922055,679749338,12,40.0,5
679749338,10080488916,12,40.0,5
10080488916,6524645097,12,40.0,5
6524645097,13680517454,12,40.0,5
13680517454,1346377753,12,40.0,5
1346377753,6658743459,12,40.0,5
6658743459,13692201752,12,40.0,5
13692201752,7851208178,12,40.0,5
7851208178,1346377747,12,40.0,5
1346377747,4009185293,12,40.0,5
4009185293,9180242977,12,40.0,5
9180242977,679749256,12,40.0,5
679749256,1429158540,12,40.0,5
1429158540,9734329670,12,40.0,5
9734329670,619732389,12,40.0,5
619732389,13692124480,12,40.0,5
13692124480,9180242966,12,40.0,5
9180242966,9406594661,12,40.0,5
9406594661,3164346834,12,40.0,5
3164346834,9180242967,12,40.0,5
9180242967,9406594660,12,40.0,5
9406594660,619732375,12,40.0,5
619732375,9734329671,12,40.0,5
9734329671,619732378,12,40.0,5
619732378,6234125992,12,40.0,5
6234125992,9180242961,12,40.0,5
9180242961,10880095739,12,40.0,5
10880095739,9180242960,12,40.0,5
9180242960,9180242958,12,40.0,5
9180242958,9180242959,12,40.0,5
9180242959,9180242955,12,40.0,5
9180242955,3825153319,12,40.0,5
3825153319,6234042659,12,40.0,5
6234042659,13692201506,12,40.0,5
13692201506,13697281104,12,40.0,5
13697281104,6234044311,12,40.0,5
6234044311,10243703025,12,40.0,5
10243703025,6234044289,12,40.0,5
6234044289,6234042658,12,40.0,5
6234042658,1839459803,12,40.0,5
1839459803,10880092595,12,40.0,5
10880092595,13683707451,12,40.0,5
13683707451,13683707442,12,40.0,5
13683707442,13684231364,12,40.0,5
13684231364,13683965530,12,40.0,5
13683965530,1839459818,12,40.0,5
1839459818,2464933228,12,40.0,5
2464933228,3677696807,12,40.0,5
3677696807,13684231361,12,40.0,5
13684231361,619274621,12,40.0,5
619274621,13684231358,12,40.0,5
13684231358,13683965529,12,40.0,5
13683965529,10629475720,12,40.0,5
10629475720,635914020,12,40.0,5
635914020,1839459856,12,40.0,5
1839459856,681782417,12,40.0,5
681782417,4967063444,12,40.0,5
4967063444,681803146,12,40.0,5
681803146,3192306102,12,40.0,5
3192306102,619297681,12,40.0,5
619297681,3783247043,12,40.0,5
3783247043,3556453831,12,40.0,5
3556453831,3556453830,12,40.0,5
3556453830,635914019,12,40.0,5
635914019,13683965531,12,40.0,5
13683965531,6233578635,12,40.0,5
6233578635,4967063012,12,40.0,5
4967063012,5220461436,12,40.0,5
5220461436,4832774950,12,40.0,5
4832774950,618540071,12,40.0,5
618540071,4967063006,12,40.0,5
4967063006,681770219,12,40.0,5
681770219,1428435487,12,40.0,5
1428435487,13728044663,12,40.0,5
13728044663,5216939985,12,40.0,5
5216939985,4967062999,12,40.0,5
4967062999,4967062997,12,40.0,5
4967062997,4967062996,12,40.0,5
4967062996,618540079,12,40.0,5
618540079,1428435494,12,40.0,5
1428435494,618540081,12,40.0,5
4086342995,13699061611,12,40.0,5
13699061611,766428151,12,40.0,5
766428151,5137343422,12,40.0,5
5137343422,766428152,12,40.0,5
766428152,9457821566,12,40.0,5
9457821566,766428153,12,40.0,5
766428153,766428155,12,40.0,5
766428155,766428156,12,40.0,5
766428156,5137354272,12,40.0,5
5137354272,4324741183,12,40.0,5
4324741183,268931806,12,40.0,5
268931806,13699046784,12,40.0,5
13699046784,268931805,12,40.0,5
268931805,268931804,12,40.0,5
268931804,9457821564,12,40.0,5
9457821564,268931803,12,40.0,5
268931803,268931757,12,40.0,5
268931757,4086353070,12,40.0,5
4086353070,268931756,12,40.0,5
268931756,6258504157,12,40.0,5
6258504157,268931754,12,40.0,5
268931754,6661798461,12,40.0,5
6661798461,6258504156,12,40.0,5
6258504156,268931753,12,40.0,5
268931753,4086344796,12,40.0,5
4086344796,268931752,12,40.0,5
268931752,268931751,12,40.0,5
268931751,3822138073,12,40.0,5
3822138073,3822138410,12,40.0,5
3822138410,3822138412,12,40.0,5
3822138412,3822138072,12,40.0,5
3822138072,4478291050,12,40.0,5
4478291050,4478291049,12,40.0,5
4478291049,10089844688,12,40.0,5
10089844688,10660932949,12,40.0,5
618532479,645126190,12,40.0,5
645126190,3150410546,12,40.0,5
3150410546,13685109978,12,40.0,5
13685109978,11572217520,12,40.0,5
11572217520,13679835512,12,40.0,5
13679835512,2096519112,12,40.0,5
2096519112,5203938302,12,40.0,5
5203938302,2034242898,12,40.0,5
2034242898,646892365,12,40.0,5
646892365,13679835510,12,40.0,5
13679835510,6289325407,12,40.0,5
6289325407,4678368698,12,40.0,5
4678368698,403874820,12,40.0,5
403874820,3192348781,12,40.0,5
3192348781,1131882984,12,40.0,5
1131882984,1138078478,12,40.0,5
1138078478,2131864628,12,40.0,5
2131864628,646906623,12,40.0,5
646906623,646906701,12,40.0,5
646906701,3192350789,12,40.0,5
3192350789,3192350806,12,40.0,5
3192350806,646906696,12,40.0,5
646906696,1147957807,12,40.0,5
1147957807,646906691,12,40.0,5
646906691,1147957787,12,40.0,5
1147957787,3192350634,12,40.0,5
3192350634,646906684,12,40.0,5
646906684,646913682,12,40.0,5
10902062139,10902062138,12,40.0,5
10902062138,10902062162,12,40.0,5
10902062162,10902062137,12,40.0,5
10902062137,10902062136,12,40.0,5
10902062136,10902062123,12,40.0,5
10902062123,10902062124,12,40.0,5
10902062124,10902062135,12,40.0,5
10902062135,10902062134,12,40.0,5
10902062134,10902062133,12,40.0,5
10902062133,10902062132,12,40.0,5
10902062132,10902062131,12,40.0,5
10902062131,10902062156,12,40.0,5
10902062156,10902062130,12,40.0,5
10902062130,10902062129,12,40.0,5
10902062129,10902062128,12,40.0,5
10902062128,10902062127,12,40.0,5
10902062127,253026210,12,40.0,5
599131254,2077643762,12,40.0,5
2077643762,4177456119,12,40.0,5
4177456119,4177456130,12,40.0,5
4177456130,4177456132,12,40.0,5
4177456132,4177456128,12,40.0,5
4177456128,5818280929,12,40.0,5
5818280929,2077643788,12,40.0,5
2077643788,5818280927,12,40.0,5
5818280927,4177456124,12,40.0,5
4177456124,4177456126,12,40.0,5
4177456126,3822161238,12,40.0,5
3822161238,12704722797,12,40.0,5
12704722797,2077643787,12,40.0,5
2077643787,10296971158,12,40.0,5
10296971158,675967087,12,40.0,5
675967087,9565952987,12,40.0,5
9565952987,9565952986,12,40.0,5
9565952986,675967199,12,40.0,5
675967199,3774751860,12,40.0,5
3774751860,10661045871,12,40.0,5
10661045871,10661045873,12,40.0,5
10661045873,667277686,12,40.0,5
667277686,9496753349,12,40.0,5
9496753349,667277683,12,40.0,5
667277683,667276052,12,40.0,5
667276052,667276049,12,40.0,5
667276049,9465149182,12,40.0,5
9465149182,3822164769,12,40.0,5
3822164769,1683151516,12,40.0,5
253026160,3774751788,12,40.0,5
3774751788,5256946191,12,40.0,5
5256946191,9565952988,12,40.0,5
9565952988,9496753375,12,40.0,5
9496753375,60797349,12,40.0,5
60797349,60797340,12,40.0,5
60797340,1138078254,12,40.0,5
1138078254,1138078058,12,40.0,5
1138078058,621950485,12,40.0,5
621950485,60797056,12,40.0,5
60797056,9496753377,12,40.0,5
9496753377,10112825424,12,40.0,5
10112825424,60797372,12,40.0,5
60797372,3822171787,12,40.0,5
3822171787,673927631,12,40.0,5
673927631,3772792798,12,40.0,5
3772792798,621950451,12,40.0,5
621950451,12199118775,12,40.0,5
12199118775,12199118777,12,40.0,5
12199118777,620402043,12,40.0,5
620402043,673927628,12,40.0,5
673927628,620402045,12,40.0,5
620402045,620402046,12,40.0,5
620402046,206595498,12,40.0,5
206595498,2160926481,12,40.0,5
2160926481,3772792796,12,40.0,5
3772792796,3772792795,12,40.0,5
3772792795,206595351,12,40.0,5
206595351,673927645,12,40.0,5
673927645,620401925,12,40.0,5
620401925,620401926,12,40.0,5
620401926,620401927,12,40.0,5
620401927,620401928,12,40.0,5
620401928,620401929,12,40.0,5
620401929,3785753681,12,40.0,5
3785753681,620401930,12,40.0,5
620401930,620401931,12,40.0,5
620401931,4645536641,12,40.0,5
4645536641,3785753679,12,40.0,5
3785753679,620401932,12,40.0,5
620401932,620401933,12,40.0,5
620401933,4601054525,12,40.0,5
4601054525,667236849,12,40.0,5
667236849,620401936,12,40.0,5
620401936,5530266507,12,40.0,5
5530266507,3773066639,12,40.0,5
3773066639,620401938,12,40.0,5
620401938,4601054527,12,40.0,5
4601054527,3773066633,12,40.0,5
3773066633,620401939,12,40.0,5
620401939,4601054526,12,40.0,5
4601054526,3785753676,12,40.0,5
3785753676,2160927748,12,40.0,5
2160927748,620401940,12,40.0,5
620401940,4601054531,12,40.0,5
4601054531,620401941,12,40.0,5
620401941,4601054532,12,40.0,5
4601054532,620401942,12,40.0,5
620401942,3773066627,12,40.0,5
3773066627,620401946,12,40.0,5
620401946,620401948,12,40.0,5
620401948,4601054533,12,40.0,5
4601054533,3799707309,12,40.0,5
3799707309,11546177989,12,40.0,5
11546177989,4601054534,12,40.0,5
4601054534,3799707310,12,40.0,5
3799707310,620401949,12,40.0,5
3800051569,3800051563,12,40.0,5
3800051563,3800051559,12,40.0,5
3800051559,3192347719,12,40.0,5
3192347719,3192347673,12,40.0,5
3192347673,3192347739,12,40.0,5
3192347739,3192347740,12,40.0,5
3192347740,13685134643,12,40.0,5
13685134643,13685134642,12,40.0,5
13685134642,13685134641,12,40.0,5
13685134641,13685134640,12,40.0,5
13685134640,13685134639,12,40.0,5
13685134639,13685134638,12,40.0,5
13685134638,3192344310,12,40.0,5
3192344310,3301622607,12,40.0,5
3301622607,3192344308,12,40.0,5
3192344308,646892443,12,40.0,5
646892443,13684883033,12,40.0,5
13684883033,13684883034,12,40.0,5
13684883034,403875010,12,40.0,5
403875010,1128190820,12,40.0,5
1128190820,618552115,12,40.0,5
618552115,13684883020,12,40.0,5
13684883020,645091816,12,40.0,5
645091816,10869977168,12,40.0,5
1863416593,10261690688,12,40.0,5
10261690688,13653424929,12,40.0,5
13653424929,13685257003,12,40.0,5
13685257003,13653424930,12,40.0,5
13653424930,13653424937,12,40.0,5
13653424937,13653424928,12,40.0,5
13653424928,13653424936,12,40.0,5
13653424936,13653424935,12,40.0,5
13653424935,13653424934,12,40.0,5
13653424934,13653424933,12,40.0,5
13653424933,13653424932,12,40.0,5
13653424932,13653424931,12,40.0,5
13653424931,1863416578,12,40.0,5
1863416578,13653424947,12,40.0,5
13653424947,13653424946,12,40.0,5
13653424946,13653424945,12,40.0,5
13653424945,13653424944,12,40.0,5
13653424944,13653424943,12,40.0,5
13653424943,10268955089,12,40.0,5
10268955089,13679835506,12,40.0,5
13679835506,11963049010,12,40.0,5
11963049010,1863416600,12,40.0,5
1863416600,1863416603,12,40.0,5
1863416603,13654834536,12,40.0,5
13654834536,13654834535,12,40.0,5
13654834535,13654834534,12,40.0,5
13654834534,1863416584,12,40.0,5
1863416584,11963049002,12,40.0,5
11963049002,11963049004,12,40.0,5
11963049004,11963049005,12,40.0,5
11963049005,11963049009,12,40.0,5
11963049009,653145894,12,40.0,5
653145894,13679835513,12,40.0,5
13679835513,619234414,12,40.0,5
619234414,653145901,12,40.0,5
653145901,6757772122,12,40.0,5
3774751835,3774751836,12,40.0,5
3774751836,9971831085,12,40.0,5
9971831085,3774751839,12,40.0,5
3774751839,269351909,12,40.0,5
269351909,9971831087,12,40.0,5
9971831087,673918212,12,40.0,5
673918212,635850084,12,40.0,5
635850084,673918207,12,40.0,5
673918207,9971831088,12,40.0,5
9971831088,635850065,12,40.0,5
635850065,3774751852,12,40.0,5
3774751852,10889096266,12,40.0,5
10889096266,9971831089,12,40.0,5
9971831089,3774751865,12,40.0,5
3774751865,206594222,12,40.0,5
1683151516,1683151514,12,40.0,5
1683151517,9465149183,12,40.0,5
9465149183,11411574079,12,40.0,5
11411574079,8557849263,12,40.0,5
8557849263,635164715,12,40.0,5
635164715,9496753350,12,40.0,5
9496753350,675967087,12,40.0,5
9565952987,5818280914,12,40.0,5
5818280914,599131263,12,40.0,5
599131263,9464216946,12,40.0,5
9464216946,3600138025,12,40.0,5
3600138025,618273393,12,40.0,5
618273393,9567460127,12,40.0,5
9567460127,269366472,12,40.0,5
269366472,621993957,12,40.0,5
621993957,9934478404,12,40.0,5
9934478404,667277570,12,40.0,5
667277570,11393215253,12,40.0,5
11393215253,11393215255,12,40.0,5
11393215255,60797020,12,40.0,5
60797020,667277653,12,40.0,5
667277653,667277676,12,40.0,5
667277676,1838419586,12,40.0,5
1838419586,635164635,12,40.0,5
635164635,667277677,12,40.0,5
667277677,3784216834,12,40.0,5
3784216834,4010627207,12,40.0,5
4010627207,4010627208,12,40.0,5
4010627208,619201840,12,40.0,5
667278652,599131275,12,40.0,5
599131275,9748084462,12,40.0,5
9748084462,3800084623,12,40.0,5
3800084623,11393215238,12,40.0,5
11393215238,8557906260,12,40.0,5
8557906260,667278659,12,40.0,5
667278659,674863797,12,40.0,5
674863797,674863796,12,40.0,5
674863796,9748084463,12,40.0,5
9748084463,675967288,12,40.0,5
675967288,191792698,12,40.0,5
191792698,675967282,12,40.0,5
675967282,13248153486,12,40.0,5
13248153486,637554702,12,40.0,5
637554702,9748084469,12,40.0,5
9748084469,3617768739,12,40.0,5
3617768739,637554724,12,40.0,5
637554724,1434071347,12,40.0,5
1434071347,9748084472,12,40.0,5
9748084472,637554742,12,40.0,5
637554742,1434071345,12,40.0,5
1434071345,637554767,12,40.0,5
637554767,1434072705,12,40.0,5
1434072705,13792533364,12,40.0,5
13792533364,1434072709,12,40.0,5
1434072709,3784216833,12,40.0,5
3784216833,637554786,12,40.0,5
637554786,1434072702,12,40.0,5
1434072702,599132998,12,40.0,5
599132998,8557906261,12,40.0,5
8557906261,13736934816,12,40.0,5
13736934816,6661689834,12,40.0,5
6661689834,637566119,12,40.0,5
637566119,637566128,12,40.0,5
637566128,599133000,12,40.0,5
599133000,127658312,12,40.0,5
127658312,9748084473,12,40.0,5
9748084473,191792788,12,40.0,5
191792788,675967386,12,40.0,5
675967386,7461757046,12,40.0,5
7461757046,637570059,12,40.0,5
637570059,675967375,12,40.0,5
675967375,635164551,12,40.0,5
635164551,1434072707,12,40.0,5
1434072707,675967434,12,40.0,5
675967434,1434072701,12,40.0,5
1434072701,675967446,12,40.0,5
675967446,12470287804,12,40.0,5
12470287804,1434072698,12,40.0,5
1434072698,191812778,12,40.0,5
191812778,10123396036,12,40.0,5
10123396036,620384471,12,40.0,5
620384471,1434072706,12,40.0,5
1434072706,2083152302,12,40.0,5
2083152302,8557906262,12,40.0,5
8557906262,1434072703,12,40.0,5
1434072703,191792898,12,40.0,5
191792898,3490010574,12,40.0,5
3490010574,191793257,12,40.0,5
191793257,1434072697,12,40.0,5
1434072697,268936809,12,40.0,5
268936809,8777343224,12,40.0,5
8777343224,1249666100,12,40.0,5
1249666100,666903979,12,40.0,5
666903979,1838419547,12,40.0,5
1838419547,665214477,12,40.0,5
665214477,3784216831,12,40.0,5
3784216831,665214474,12,40.0,5
665214474,666896054,12,40.0,5
666896054,665214473,12,40.0,5
665214473,191792522,12,40.0,5
191792522,8557904482,12,40.0,5
8557904482,675904181,12,40.0,5
675904181,666896017,12,40.0,5
666896017,5650135545,12,40.0,5
5650135545,675889418,12,40.0,5
675889418,675890435,12,40.0,5
675890435,665214509,12,40.0,5
665214509,13673600181,12,40.0,5
13673600181,675889402,12,40.0,5
675889402,13683261924,12,40.0,5
13683261924,11811100146,12,40.0,5
11811100146,13683261921,12,40.0,5
13683261921,13710172246,12,40.0,5
13710172246,13710172252,12,40.0,5
13710172252,5650135547,12,40.0,5
5650135547,13710172259,12,40.0,5
13710172259,10605451585,12,40.0,5
10605451585,635795966,12,40.0,5
635795966,8557904483,12,40.0,5
8557904483,666892398,12,40.0,5
666892398,3784216031,12,40.0,5
3784216031,666892391,12,40.0,5
666892391,635079773,12,40.0,5
635079773,4621990659,12,40.0,5
4621990659,666892434,12,40.0,5
666892434,635795960,12,40.0,5
635795960,666892420,12,40.0,5
666892420,8557928900,12,40.0,5
8557928900,675890068,12,40.0,5
675890068,666892430,12,40.0,5
666892430,635796039,12,40.0,5
635796039,3784216030,12,40.0,5
3784216030,13673600164,12,40.0,5
13673600164,666892463,12,40.0,5
666892463,3822124809,12,40.0,5
3822124809,8959650492,12,40.0,5
8959650492,666892448,12,40.0,5
666892448,191813007,12,40.0,5
191813007,10978416284,12,40.0,5
10978416284,191793734,12,40.0,5
191793734,8557935436,12,40.0,5
8557935436,675889351,12,40.0,5
675889351,10978416279,12,40.0,5
10978416279,675890150,12,40.0,5
675890150,666852673,12,40.0,5
666852673,3231081896,12,40.0,5
3231081896,13697331829,12,40.0,5
13697331829,3085695785,12,40.0,5
3085695785,2049615733,12,40.0,5
2049615733,3784216029,12,40.0,5
3784216029,666892447,12,40.0,5
666892447,666892441,12,40.0,5
666892441,635795993,12,40.0,5
635795993,191813067,12,40.0,5
191813067,3979350883,12,40.0,5
3979350883,666892477,12,40.0,5
666892477,635796007,12,40.0,5
635796007,191813259,12,40.0,5
191813259,3645603979,12,40.0,5
3645603979,3784216028,12,40.0,5
3784216028,665214511,12,40.0,5
665214511,620387090,12,40.0,5
620387090,626487820,12,40.0,5
626487820,13697331833,12,40.0,5
13697331833,13697331835,12,40.0,5
13697331835,666892472,12,40.0,5
666892472,675890649,12,40.0,5
675890649,13697331837,12,40.0,5
13697331837,675890606,12,40.0,5
675890606,3645603980,12,40.0,5
3645603980,1838393514,12,40.0,5
1838393514,666892465,12,40.0,5
666892465,6658600235,12,40.0,5
6658600235,8557885084,12,40.0,5
8557885084,666892541,12,40.0,5
666892541,13697331840,12,40.0,5
13697331840,2925773146,12,40.0,5
2925773146,11001111112,12,40.0,5
11001111112,3345462379,12,40.0,5
3345462379,2925773147,12,40.0,5
2925773147,13385771004,12,40.0,5
13385771004,9464207931,12,40.0,5
9464207931,13385771005,12,40.0,5
13385771005,2925773149,12,40.0,5
2925773149,13385771006,12,40.0,5
13385771006,2925773145,12,40.0,5
2925773145,9936374605,12,40.0,5
9936374605,13385771008,12,40.0,5
13385771008,13385771007,12,40.0,5
13385771007,665214513,12,40.0,5
665214513,9025576679,12,40.0,5
9025576679,10605451586,12,40.0,5
10605451586,7254768048,12,40.0,5
7254768048,7254768041,12,40.0,5
7254768041,666892470,12,40.0,5
666892470,618027759,12,40.0,5
618027759,6206852970,12,40.0,5
6206852970,3764711931,12,40.0,5
3764711931,6553638652,12,40.0,5
6553638652,1963939812,12,40.0,5
1963939812,9406671427,12,40.0,5
9406671427,1307336657,12,40.0,5
1307336657,9406671426,12,40.0,5
9406671426,13385824580,12,40.0,5
13385824580,653109529,12,40.0,5
653109529,6553638647,12,40.0,5
6553638647,13385824584,12,40.0,5
13385824584,3164371478,12,40.0,5
3164371478,599137114,12,40.0,5
599137114,10138713278,12,40.0,5
10138713278,1370691255,12,40.0,5
1370691255,10962860169,12,40.0,5
10962860169,3164393625,12,40.0,5
3164393625,13697266273,12,40.0,5
13697266273,10962860167,12,40.0,5
10962860167,2160901125,12,40.0,5
2160901125,10962860161,12,40.0,5
10962860161,10605451587,12,40.0,5
10605451587,3164393627,12,40.0,5
3164393627,10962860158,12,40.0,5
10962860158,13697266277,12,40.0,5
13697266277,3964852181,12,40.0,5
3964852181,10157282025,12,40.0,5
10157282025,3164393649,12,40.0,5
13692124480,6234125988,12,40.0,5
6234125988,3164346855,12,40.0,5
3164346855,13692124458,12,40.0,5
13692124458,13692124479,12,40.0,5
13692124479,3164346853,12,40.0,5
3164346853,1523650752,12,40.0,5
1523650752,10217002930,12,40.0,5
10217002930,3187957380,12,40.0,5
3187957380,13697266214,12,40.0,5
13697266214,10217002925,12,40.0,5
10217002925,208540906,12,40.0,5
208540906,9501423506,12,40.0,5
9501423506,9501423479,12,40.0,5
9501423479,127657312,12,40.0,5
127657312,6234353218,12,40.0,5
6234353218,6234353084,12,40.0,5
6234353084,6234353185,12,40.0,5
6234353185,6234353080,12,40.0,5
6234353080,10260948417,12,40.0,5
10260948417,6234353076,12,40.0,5
6234353076,13680648337,12,40.0,5
13680648337,13680648340,12,40.0,5
13680648340,3191506638,12,40.0,5
3191506638,13680648347,12,40.0,5
13680648347,13680648342,12,40.0,5
13680648342,3191506636,12,40.0,5
3191506636,6658707485,12,40.0,5
6658707485,11541825539,12,40.0,5
11541825539,13680648346,12,40.0,5
13680648346,127657253,12,40.0,5
127657253,10113654625,12,40.0,5
10113654625,13697266228,12,40.0,5
13697266228,2329119212,12,40.0,5
2329119212,13683675602,12,40.0,5
13683675602,127657185,12,40.0,5
127657185,13683675599,12,40.0,5
13683675599,13683675608,12,40.0,5
13683675608,13680648350,12,40.0,5
13680648350,662875960,12,40.0,5
662875960,2329107832,12,40.0,5
2329107832,256882267,12,40.0,5
256882267,7436891185,12,40.0,5
7436891185,3073783906,12,40.0,5
3073783906,13676883767,12,40.0,5
13676883767,976676997,12,40.0,5
976676997,13676680290,12,40.0,5
13676680290,2329101434,12,40.0,5
2329101434,1839459780,12,40.0,5
1839459780,13676680288,12,40.0,5
13676680288,635909831,12,40.0,5
635909831,3136350901,12,40.0,5
3136350901,3136350896,12,40.0,5
3136350896,13432755963,12,40.0,5
13432755963,13432755964,12,40.0,5
13432755964,3164334816,12,40.0,5
3164334816,13432755965,12,40.0,5
13432755965,3136350898,12,40.0,5
3136350898,13432755959,12,40.0,5
13432755959,3136350893,12,40.0,5
3136350893,1428433256,12,40.0,5
1428433256,1428433259,12,40.0,5
1428433259,262599345,12,40.0,5
262599345,1428433267,12,40.0,5
1428433267,3893879203,12,40.0,5
3893879203,3557739821,12,40.0,5
3557739821,3538188985,12,40.0,5
3538188985,3538188986,12,40.0,5
3538188986,663253092,12,40.0,5
3556443371,13610295763,12,40.0,5
13610295763,3556443374,12,40.0,5
3556443374,10268955043,12,40.0,5
10268955043,13610295764,12,40.0,5
13610295764,3556443370,12,40.0,5
3556443370,13610295765,12,40.0,5
13610295765,13610295766,12,40.0,5
13610295766,3556443375,12,40.0,5
3556443375,619259792,12,40.0,5
619259792,3556443369,12,40.0,5
3556443369,6277581701,12,40.0,5
6277581701,91031875,12,40.0,5
91031875,12006424008,12,40.0,5
12006424008,6399650036,12,40.0,5
6399650036,3191709665,12,40.0,5
3191709665,13232881669,12,40.0,5
13232881669,13676744655,12,40.0,5
13676744655,11399342577,12,40.0,5
11399342577,3538138541,12,40.0,5
3538138541,12650381431,12,40.0,5
12650381431,3191709664,12,40.0,5
3191709664,11575468682,12,40.0,5
11575468682,2546744812,12,40.0,5
2546744812,3538149112,12,40.0,5
3538149112,13653387194,12,40.0,5
13653387194,13653387193,12,40.0,5
13653387193,13653400411,12,40.0,5
13653400411,3538135687,12,40.0,5
3538135687,13653400414,12,40.0,5
13653400414,13653400413,12,40.0,5
13653400413,13653400412,12,40.0,5
13653400412,3538135692,12,40.0,5
3538135692,3538135685,12,40.0,5
3538135685,13653387192,12,40.0,5
13653387192,13653387191,12,40.0,5
13653387191,3538825016,12,40.0,5
3538825016,3191709667,12,40.0,5
3191709667,10268955078,12,40.0,5
10268955078,13653387190,12,40.0,5
13653387190,619227153,12,40.0,5
13675115005,13675115004,12,40.0,5
13675115004,13675115003,12,40.0,5
13675115003,13675115002,12,40.0,5
5375518021,5375518022,12,40.0,5
5375518022,3830183348,12,40.0,5
3830183348,2419600689,12,40.0,5
2419600689,60796641,12,40.0,5
60796641,2419532369,12,40.0,5
2419532369,60797484,12,40.0,5
60797484,5375536094,12,40.0,5
5375536094,13683858340,12,40.0,5
13683858340,4798968762,12,40.0,5
4798968762,8701260315,12,40.0,5
8701260315,8701260312,12,40.0,5
8701260312,10682149772,12,40.0,5
10682149772,13683858343,12,40.0,5
13683858343,10682149762,12,40.0,5
10682149762,3355393357,12,40.0,5
3355393357,4009166492,12,40.0,5
4009166492,269202456,12,40.0,5
3355393361,3355393896,12,40.0,5
3355393896,637624627,12,40.0,5
637624627,9465631105,12,40.0,5
9465631105,9465631106,12,40.0,5
9465631106,1278079633,12,40.0,5
1278079633,1278079600,12,40.0,5
1278079600,3355393385,12,40.0,5
3355393385,4047088787,12,40.0,5
4047088787,9465631107,12,40.0,5
9465631107,9465631108,12,40.0,5
9465631108,3164356590,12,40.0,5
3164356590,269202453,12,40.0,5
269202453,255361136,12,40.0,5
255361136,1346377744,12,40.0,5
1346377744,1346377749,12,40.0,5
1346377749,1346377745,12,40.0,5
1346377745,3191464512,12,40.0,5
3191464512,3191464509,12,40.0,5
3191464509,3645522561,12,40.0,5
3645522561,9733709920,12,40.0,5
9733709920,255361132,12,40.0,5
255361132,1278079713,12,40.0,5
1278079713,3893909443,12,40.0,5
3893909443,255361131,12,40.0,5
255361131,4621941720,12,40.0,5
4621941720,3164337527,12,40.0,5
3164337527,3164337528,12,40.0,5
3164337528,13697317254,12,40.0,5
13697317254,2083191643,12,40.0,5
2083191643,619732442,12,40.0,5
619732442,619732443,12,40.0,5
619732443,619732420,12,40.0,5
619732420,3164337536,12,40.0,5
3164337536,9981034405,12,40.0,5
9981034405,9981034406,12,40.0,5
9981034406,646762530,12,40.0,5
646762530,9981034401,12,40.0,5
9981034401,619732393,12,40.0,5
619732393,619732396,12,40.0,5
619732396,9180242955,12,40.0,5
11021738370,11021738371,12,40.0,5
11021738371,11021738372,12,40.0,5
11021738372,11021738373,12,40.0,5
11021738373,11021738374,12,40.0,5
11021738374,11021738375,12,40.0,5
11021738375,11021738376,12,40.0,5
11021738376,11021738377,12,40.0,5
11021738377,11021738378,12,40.0,5
11021738378,5782052636,12,40.0,5
5782052636,3964854159,12,40.0,5
3964854159,13684023314,12,40.0,5
13684023314,11021738363,12,40.0,5
11021738363,13683818545,12,40.0,5
13683818545,2419586584,12,40.0,5
2419586584,2419586582,12,40.0,5
2419586582,2419586574,12,40.0,5
2419586574,13684023313,12,40.0,5
13684023313,2409510166,12,40.0,5
2409510166,2410566474,12,40.0,5
2410566474,2410566473,12,40.0,5
2410566473,127658294,12,40.0,5
127658294,2419528256,12,40.0,5
2419528256,4798976655,12,40.0,5
4798976655,5764660051,12,40.0,5
5764660051,11021721341,12,40.0,5
11021721341,679007200,12,40.0,5
679007200,11021721339,12,40.0,5
11021721339,4798976657,12,40.0,5
4798976657,11021721330,12,40.0,5
11021721330,2409502684,12,40.0,5
2409502684,5375536067,12,40.0,5
5375536067,5194441198,12,40.0,5
5194441198,3191461221,12,40.0,5
3191461221,5626805941,12,40.0,5
5626805941,206595627,12,40.0,5
206595627,4798976659,12,40.0,5
4798976659,8772399642,12,40.0,5
8772399642,9740502142,12,40.0,5
9740502142,2066330708,12,40.0,5
61802472,253022446,12,40.0,5
253022446,10261690704,12,40.0,5
10261690704,4422642583,12,40.0,5
4422642583,4422642588,12,40.0,5
4422642588,13367391875,12,40.0,5
13367391875,1131882974,12,40.0,5
1131882974,10261690707,12,40.0,5
10261690707,1131882972,12,40.0,5
1131882972,13367391874,12,40.0,5
13367391874,403816151,12,40.0,5
403816151,10211868413,12,40.0,5
10211868413,5280437759,12,40.0,5
5280437759,403816155,12,40.0,5
403816155,10211868397,12,40.0,5
10211868397,3799580318,12,40.0,5
3799580318,696486490,12,40.0,5
696486490,3324639398,12,40.0,5
3324639398,3324643383,12,40.0,5
3324643383,3324639393,12,40.0,5
3324639393,3324643393,12,40.0,5
3324643393,8168340568,12,40.0,5
8168340568,3324643381,12,40.0,5
3324643381,3324643054,12,40.0,5
3324643054,3324639410,12,40.0,5
3324639410,8168340567,12,40.0,5
8168340567,3324639388,12,40.0,5
3324639388,3324640465,12,40.0,5
3324640465,3507460642,12,40.0,5
3507460642,3324640462,12,40.0,5
3324640462,3324645767,12,40.0,5
3324645767,3324646641,12,40.0,5
3324646641,4566145044,12,40.0,5
4566145044,3324645777,12,40.0,5
3324645777,4566145045,12,40.0,5
4566145045,3324646643,12,40.0,5
3324646643,3324646639,12,40.0,5
3324646639,3324646634,12,40.0,5
3324646634,3324646628,12,40.0,5
3324646628,3324646633,12,40.0,5
3324646633,3324645780,12,40.0,5
653145901,619234414,12,40.0,5
619234414,13679835513,12,40.0,5
13679835513,653145894,12,40.0,5
653145894,11963049009,12,40.0,5
11963049009,11963049006,12,40.0,5
11963049006,11963049007,12,40.0,5
11963049007,11963049003,12,40.0,5
11963049003,11963049008,12,40.0,5
11963049008,13654834532,12,40.0,5
13654834532,13654834533,12,40.0,5
13654834533,1863416575,12,40.0,5
1863416575,11963049010,12,40.0,5
1863416600,13654834508,12,40.0,5
13654834508,13654834507,12,40.0,5
13654834507,1863416571,12,40.0,5
1863416571,13654834509,12,40.0,5
13654834509,13654834510,12,40.0,5
13654834510,3645629488,12,40.0,5
3645629488,13654834511,12,40.0,5
13654834511,1863416573,12,40.0,5
1863416573,13654834514,12,40.0,5
13654834514,13654834515,12,40.0,5
13654834515,13654834513,12,40.0,5
13654834513,13654834512,12,40.0,5
13654834512,12434683852,12,40.0,5
12434683852,1863416589,12,40.0,5
1863416589,10268955087,12,40.0,5
10268955087,10216720041,12,40.0,5
10216720041,12831264023,12,40.0,5
12831264023,3922504222,12,40.0,5
3922504222,3922504210,12,40.0,5
3922504210,11192612864,12,40.0,5
11192612864,1924788477,12,40.0,5
1924788477,1924788439,12,40.0,5
6970382948,637440468,12,40.0,5
637440468,10112825429,12,40.0,5
10112825429,599131021,12,40.0,5
599131021,637440382,12,40.0,5
637440382,10112825427,12,40.0,5
10112825427,637453259,12,40.0,5
637453259,637453399,12,40.0,5
637453399,5602556765,12,40.0,5
5602556765,637453328,12,40.0,5
637453328,618273461,12,40.0,5
618273461,10112825425,12,40.0,5
10112825425,637478166,12,40.0,5
637478166,8557817532,12,40.0,5
8557817532,618273462,12,40.0,5
618273462,11436595565,12,40.0,5
11436595565,637478205,12,40.0,5
637478205,618273468,12,40.0,5
618273468,637453363,12,40.0,5
637453363,637453371,12,40.0,5
637453371,599129842,12,40.0,5
599129842,637477899,12,40.0,5
637477899,5602556766,12,40.0,5
5602556766,637453268,12,40.0,5
637453268,8557817533,12,40.0,5
8557817533,667240615,12,40.0,5
667240615,637477957,12,40.0,5
637477957,10112825423,12,40.0,5
10112825423,637478012,12,40.0,5
637478012,637478082,12,40.0,5
637478082,9496753376,12,40.0,5
9496753376,635164747,12,40.0,5
635164747,60797056,12,40.0,5
60797056,10112825422,12,40.0,5
10112825422,3822171188,12,40.0,5
3822171188,3785753685,12,40.0,5
3785753685,12983235790,12,40.0,5
12983235790,621950440,12,40.0,5
621950440,635164739,12,40.0,5
635164739,3785753687,12,40.0,5
3785753687,673927638,12,40.0,5
673927638,5770376651,12,40.0,5
5770376651,12814004882,12,40.0,5
12814004882,620401826,12,40.0,5
620401826,673927660,12,40.0,5
673927660,12983272804,12,40.0,5
12983272804,150994659,12,40.0,5
150994659,12983272805,12,40.0,5
12983272805,12983235791,12,40.0,5
12983235791,667237466,12,40.0,5
667237466,667236840,12,40.0,5
667236840,150994661,12,40.0,5
150994661,5115898228,12,40.0,5
5115898228,667236830,12,40.0,5
667236830,12983235792,12,40.0,5
12983235792,2093089713,12,40.0,5
2093089713,674856215,12,40.0,5
674856215,673925119,12,40.0,5
673925119,150994663,12,40.0,5
150994663,673925109,12,40.0,5
673925109,12983235793,12,40.0,5
12983235793,5115898226,12,40.0,5
5115898226,5567198343,12,40.0,5
5567198343,643015739,12,40.0,5
643015739,673925023,12,40.0,5
673925023,5567198339,12,40.0,5
5567198339,673925093,12,40.0,5
673925093,5567198340,12,40.0,5
5567198340,5567198341,12,40.0,5
5567198341,643015786,12,40.0,5
643015786,5567198342,12,40.0,5
5567198342,150994665,12,40.0,5
150994665,5567198338,12,40.0,5
5567198338,3800051154,12,40.0,5
3800051154,5567198332,12,40.0,5
5567198332,150994666,12,40.0,5
150994666,5567198333,12,40.0,5
5567198333,5567198334,12,40.0,5
5567198334,674593902,12,40.0,5
674593902,5567198335,12,40.0,5
5567198335,643015778,12,40.0,5
643015778,5567198337,12,40.0,5
5567198337,12983235798,12,40.0,5
12983235798,12983235797,12,40.0,5
12983235797,5567198336,12,40.0,5
5567198336,129672903,12,40.0,5
129672903,1528656562,12,40.0,5
1528656562,12983235799,12,40.0,5
12983235799,150994667,12,40.0,5
150994667,1528656571,12,40.0,5
1528656571,9943586006,12,40.0,5
9943586006,3772759795,12,40.0,5
3772759795,7434299462,12,40.0,5
7434299462,13339304260,12,40.0,5
13339304260,129616337,12,40.0,5
129616337,13339304261,12,40.0,5
13339304261,12983235800,12,40.0,5
12983235800,674570897,12,40.0,5
674570897,11577917718,12,40.0,5
11577917718,674594060,12,40.0,5
674594060,129616340,12,40.0,5
129616340,129616344,12,40.0,5
129616344,12983272801,12,40.0,5
12983272801,129616350,12,40.0,5
129616350,674571093,12,40.0,5
674571093,252537802,12,40.0,5
252537802,3774751720,12,40.0,5
3774751720,3774751721,12,40.0,5
3774751721,252537803,12,40.0,5
252537803,674570940,12,40.0,5
674570940,674571356,12,40.0,5
674571356,12983272802,12,40.0,5
12983272802,3784197288,12,40.0,5
3784197288,252537804,12,40.0,5
252537804,252537805,12,40.0,5
252537805,3354661033,12,40.0,5
3354661033,208541425,12,40.0,5
208541425,10216150408,12,40.0,5
10216150408,5105301747,12,40.0,5
5105301747,5373513487,12,40.0,5
5373513487,3774751717,12,40.0,5
3774751717,208541394,12,40.0,5
208541394,11549247179,12,40.0,5
11549247179,10216150410,12,40.0,5
10216150410,11540630549,12,40.0,5
11540630549,3774751734,12,40.0,5
3774751734,5105301739,12,40.0,5
5105301739,11540630547,12,40.0,5
11540630547,5373513488,12,40.0,5
5373513488,5105301742,12,40.0,5
5105301742,681207912,12,40.0,5
681207912,3354661034,12,40.0,5
3354661034,5105301753,12,40.0,5
5105301753,3354661039,12,40.0,5
3354661039,3354661037,12,40.0,5
3354661037,13658932783,12,40.0,5
13658932783,625830670,12,40.0,5
625830670,635855771,12,40.0,5
635855771,635855735,12,40.0,5
635855735,635855755,12,40.0,5
635855755,10216150413,12,40.0,5
10216150413,670245651,12,40.0,5
670245651,10567135723,12,40.0,5
10567135723,5045580783,12,40.0,5
5045580783,10216150414,12,40.0,5
10216150414,5373001754,12,40.0,5
5373001754,10216150415,12,40.0,5
10216150415,635164929,12,40.0,5
635164929,670252401,12,40.0,5
670252401,1128188129,12,40.0,5
1128188129,635164942,12,40.0,5
635164942,10094480196,12,40.0,5
10094480196,9470561899,12,40.0,5
9470561899,670253219,12,40.0,5
670253219,9470561893,12,40.0,5
9470561893,10094480188,12,40.0,5
10094480188,10216150416,12,40.0,5
10216150416,7158156520,12,40.0,5
7158156520,250731057,12,40.0,5
250731057,10216158817,12,40.0,5
10216158817,2444245601,12,40.0,5
2444245601,2444245606,12,40.0,5
2444245606,250731040,12,40.0,5
250731040,2444245595,12,40.0,5
2444245595,12018224131,12,40.0,5
12018224131,635164866,12,40.0,5
635164866,2444128665,12,40.0,5
2444128665,3166156579,12,40.0,5
3166156579,250731039,12,40.0,5
250731039,250731038,12,40.0,5
250731038,10216158820,12,40.0,5
10216158820,672806781,12,40.0,5
672806781,4032641231,12,40.0,5
4032641231,2444128667,12,40.0,5
2444128667,14239787347,12,40.0,5
14239787347,642959824,12,40.0,5
642959824,250731037,12,40.0,5
250731037,672806908,12,40.0,5
672806908,10216158821,12,40.0,5
10216158821,3354645296,12,40.0,5
3354645296,639689279,12,40.0,5
672817127,10216158827,12,40.0,5
10216158827,3354645317,12,40.0,5
3354645317,3354645306,12,40.0,5
3354645306,5490286090,12,40.0,5
5490286090,3354645185,12,40.0,5
3354645185,3354645187,12,40.0,5
3354645187,621804993,12,40.0,5
621804993,3354645318,12,40.0,5
3354645318,3354645314,12,40.0,5
3354645314,1144959889,12,40.0,5
1144959889,3354645301,12,40.0,5
3354645301,2527564187,12,40.0,5
2527564187,5309894420,12,40.0,5
5309894420,3354645180,12,40.0,5
3354645180,4180058599,12,40.0,5
4180058599,1144959782,12,40.0,5
1144959782,3354645192,12,40.0,5
3354645192,5490286088,12,40.0,5
5490286088,2527564188,12,40.0,5
2527564188,5309894427,12,40.0,5
5309894427,639689187,12,40.0,5
639689187,3354645324,12,40.0,5
3354645324,3354645298,12,40.0,5
3354645298,673066207,12,40.0,5
673066207,5309894415,12,40.0,5
5309894415,673066192,12,40.0,5
673066192,3354645312,12,40.0,5
3354645312,250731023,12,40.0,5
250731023,3354645178,12,40.0,5
3354645178,626494153,12,40.0,5
626494153,626494152,12,40.0,5
626494152,3354645315,12,40.0,5
3354645315,4181828128,12,40.0,5
4181828128,250731019,12,40.0,5
250731019,3354645179,12,40.0,5
3354645179,5309894404,12,40.0,5
5309894404,626493406,12,40.0,5
626493406,3594564346,12,40.0,5
3594564346,267078076,12,40.0,5
267078076,3594564349,12,40.0,5
3594564349,3594564347,12,40.0,5
3594564347,672817742,12,40.0,5
672817742,3594564350,12,40.0,5
3594564350,673066196,12,40.0,5
673066196,254033158,12,40.0,5
679017371,2527564196,12,40.0,5
2527564196,672819132,12,40.0,5
672819132,12759376234,12,40.0,5
12759376234,12759376235,12,40.0,5
12759376235,672819131,12,40.0,5
672819131,672819130,12,40.0,5
672819130,672819129,12,40.0,5
672819129,673882739,12,40.0,5
673882739,673885553,12,40.0,5
673885553,673882743,12,40.0,5
673882743,673882742,12,40.0,5
673882742,673882741,12,40.0,5
673882741,7117381822,12,40.0,5
7117381822,6421737389,12,40.0,5
11578007859,11578007860,12,40.0,5
11578007860,11578007861,12,40.0,5
11578007861,11578007862,12,40.0,5
11578007862,11578007863,12,40.0,5
11578007863,11578007864,12,40.0,5
129615942,9959089698,12,40.0,5
9959089698,129615933,12,40.0,5
129615933,6661943573,12,40.0,5
6661943573,1737490143,12,40.0,5
1737490143,6661943581,12,40.0,5
6661943581,678826934,12,40.0,5
678826934,2015142286,12,40.0,5
2015142286,2394776177,12,40.0,5
2394776177,2394776217,12,40.0,5
2394776217,1737490139,12,40.0,5
1737490139,2135866884,12,40.0,5
2135866884,1737490131,12,40.0,5
1737490131,11489668128,12,40.0,5
11489668128,129615924,12,40.0,5
129615924,5635159175,12,40.0,5
5635159175,5635159176,12,40.0,5
5635159176,11415431757,12,40.0,5
11415431757,2083118553,12,40.0,5
2083118553,5635159210,12,40.0,5
5635159210,11415431763,12,40.0,5
11415431763,5635159192,12,40.0,5
5635159192,11415431742,12,40.0,5
11415431742,674943785,12,40.0,5
674943785,5635159178,12,40.0,5
5635159178,2122149101,12,40.0,5
2122149101,2122149090,12,40.0,5
2122149090,637362210,12,40.0,5
637362210,637054776,12,40.0,5
637054776,1445799941,12,40.0,5
1445799941,1445799938,12,40.0,5
1445799938,625826112,12,40.0,5
625826112,625826123,12,40.0,5
625826123,625826160,12,40.0,5
625826160,6666624498,12,40.0,5
6666624498,625826163,12,40.0,5
625826163,6666624495,12,40.0,5
6666624495,12045645814,12,40.0,5
643015418,6134011545,12,40.0,5
6134011545,643015420,12,40.0,5
643015420,643015422,12,40.0,5
643015422,259648489,12,40.0,5
259648489,643015409,12,40.0,5
643015409,1645509554,12,40.0,5
1645509554,10777608622,12,40.0,5
10777608622,1683120302,12,40.0,5
1683120302,10777608623,12,40.0,5
10777608623,64300078,12,40.0,5
64300078,1683120309,12,40.0,5
1683120309,1645509559,12,40.0,5
1645509559,61802647,12,40.0,5
61802647,269351913,12,40.0,5
269351913,12259350883,12,40.0,5
12259350883,5556873235,12,40.0,5
5556873235,9852894226,12,40.0,5
9852894226,9971831086,12,40.0,5
9971831086,268936779,12,40.0,5
268936779,9971831083,12,40.0,5
9971831083,3774751836,12,40.0,5
206594222,1683151529,12,40.0,5
1683151528,9565070865,12,40.0,5
10740616705,10740616716,12,40.0,5
10740616716,10740616730,12,40.0,5
10740616730,129616175,12,40.0,5
129616175,643015678,12,40.0,5
643015678,3742323069,12,40.0,5
3742323069,6260211869,12,40.0,5
6260211869,10216150403,12,40.0,5
10216150403,6260211871,12,40.0,5
6260211871,11292718319,12,40.0,5
11292718319,129616199,12,40.0,5
129616199,10216150404,12,40.0,5
10216150404,643015757,12,40.0,5
643015757,672613506,12,40.0,5
672613506,1978809439,12,40.0,5
1978809439,129616237,12,40.0,5
129616237,3785753712,12,40.0,5
3785753712,129616241,12,40.0,5
129616241,129616243,12,40.0,5
129616243,3774705980,12,40.0,5
3774705980,10216150405,12,40.0,5
10216150405,642994686,12,40.0,5
642994686,6260211877,12,40.0,5
6260211877,256881020,12,40.0,5
256881020,3774705982,12,40.0,5
3774705982,3774705986,12,40.0,5
3774705986,666903888,12,40.0,5
666903888,256881018,12,40.0,5
256881018,6260211880,12,40.0,5
6260211880,3774706000,12,40.0,5
3774706000,6260211882,12,40.0,5
6260211882,256881016,12,40.0,5
670245651,11836239904,12,40.0,5
11836239904,670245650,12,40.0,5
670245650,670245649,12,40.0,5
670245649,670245648,12,40.0,5
670245648,681218013,12,40.0,5
681218013,670245643,12,40.0,5
670245643,11836239903,12,40.0,5
11836239903,11836239902,12,40.0,5
11836239902,670245647,12,40.0,5
670245647,5373001751,12,40.0,5
5373001751,11427759667,12,40.0,5
11427759667,5373001750,12,40.0,5
5373001750,5373001749,12,40.0,5
13691926689,13691926687,12,40.0,5
13691926687,3799579144,12,40.0,5
3799579144,13691926688,12,40.0,5
13691926688,12831264025,12,40.0,5
12831264025,12831264024,12,40.0,5
12831264024,3799580280,12,40.0,5
3799580280,12127491533,12,40.0,5
12127491533,8851009222,12,40.0,5
8851009222,3799580286,12,40.0,5
3799580286,3799580289,12,40.0,5
3799580289,3799580291,12,40.0,5
3799580291,619234417,12,40.0,5
619234417,619234415,12,40.0,5
619234415,653145901,12,40.0,5
619234414,653145916,12,40.0,5
653145916,653145917,12,40.0,5
653145917,653145918,12,40.0,5
653145918,653145919,12,40.0,5
653145919,653145920,12,40.0,5
653145920,653145921,12,40.0,5
653145921,653145902,12,40.0,5
653145902,13684477253,12,40.0,5
13684477253,653145903,12,40.0,5
653145903,653145905,12,40.0,5
653145905,653145906,12,40.0,5
653145906,3799955098,12,40.0,5
3799955098,653145907,12,40.0,5
653145907,653145909,12,40.0,5
653145909,1863416596,12,40.0,5
1863416596,1863416592,12,40.0,5
1863416592,3645629486,12,40.0,5
3645629486,3645629484,12,40.0,5
3645629484,3645629483,12,40.0,5
3645629483,3188323724,12,40.0,5
3188323724,3188321180,12,40.0,5
3188321180,1863416594,12,40.0,5
1863416594,13656274791,12,40.0,5
13656274791,10268955081,12,40.0,5
10268955081,1863416590,12,40.0,5
1863416590,13653387195,12,40.0,5
13653387195,3893855706,12,40.0,5
3893855706,10268955077,12,40.0,5
10268955077,13653387196,12,40.0,5
13653387196,13653387197,12,40.0,5
13653387197,13653400405,12,40.0,5
13653400405,13653400406,12,40.0,5
13653400406,3307476616,12,40.0,5
13663630398,13695954069,12,40.0,5
13695954069,13695954068,12,40.0,5
13695954068,13695954067,12,40.0,5
13695954067,262620157,12,40.0,5
262620157,3136316333,12,40.0,5
3136316333,3383965579,12,40.0,5
3383965579,6233600974,12,40.0,5
6233600974,13676883768,12,40.0,5
13676883768,3702799967,12,40.0,5
3702799967,619234461,12,40.0,5
619234461,663253023,12,40.0,5
663253023,6233616386,12,40.0,5
6233616386,663253028,12,40.0,5
663253028,6233616393,12,40.0,5
6233616393,663253013,12,40.0,5
663253013,6233616394,12,40.0,5
6233616394,2464923171,12,40.0,5
2464923171,1428433268,12,40.0,5
1428433268,3893879204,12,40.0,5
3893879204,13685191382,12,40.0,5
13685191382,1428433260,12,40.0,5
1428433260,1428433258,12,40.0,5
1428433258,1428433257,12,40.0,5
1428433257,3136350899,12,40.0,5
3136350899,5179508254,12,40.0,5
5179508254,3164334813,12,40.0,5
3164334813,6234353215,12,40.0,5
6234353215,6234353069,12,40.0,5
6234353069,6234353214,12,40.0,5
6234353214,6234353071,12,40.0,5
6234353071,13676680289,12,40.0,5
13676680289,6234353209,12,40.0,5
6234353209,13676883766,12,40.0,5
13676883766,13680749288,12,40.0,5
13680749288,6234353189,12,40.0,5
6234353189,11541825548,12,40.0,5
11541825548,6234353190,12,40.0,5
6234353190,13680648349,12,40.0,5
13680648349,11541825559,12,40.0,5
11541825559,13683675607,12,40.0,5
13683675607,13683675600,12,40.0,5
13683675600,6234353203,12,40.0,5
6234353203,13683675601,12,40.0,5
13683675601,11541825556,12,40.0,5
11541825556,6234353198,12,40.0,5
6234353198,13680648345,12,40.0,5
13680648345,13697223397,12,40.0,5
13697223397,6234353194,12,40.0,5
6234353194,13680648343,12,40.0,5
13680648343,6234353191,12,40.0,5
6234353191,13680648338,12,40.0,5
13680648338,13680648341,12,40.0,5
13680648341,13680648339,12,40.0,5
13680648339,7053715743,12,40.0,5
7053715743,10260948420,12,40.0,5
10260948420,3822223767,12,40.0,5
3822223767,127657312,12,40.0,5
6234353218,10633327892,12,40.0,5
10633327892,6234353216,12,40.0,5
6234353216,13697855216,12,40.0,5
13697855216,7159969616,12,40.0,5
7159969616,6524645093,12,40.0,5
6524645093,10768107797,12,40.0,5
10768107797,13697317259,12,40.0,5
13697317259,10768107792,12,40.0,5
10768107792,10768107793,12,40.0,5
10768107793,10768107794,12,40.0,5
10768107794,10768107795,12,40.0,5
10768107795,10768107798,12,40.0,5
10768107798,9501423512,12,40.0,5
9501423512,9501423513,12,40.0,5
9501423513,9501449118,12,40.0,5
9501449118,9501449119,12,40.0,5
4860202568,4860202564,12,40.0,5
4860202564,6666615121,12,40.0,5
6666615121,4860202563,12,40.0,5
4860202563,5058795006,12,40.0,5
5058795006,4860202562,12,40.0,5
4860202562,693004053,12,40.0,5
693004053,4860202561,12,40.0,5
4860202561,693004056,12,40.0,5
693004056,5784350422,12,40.0,5
5784350422,5784350421,12,40.0,5
5784350421,250734844,12,40.0,5
250734844,4860202574,12,40.0,5
4860202574,2135866893,12,40.0,5
2135866893,4860202573,12,40.0,5
4860202573,2135866886,12,40.0,5
2135866886,250731296,12,40.0,5
250731296,1205349452,12,40.0,5
1205349452,6666615123,12,40.0,5
6666615123,619944488,12,40.0,5
619944488,250731295,12,40.0,5
250731295,5105030946,12,40.0,5
5105030946,250731294,12,40.0,5
250731294,693004050,12,40.0,5
693004050,3504273424,12,40.0,5
3504273424,250731293,12,40.0,5
250731293,625827020,12,40.0,5
625827020,5619439271,12,40.0,5
5619439271,11575892561,12,40.0,5
11575892561,12045645832,12,40.0,5
12045645832,693004096,12,40.0,5
693004096,250731292,12,40.0,5
250731292,11431968272,12,40.0,5
11431968272,250731291,12,40.0,5
250731291,11431968273,12,40.0,5
11431968273,11431968271,12,40.0,5
11431968271,11431968274,12,40.0,5
11431968274,11431968275,12,40.0,5
11431968275,637054776,12,40.0,5
637054776,637362210,12,40.0,5
635164866,619122229,12,40.0,5
619122229,619122230,12,40.0,5
619122230,4032641241,12,40.0,5
4032641241,642959810,12,40.0,5
642959810,4032641239,12,40.0,5
4032641239,642959811,12,40.0,5
642959811,642959812,12,40.0,5
642959812,5199460521,12,40.0,5
5199460521,672806819,12,40.0,5
672806819,672807120,12,40.0,5
672807120,642959813,12,40.0,5
642959813,6292081115,12,40.0,5
6292081115,642959815,12,40.0,5
642959815,642959816,12,40.0,5
642959816,642959825,12,40.0,5
642959825,642959827,12,40.0,5
642959827,619124138,12,40.0,5
619124138,619124140,12,40.0,5
619124140,4032641246,12,40.0,5
4032641246,619124142,12,40.0,5
619124142,619124143,12,40.0,5
619124143,4032641247,12,40.0,5
4032641247,619124145,12,40.0,5
619124145,619124147,12,40.0,5
619124147,672807015,12,40.0,5
672807015,672807007,12,40.0,5
1583879153,13581788007,12,40.0,5
13581788007,13683858316,12,40.0,5
13683858316,13683858313,12,40.0,5
13683858313,10035984128,12,40.0,5
10035984128,5137354262,12,40.0,5
5137354262,13684016492,12,40.0,5
13684016492,766428156,12,40.0,5
3431855593,2505983145,12,40.0,5
2505983145,3431855188,12,40.0,5
3431855188,3199124296,12,40.0,5
3199124296,2505983146,12,40.0,5
2505983146,3199120911,12,40.0,5
3199120911,2505983155,12,40.0,5
2505983155,3431855634,12,40.0,5
3431855634,3199120927,12,40.0,5
3199120927,2505983150,12,40.0,5
2505983150,2505983143,12,40.0,5
2505983143,3431855648,12,40.0,5
3431855648,2505983172,12,40.0,5
2505983172,2505983148,12,40.0,5
2505983148,2505983164,12,40.0,5
2505983164,3431855628,12,40.0,5
3431855628,3431855657,12,40.0,5
3431855657,2505983152,12,40.0,5
2505983152,2505983167,12,40.0,5
2505983167,13656611435,12,40.0,5
13656611435,13656611434,12,40.0,5
13656611434,13656611433,12,40.0,5
13656611433,1133127159,12,40.0,5
1133127159,13656611436,12,40.0,5
13656611436,2499022298,12,40.0,5
2499022298,2499022284,12,40.0,5
2499022284,2499021385,12,40.0,5
2499021385,2499021386,12,40.0,5
2499021386,2499021387,12,40.0,5
2499021387,2499021388,12,40.0,5
2499021388,253022461,12,40.0,5
253022461,1133127014,12,40.0,5
1133127014,13656611432,12,40.0,5
13656611432,1133127226,12,40.0,5
1133127226,3169306462,12,40.0,5
3169306462,635899055,12,40.0,5
635899055,3431874654,12,40.0,5
3431874654,3431874651,12,40.0,5
3431874651,653145824,12,40.0,5
653145824,3431874653,12,40.0,5
3431874653,3431874650,12,40.0,5
3431874650,3431874652,12,40.0,5
3431874652,653145825,12,40.0,5
653145825,3431874649,12,40.0,5
3431874649,653145826,12,40.0,5
653145826,4814638667,12,40.0,5
4814638667,403874458,12,40.0,5
403874458,696495652,12,40.0,5
696495652,3592980816,12,40.0,5
3592980816,4814713927,12,40.0,5
4814713927,3592980817,12,40.0,5
3592980817,3592980818,12,40.0,5
3592980818,4814713929,12,40.0,5
4814713929,403874456,12,40.0,5
403874456,4814713928,12,40.0,5
4814713928,696495650,12,40.0,5
696495650,4196216190,12,40.0,5
4196216190,403874463,12,40.0,5
403874463,4195820922,12,40.0,5
4195820922,4195821029,12,40.0,5
4195821029,4195821028,12,40.0,5
4195821028,4196216295,12,40.0,5
4196216295,4814639951,12,40.0,5
4814639951,403874452,12,40.0,5
403874452,4814639957,12,40.0,5
4814639957,5498169926,12,40.0,5
5498169926,3592980819,12,40.0,5
3592980819,1134573630,12,40.0,5
1134573630,4814641222,12,40.0,5
4814641222,696486308,12,40.0,5
696486308,3379019559,12,40.0,5
3379019559,5895890306,12,40.0,5
5895890306,4422636480,12,40.0,5
4422636480,4974706105,12,40.0,5
4974706105,403874450,12,40.0,5
403874450,4422636479,12,40.0,5
4422636479,696486334,12,40.0,5
696486334,4422636477,12,40.0,5
4422636477,4422636478,12,40.0,5
4422636478,696486201,12,40.0,5
696486201,3379019563,12,40.0,5
3379019563,4422636476,12,40.0,5
4422636476,4195971005,12,40.0,5
4195971005,403874448,12,40.0,5
403874448,403874447,12,40.0,5
403874447,696486237,12,40.0,5
696486237,3379019556,12,40.0,5
3379019556,4195971002,12,40.0,5
4195971002,3379019555,12,40.0,5
3379019555,5285388537,12,40.0,5
5285388537,4194590277,12,40.0,5
4194590277,403874444,12,40.0,5
403874444,3141185451,12,40.0,5
3141185451,4974709954,12,40.0,5
4974709954,10696608748,12,40.0,5
10696608748,696486250,12,40.0,5
696486250,696486243,12,40.0,5
696486243,6629664870,12,40.0,5
6629664870,6629664869,12,40.0,5
6629664869,696486247,12,40.0,5
696486247,4194590273,12,40.0,5
4194590273,4196596780,12,40.0,5
4196596780,4196596541,12,40.0,5
4196596541,5623978556,12,40.0,5
5623978556,5623978560,12,40.0,5
5623978560,5623978557,12,40.0,5
5623978557,5623978563,12,40.0,5
5623978563,5623978562,12,40.0,5
5623978562,4196596195,12,40.0,5
4196596195,4196594964,12,40.0,5
4196594964,4196594952,12,40.0,5
4196594952,5623978558,12,40.0,5
5623978558,4196594942,12,40.0,5
4196594942,4196594920,12,40.0,5
13683818549,13683818550,12,40.0,5
13683818550,10682149764,12,40.0,5
10682149764,10682149765,12,40.0,5
10682149765,10682149766,12,40.0,5
10682149766,10682149773,12,40.0,5
10682149773,10682149772,12,40.0,5
6234042658,6234042666,12,40.0,5
6234042666,13697281141,12,40.0,5
13697281141,9501449164,12,40.0,5
9501449164,13697281147,12,40.0,5
13697281147,6234044291,12,40.0,5
6234044291,13697223388,12,40.0,5
13697223388,6234044293,12,40.0,5
6234044293,6234042674,12,40.0,5
6234042674,6234042673,12,40.0,5
6234042673,9981050820,12,40.0,5
9981050820,6234042677,12,40.0,5
6234042677,6234042681,12,40.0,5
6234042681,10243703024,12,40.0,5
10243703024,6234044312,12,40.0,5
6234044312,6234042653,12,40.0,5
6234042653,6234044303,12,40.0,5
6234044303,6234042682,12,40.0,5
6234042682,3166483451,12,40.0,5
3166483451,5346264089,12,40.0,5
5346264089,635914022,12,40.0,5
635914022,619274771,12,40.0,5
619274771,4967063019,12,40.0,5
4967063019,13681389469,12,40.0,5
13681389469,653129387,12,40.0,5
653129387,10555850726,12,40.0,5
10555850726,619274598,12,40.0,5
619274598,619274591,12,40.0,5
619274591,4967062975,12,40.0,5
4967062975,618540135,12,40.0,5
618540135,2143724571,12,40.0,5
2143724571,13691672312,12,40.0,5
13691672312,681872201,12,40.0,5
681872201,681871729,12,40.0,5
681871729,681871705,12,40.0,5
681871705,4967062973,12,40.0,5
4967062973,3799735856,12,40.0,5
3799735856,4967062968,12,40.0,5
4967062968,3799736759,12,40.0,5
3799736759,2094311016,12,40.0,5
2094311016,2094311011,12,40.0,5
2094311011,2096551933,12,40.0,5
2096551933,2094311014,12,40.0,5
2094311014,7846642762,12,40.0,5
7846642762,681829696,12,40.0,5
681829696,3922496570,12,40.0,5
3922496570,3922496571,12,40.0,5
3922496571,6754111777,12,40.0,5
6754111777,6754111776,12,40.0,5
6754111776,2304481902,12,40.0,5
2304481902,6754111775,12,40.0,5
6754111775,6754111773,12,40.0,5
6754111773,6754111772,12,40.0,5
3803004603,13700217586,12,40.0,5
13700217586,268936808,12,40.0,5
268936808,9460815116,12,40.0,5
9460815116,9460833117,12,40.0,5
9460833117,191813176,12,40.0,5
191813176,10138713280,12,40.0,5
10138713280,127658560,12,40.0,5
127658560,3617752195,12,40.0,5
3617752195,9556036141,12,40.0,5
9556036141,10213593099,12,40.0,5
10213593099,9556036132,12,40.0,5
9556036132,9464216941,12,40.0,5
9464216941,191799833,12,40.0,5
191799833,127658568,12,40.0,5
127658568,666892409,12,40.0,5
666892409,127658585,12,40.0,5
127658585,9464216942,12,40.0,5
9464216942,618273530,12,40.0,5
618273530,127658599,12,40.0,5
127658599,9236951567,12,40.0,5
9236951567,191799878,12,40.0,5
191799878,9236951564,12,40.0,5
9236951564,13673600182,12,40.0,5
13673600182,191812187,12,40.0,5
191812187,9243218764,12,40.0,5
9243218764,9243218769,12,40.0,5
9243218769,9243218784,12,40.0,5
9243218784,13673566703,12,40.0,5
13673566703,621993789,12,40.0,5
621993789,621996944,12,40.0,5
621996944,621996946,12,40.0,5
621996946,2015171174,12,40.0,5
2015171174,9464216943,12,40.0,5
9464216943,2015155899,12,40.0,5
2015155899,9464216944,12,40.0,5
9464216944,12749932628,12,40.0,5
12749932628,12749932631,12,40.0,5
12749932631,666881288,12,40.0,5
666881288,11822099782,12,40.0,5
11822099782,10882720970,12,40.0,5
10882720970,259648462,12,40.0,5
259648462,5652409207,12,40.0,5
5652409207,5652409191,12,40.0,5
5652409191,2015171175,12,40.0,5
2015171175,10882720978,12,40.0,5
10882720978,10882720977,12,40.0,5
10882720977,637570063,12,40.0,5
637570063,2015171173,12,40.0,5
2015171173,13673566379,12,40.0,5
13673566379,618309296,12,40.0,5
618309296,13675281398,12,40.0,5
13675281398,13673566377,12,40.0,5
13673566377,678343030,12,40.0,5
678343030,5136791097,12,40.0,5
5136791097,13673292331,12,40.0,5
13673292331,5136791095,12,40.0,5
5136791095,6517572675,12,40.0,5
6517572675,3808899008,12,40.0,5
3808899008,13673292332,12,40.0,5
13673292332,6517620151,12,40.0,5
6517620151,621993848,12,40.0,5
621993848,13673292333,12,40.0,5
13673292333,678343035,12,40.0,5
678343035,6517630402,12,40.0,5
6517630402,3742213225,12,40.0,5
3742213225,10208452733,12,40.0,5
10208452733,3742213226,12,40.0,5
3742213226,3742213227,12,40.0,5
13698430254,13698430252,12,40.0,5
13698430252,13698430218,12,40.0,5
13698430218,13698430219,12,40.0,5
13698430219,13698430220,12,40.0,5
13698430220,13698430221,12,40.0,5
13698430221,13698430208,12,40.0,5
13698430208,13698430222,12,40.0,5
13698430222,13698430223,12,40.0,5
13698430223,13698430224,12,40.0,5
13698430224,13698430225,12,40.0,5
13698430225,13698430205,12,40.0,5
13698430205,13698397500,12,40.0,5
13698397500,13698430226,12,40.0,5
13698430226,13698430227,12,40.0,5
13698430227,13698430228,12,40.0,5
13698430228,621822224,12,40.0,5
621822224,8708030330,12,40.0,5
8708030330,621822541,12,40.0,5
621822541,621822545,12,40.0,5
621822545,621835717,12,40.0,5
621835717,13698236233,12,40.0,5
13698236233,667761541,12,40.0,5
667761541,13698236232,12,40.0,5
13698236232,621822556,12,40.0,5
621822556,10216158836,12,40.0,5
10216158836,667761529,12,40.0,5
667761529,2049675489,12,40.0,5
2049675489,4084775835,12,40.0,5
4084775835,667761540,12,40.0,5
667761540,667761519,12,40.0,5
667761519,2154029197,12,40.0,5
2154029197,4082577087,12,40.0,5
4082577087,4082578592,12,40.0,5
4082578592,4082578608,12,40.0,5
4082578608,4082577270,12,40.0,5
4082577270,10039723374,12,40.0,5
637453336,637453385,12,40.0,5
637453385,637453238,12,40.0,5
1235750075,2174786547,12,40.0,5
2174786547,10219043316,12,40.0,5
2143718074,3152504905,12,40.0,5
3152504905,3891763659,12,40.0,5
3891763659,3152504912,12,40.0,5
3152504912,3152504908,12,40.0,5
3152504908,3502148088,12,40.0,5
3502148088,10219043265,12,40.0,5
10219043265,13386900169,12,40.0,5
13386900169,3152504919,12,40.0,5
3152504919,10219043264,12,40.0,5
10219043264,10219043297,12,40.0,5
10219043297,10219043298,12,40.0,5
10219043298,13386900168,12,40.0,5
13386900168,10219043309,12,40.0,5
10219043309,10219043307,12,40.0,5
10219043307,1428448780,12,40.0,5
1428448780,10219043310,12,40.0,5
10219043310,10219043311,12,40.0,5
10219043311,13386900161,12,40.0,5
13386900161,3896041616,12,40.0,5
3896041616,13386900162,12,40.0,5
13386900162,13386900160,12,40.0,5
13386900160,13386900163,12,40.0,5
13386900163,618510569,12,40.0,5
618510569,3172210940,12,40.0,5
3172210940,4817223844,12,40.0,5
4817223844,3172209417,12,40.0,5
3172209417,3199107295,12,40.0,5
3199107295,8585431001,12,40.0,5
8585431001,3550884979,12,40.0,5
3550884979,618512475,12,40.0,5
618512475,9740502146,12,40.0,5
9740502146,3964896717,12,40.0,5
3964896717,13386900176,12,40.0,5
13386900176,3964896715,12,40.0,5
3964896715,13386900177,12,40.0,5
13386900177,3964896716,12,40.0,5
3964896716,3964910415,12,40.0,5
3964910415,3964896719,12,40.0,5
3964896719,3964896718,12,40.0,5
3964896718,674684720,12,40.0,5
674684720,5626788310,12,40.0,5
5626788310,9740502145,12,40.0,5
9740502145,9437289601,12,40.0,5
9437289601,2143715448,12,40.0,5
2143715448,13690640952,12,40.0,5
13690640952,5626788313,12,40.0,5
5626788313,1235779732,12,40.0,5
1235779732,9740502144,12,40.0,5
9740502144,3150421789,12,40.0,5
281864258,3774705979,12,40.0,5
3774705979,259648514,12,40.0,5
259648514,259648513,12,40.0,5
259648513,5105301781,12,40.0,5
5105301781,259648512,12,40.0,5
259648512,259648501,12,40.0,5
259648501,1978809444,12,40.0,5
1978809444,1978809439,12,40.0,5
666903888,666903899,12,40.0,5
666903899,666903867,12,40.0,5
666903867,666903898,12,40.0,5
666903898,3774706011,12,40.0,5
3774706011,3774706013,12,40.0,5
3774706013,11540549715,12,40.0,5
11540549715,666903897,12,40.0,5
666903897,666903896,12,40.0,5
666903896,666903894,12,40.0,5
666903894,666903892,12,40.0,5
666903892,666903891,12,40.0,5
666903891,666903890,12,40.0,5
666903890,666903889,12,40.0,5
666903889,129616344,12,40.0,5
129616344,3772796599,12,40.0,5
3772796599,3772759796,12,40.0,5
3772759796,129616354,12,40.0,5
129616354,3772759798,12,40.0,5
3772759798,674570396,12,40.0,5
674570396,674594073,12,40.0,5
674594073,674593841,12,40.0,5
674593841,129616375,12,40.0,5
129616375,129616390,12,40.0,5
129616390,622293226,12,40.0,5
622293226,3783072861,12,40.0,5
3783072861,622293227,12,40.0,5
622293227,3774706073,12,40.0,5
3774706073,3774656189,12,40.0,5
3774656189,674682638,12,40.0,5
674682638,3783072860,12,40.0,5
3783072860,674682671,12,40.0,5
674682671,674682668,12,40.0,5
674682668,622293231,12,40.0,5
622293231,3772759802,12,40.0,5
3772759802,3783072859,12,40.0,5
3783072859,3783072858,12,40.0,5
3783072858,676008062,12,40.0,5
676008062,622293235,12,40.0,5
622293235,622293237,12,40.0,5
622293237,622293238,12,40.0,5
622293238,674682693,12,40.0,5
674682693,3772794107,12,40.0,5
3772794107,676008063,12,40.0,5
676008063,13524199193,12,40.0,5
13524199193,3785775640,12,40.0,5
3785775640,622293241,12,40.0,5
622293241,3772778754,12,40.0,5
3772778754,622293242,12,40.0,5
622293242,3772779363,12,40.0,5
3772779363,3783072857,12,40.0,5
3783072857,3772795037,12,40.0,5
3772795037,676008044,12,40.0,5
676008044,3772793992,12,40.0,5
3772793992,11793745019,12,40.0,5
11793745019,11793745015,12,40.0,5
11793745015,13524199189,12,40.0,5
13524199189,3774585358,12,40.0,5
3774585358,13524212210,12,40.0,5
13524212210,622293245,12,40.0,5
622293245,1971892499,12,40.0,5
1971892499,1971892474,12,40.0,5
1971892474,10209327729,12,40.0,5
10209327729,13524212208,12,40.0,5
13524212208,674682402,12,40.0,5
674682402,13524212207,12,40.0,5
13524212207,10209327728,12,40.0,5
10209327728,1971892502,12,40.0,5
1971892502,3773087180,12,40.0,5
3773087180,3773087182,12,40.0,5
3773087182,5768765001,12,40.0,5
5627560763,5627560764,12,40.0,5
5627560764,5057792734,12,40.0,5
5057792734,12857698283,12,40.0,5
12857698283,683788973,12,40.0,5
683788973,618530958,12,40.0,5
618530958,4692186207,12,40.0,5
4692186207,683788969,12,40.0,5
683788969,618530955,12,40.0,5
618530955,683784059,12,40.0,5
683784059,683786366,12,40.0,5
683786366,5340854089,12,40.0,5
5340854089,14237926025,12,40.0,5
14237926025,14237926023,12,40.0,5
14237926023,14237926027,12,40.0,5
14237926027,618530950,12,40.0,5
618530950,14237926020,12,40.0,5
14237926020,618530948,12,40.0,5
618530948,4998134206,12,40.0,5
4998134206,618530947,12,40.0,5
618530947,5340854078,12,40.0,5
5340854078,618530970,12,40.0,5
618530970,619140987,12,40.0,5
619140987,683784062,12,40.0,5
683784062,5340854053,12,40.0,5
5340854053,3942467941,12,40.0,5
3942467941,683784047,12,40.0,5
683784047,4264739945,12,40.0,5
4264739945,3942452786,12,40.0,5
3942452786,4264741377,12,40.0,5
4264741377,619140979,12,40.0,5
619140979,4264741376,12,40.0,5
4264741376,10219043270,12,40.0,5
10219043270,10219043287,12,40.0,5
10219043287,5488683288,12,40.0,5
5488683288,5488683289,12,40.0,5
5488683289,10219043284,12,40.0,5
10219043284,662848124,12,40.0,5
662848124,618528183,12,40.0,5
618528183,10219043272,12,40.0,5
10219043272,14161841130,12,40.0,5
14161841130,3340955133,12,40.0,5
3340955133,6230829255,12,40.0,5
6230829255,3340955134,12,40.0,5
3340955134,3340959184,12,40.0,5
3340959184,635166189,12,40.0,5
635166189,10019928813,12,40.0,5
10019928813,673076201,12,40.0,5
673076201,673075501,12,40.0,5
673075501,250731005,12,40.0,5
250731005,673076192,12,40.0,5
673076192,673076213,12,40.0,5
673076213,673075505,12,40.0,5
673075505,403874944,12,40.0,5
403874944,403874946,12,40.0,5
403874946,5309894473,12,40.0,5
5309894473,3354499644,12,40.0,5
3354499644,250731007,12,40.0,5
250731007,3354499640,12,40.0,5
3354499640,3354499646,12,40.0,5
3354499646,673885531,12,40.0,5
673885531,3354499648,12,40.0,5
3354499648,5309894487,12,40.0,5
5309894487,250731010,12,40.0,5
250731010,5490286063,12,40.0,5
5490286063,3354499637,12,40.0,5
3354499637,5309894471,12,40.0,5
5309894471,3354499647,12,40.0,5
3354499647,673885543,12,40.0,5
673885543,5309894467,12,40.0,5
5309894467,673885564,12,40.0,5
673885564,4181840608,12,40.0,5
4181840608,3702120622,12,40.0,5
3702120622,4181840607,12,40.0,5
4181840607,5490286069,12,40.0,5
5490286069,4181840605,12,40.0,5
4181840605,3354499639,12,40.0,5
3354499639,250731012,12,40.0,5
250731012,5309894462,12,40.0,5
5309894462,3354499645,12,40.0,5
3354499645,3354499642,12,40.0,5
3354499642,673882749,12,40.0,5
673882749,673882750,12,40.0,5
673882750,3354499641,12,40.0,5
3354499641,3354499638,12,40.0,5
3354499638,3354499649,12,40.0,5
3354499649,3354499636,12,40.0,5
3354499636,673069781,12,40.0,5
673069781,10100382512,12,40.0,5
10100382512,5309894461,12,40.0,5
5309894461,673069811,12,40.0,5
673069811,3354645303,12,40.0,5
3354645303,250731013,12,40.0,5
250731013,3354645175,12,40.0,5
3354645175,3354645188,12,40.0,5
3354645188,673882751,12,40.0,5
673882751,3354645319,12,40.0,5
3354645319,3702120623,12,40.0,5
3702120623,5490286078,12,40.0,5
5490286078,673067053,12,40.0,5
673067053,3702120624,12,40.0,5
3702120624,3702120825,12,40.0,5
3702120825,3594564348,12,40.0,5
3594564348,3594564351,12,40.0,5
3594564351,673067054,12,40.0,5
673067054,250731014,12,40.0,5
250731014,672819091,12,40.0,5
672819091,672819128,12,40.0,5
672819128,672819063,12,40.0,5
672819063,679017371,12,40.0,5
679017371,679017360,12,40.0,5
679017360,5637458753,12,40.0,5
5637458753,250731016,12,40.0,5
250731016,5637458752,12,40.0,5
5637458752,254033158,12,40.0,5
254033158,673066196,12,40.0,5
673066196,3594564350,12,40.0,5
3594564350,672817742,12,40.0,5
672817742,3594564347,12,40.0,5
3594564347,3594564349,12,40.0,5
3594564349,267078076,12,40.0,5
267078076,3594564346,12,40.0,5
3594564346,626493406,12,40.0,5
626493406,5309894404,12,40.0,5
5309894404,3354645179,12,40.0,5
3354645179,250731019,12,40.0,5
250731019,4181828128,12,40.0,5
4181828128,3354645315,12,40.0,5
3354645315,626494152,12,40.0,5
626494152,1144959907,12,40.0,5
1144959907,626494154,12,40.0,5
626494154,4180058616,12,40.0,5
4180058616,4180058614,12,40.0,5
4180058614,626494155,12,40.0,5
626494155,4180058613,12,40.0,5
4180058613,5639990403,12,40.0,5
5639990403,626494159,12,40.0,5
626494159,626494160,12,40.0,5
626494160,639689245,12,40.0,5
639689245,5309894429,12,40.0,5
5309894429,5639990401,12,40.0,5
1278079713,1278079706,12,40.0,5
678334679,9504239973,12,40.0,5
9504239973,8977130763,12,40.0,5
8977130763,678334696,12,40.0,5
678334696,13391240843,12,40.0,5
13391240843,13391240842,12,40.0,5
13391240842,13391240844,12,40.0,5
13391240844,9580103932,12,40.0,5
9580103932,6258581076,12,40.0,5
6258581076,678335056,12,40.0,5
678335056,9924586651,12,40.0,5
9924586651,3822121213,12,40.0,5
3822121213,3803000963,12,40.0,5
3803000963,10090375996,12,40.0,5
10090375996,5818226018,12,40.0,5
5818226018,3803001993,12,40.0,5
3803001993,3803000964,12,40.0,5
3803000964,10882720969,12,40.0,5
10882720969,2015155899,12,40.0,5
618309296,678343043,12,40.0,5
678343043,9974188172,12,40.0,5
9974188172,13673566363,12,40.0,5
13673566363,635164589,12,40.0,5
635164589,13673566358,12,40.0,5
13673566358,13673566371,12,40.0,5
13673566371,621993828,12,40.0,5
621993828,13673566368,12,40.0,5
13673566368,3416291126,12,40.0,5
3416291126,3416291127,12,40.0,5
3416291127,667278663,12,40.0,5
667278663,8813395442,12,40.0,5
8813395442,3416291129,12,40.0,5
3416291129,3416291131,12,40.0,5
3416291131,9974188171,12,40.0,5
9974188171,667278657,12,40.0,5
667278657,10175735572,12,40.0,5
10175735572,10028784437,12,40.0,5
10028784437,60798037,12,40.0,5
60798037,10028784436,12,40.0,5
10028784436,3416291128,12,40.0,5
3416291128,259648471,12,40.0,5
259648471,3416291132,12,40.0,5
3416291132,10175735573,12,40.0,5
10175735573,259648470,12,40.0,5
259648470,9748084454,12,40.0,5
9748084454,3452753910,12,40.0,5
3452753910,3452753911,12,40.0,5
3452753911,9449278448,12,40.0,5
9449278448,268931366,12,40.0,5
268931366,9449278450,12,40.0,5
9449278450,10296971159,12,40.0,5
10296971159,5065217507,12,40.0,5
5065217507,9449278449,12,40.0,5
9449278449,259648482,12,40.0,5
259648482,9449278452,12,40.0,5
9449278452,9449278451,12,40.0,5
9449278451,3822155362,12,40.0,5
3822155362,6258551227,12,40.0,5
6258551227,9466815908,12,40.0,5
9466815908,618273393,12,40.0,5
618273393,9466815905,12,40.0,5
9466815905,9464216945,12,40.0,5
9464216945,60797012,12,40.0,5
60797012,675967165,12,40.0,5
675967165,9565952986,12,40.0,5
2160926481,4645673285,12,40.0,5
4645673285,4645673284,12,40.0,5
5490286089,5490286090,12,40.0,5
4056837130,7625469737,12,40.0,5
7625469737,4056837133,12,40.0,5
4056837133,11024097543,12,40.0,5
11024097543,11024097542,12,40.0,5
11024097542,11024097541,12,40.0,5
11024097541,11024097540,12,40.0,5
11024097540,11024097539,12,40.0,5
11024097539,11024097538,12,40.0,5
11024097538,11024097528,12,40.0,5
11024097528,11024097527,12,40.0,5
621836694,2135846143,12,40.0,5
2135846143,621836686,12,40.0,5
621836686,621836685,12,40.0,5
621836685,621836683,12,40.0,5
621836683,621836680,12,40.0,5
621836680,621836678,12,40.0,5
621836678,4962837081,12,40.0,5
4962837081,639689208,12,40.0,5
646913682,1147957791,12,40.0,5
1147957791,12100076459,12,40.0,5
12100076459,2034242895,12,40.0,5
2034242895,646906677,12,40.0,5
646906677,646906672,12,40.0,5
646906672,12100076465,12,40.0,5
12100076465,2034260187,12,40.0,5
2034260187,646906667,12,40.0,5
646906667,646906662,12,40.0,5
646906662,4212457296,12,40.0,5
5650008477,696519980,12,40.0,5
696519980,5057792833,12,40.0,5
5057792833,618531414,12,40.0,5
618531414,5057792828,12,40.0,5
5057792828,696519978,12,40.0,5
696519978,5650008423,12,40.0,5
5650008423,5057792803,12,40.0,5
5057792803,696519975,12,40.0,5
696519975,5057792795,12,40.0,5
5057792795,5057792775,12,40.0,5
5057792775,3877635396,12,40.0,5
3877635396,3877674509,12,40.0,5
3877674509,3877674510,12,40.0,5
3877674510,696519962,12,40.0,5
696519962,696519973,12,40.0,5
696519973,5650008725,12,40.0,5
5650008725,618531430,12,40.0,5
618531430,11192208776,12,40.0,5
11192208776,696519972,12,40.0,5
696519972,11192208777,12,40.0,5
11192208777,5057792809,12,40.0,5
5057792809,11192208778,12,40.0,5
11192208778,683788958,12,40.0,5
683788958,5057792818,12,40.0,5
5057792818,5057792820,12,40.0,5
5057792820,5057792819,12,40.0,5
5057792819,403874901,12,40.0,5
2111968570,403874885,12,40.0,5
403874885,2111968650,12,40.0,5
2111968650,5997058609,12,40.0,5
5997058609,403874884,12,40.0,5
403874884,3893012786,12,40.0,5
3893012786,403874882,12,40.0,5
403874882,3893012785,12,40.0,5
3893012785,403874881,12,40.0,5
403874881,403874880,12,40.0,5
403874880,3799951091,12,40.0,5
3799951091,618531660,12,40.0,5
618531660,403874879,12,40.0,5
403874879,3893012788,12,40.0,5
3893012788,403874870,12,40.0,5
403874870,3893012789,12,40.0,5
3893012789,403874867,12,40.0,5
403874867,403874866,12,40.0,5
403874866,403874863,12,40.0,5
403874863,403874862,12,40.0,5
403874862,5895890292,12,40.0,5
5895890292,5895890293,12,40.0,5
5895890293,403874856,12,40.0,5
403874856,403874855,12,40.0,5
403874855,3893012791,12,40.0,5
3893012791,3893012792,12,40.0,5
3893012792,3893012794,12,40.0,5
3893012794,3893012796,12,40.0,5
3893012796,2131864639,12,40.0,5
2131864639,5006394432,12,40.0,5
5006394432,1144975887,12,40.0,5
1144975887,2034260114,12,40.0,5
2034260114,1144975946,12,40.0,5
1144975946,2425245023,12,40.0,5
2425245023,2131864634,12,40.0,5
2131864634,403874812,12,40.0,5
403874812,5006394431,12,40.0,5
5006394431,2131864631,12,40.0,5
2131864631,2425248722,12,40.0,5
2425248722,403874816,12,40.0,5
403874816,403874817,12,40.0,5
403874817,403874818,12,40.0,5
403874818,646906623,12,40.0,5
646906623,2131864628,12,40.0,5
2131864628,1138078478,12,40.0,5
1138078478,1131882984,12,40.0,5
1131882984,3192348781,12,40.0,5
3192348781,403874820,12,40.0,5
403874820,4678368699,12,40.0,5
4678368699,6289325408,12,40.0,5
6289325408,13679835511,12,40.0,5
13679835511,2034242967,12,40.0,5
2034242967,2034243032,12,40.0,5
2034243032,5203938965,12,40.0,5
5203938965,5399316247,12,40.0,5
5399316247,6289325413,12,40.0,5
6289325413,618532491,12,40.0,5
618532491,6289325421,12,40.0,5
6289325421,6289325422,12,40.0,5
6289325422,2117500121,12,40.0,5
2117500121,10261690677,12,40.0,5
10261690677,3150410545,12,40.0,5
3150410545,635914018,12,40.0,5
653145901,619234415,12,40.0,5
619234415,619234417,12,40.0,5
619234417,3799580291,12,40.0,5
3799580291,3799580296,12,40.0,5
3799580296,653145923,12,40.0,5
653145923,1131882982,12,40.0,5
1131882982,1431462331,12,40.0,5
1431462331,653145924,12,40.0,5
653145924,653145925,12,40.0,5
653145925,653145927,12,40.0,5
653145927,3816448462,12,40.0,5
3816448462,653145914,12,40.0,5
653145914,7457253682,12,40.0,5
7457253682,10241727225,12,40.0,5
10241727225,403816083,12,40.0,5
403816083,3799581323,12,40.0,5
3799581323,3799581322,12,40.0,5
3799581322,10768676408,12,40.0,5
10768676408,12985605290,12,40.0,5
5340854067,5340854068,12,40.0,5
5340854068,683784054,12,40.0,5
683784054,683784043,12,40.0,5
683784043,683784005,12,40.0,5
683784005,683784007,12,40.0,5
683784007,683784011,12,40.0,5
683784011,3172219435,12,40.0,5
3172219435,3172219443,12,40.0,5
3172219443,3172219449,12,40.0,5
3172219449,3172219439,12,40.0,5
3172219439,3172219427,12,40.0,5
3172219427,3172219429,12,40.0,5
3172219429,403875121,12,40.0,5
403875121,635166180,12,40.0,5
635166180,250731003,12,40.0,5
250731003,3354483657,12,40.0,5
3354483657,662370770,12,40.0,5
662370770,10219043281,12,40.0,5
10219043281,618528183,12,40.0,5
618528183,10219043279,12,40.0,5
10219043279,10219043277,12,40.0,5
10219043277,2122125311,12,40.0,5
2122125311,618514969,12,40.0,5
618514969,6230829254,12,40.0,5
6230829254,4692166486,12,40.0,5
4692166486,10779928468,12,40.0,5
10779928468,10779928467,12,40.0,5
10779928467,10779928469,12,40.0,5
10779928469,4191922206,12,40.0,5
4191922206,10779928470,12,40.0,5
10779928470,10779928471,12,40.0,5
10779928471,618514974,12,40.0,5
618514974,10779928472,12,40.0,5
10779928472,4191922202,12,40.0,5
4191922202,10779928473,12,40.0,5
10779928473,7625469738,12,40.0,5
7625469738,10219054420,12,40.0,5
10219054420,635166201,12,40.0,5
635166201,618514976,12,40.0,5
618514976,673080477,12,40.0,5
673080477,3199107509,12,40.0,5
3199107509,6230829271,12,40.0,5
6230829271,618514979,12,40.0,5
618514979,662848127,12,40.0,5
662848127,673080482,12,40.0,5
673080482,1144959806,12,40.0,5
1144959806,10219054418,12,40.0,5
10219054418,662848126,12,40.0,5
618514963,3502137871,12,40.0,5
3502137871,1235750077,12,40.0,5
1235750077,10219043311,12,40.0,5
3964896717,652533088,12,40.0,5
652533088,3172209317,12,40.0,5
3172209317,618510524,12,40.0,5
618510524,13386900174,12,40.0,5
13386900174,4240073495,12,40.0,5
4240073495,13065128206,12,40.0,5
13065128206,5626788305,12,40.0,5
5626788305,5510037822,12,40.0,5
5510037822,5510037824,12,40.0,5
5510037824,5626788315,12,40.0,5
5626788315,5510037826,12,40.0,5
5510037826,3172208280,12,40.0,5
3172208280,8326724544,12,40.0,5
8326724544,9465149150,12,40.0,5
9465149150,3150421800,12,40.0,5
3150421800,635117662,12,40.0,5
635117662,9740502141,12,40.0,5
9740502141,8772399641,12,40.0,5
8772399641,4798976659,12,40.0,5
4798976659,206595627,12,40.0,5
206595627,5626805941,12,40.0,5
5626805941,3191461221,12,40.0,5
3191461221,5194441198,12,40.0,5
5194441198,5375536067,12,40.0,5
5375536067,2409502684,12,40.0,5
2409502684,11021721330,12,40.0,5
11021721330,4798976657,12,40.0,5
4798976657,11021721339,12,40.0,5
11021721339,679007200,12,40.0,5
679007200,11021721341,12,40.0,5
11021721341,5764660051,12,40.0,5
5764660051,4798976655,12,40.0,5
4798976655,2419528256,12,40.0,5
2419528256,127658294,12,40.0,5
127658294,3924374657,12,40.0,5
3924374657,679007194,12,40.0,5
679007194,5375536059,12,40.0,5
5375536059,2419545239,12,40.0,5
2419545239,4709558104,12,40.0,5
4709558104,2418775961,12,40.0,5
2418775961,2418775994,12,40.0,5
4032641258,4032641254,12,40.0,5
4032641254,4032641255,12,40.0,5
4032641255,642959773,12,40.0,5
642959773,642959772,12,40.0,5
642959772,275524465,12,40.0,5
275524465,642959800,12,40.0,5
642959800,672814601,12,40.0,5
672814601,275524505,12,40.0,5
275524505,275524524,12,40.0,5
5499217652,6560120188,12,40.0,5
10902062121,10902062142,12,40.0,5
10902062142,10902062158,12,40.0,5
10902062122,10902062139,12,40.0,5
253026210,1138079035,12,40.0,5
1138079035,621993997,12,40.0,5
621993997,621993957,12,40.0,5
666903979,9748084474,12,40.0,5
9748084474,3808896264,12,40.0,5
3808896264,3803003414,12,40.0,5
3803003414,675904221,12,40.0,5
675904221,10296971163,12,40.0,5
10296971163,3803003415,12,40.0,5
3803003415,10089844692,12,40.0,5
10089844692,2015155899,12,40.0,5
2015155899,10882720969,12,40.0,5
10882720969,3803000964,12,40.0,5
3803000964,3803001993,12,40.0,5
3803001993,5818226018,12,40.0,5
5818226018,10090375996,12,40.0,5
10090375996,3803000963,12,40.0,5
3803000963,3822121213,12,40.0,5
3822121213,9924586651,12,40.0,5
9924586651,678335056,12,40.0,5
678335056,6258581080,12,40.0,5
6258581080,6258581074,12,40.0,5
6258581074,9504239992,12,40.0,5
9504239992,678334663,12,40.0,5
678334663,678334730,12,40.0,5
678334730,9004360556,12,40.0,5
9004360556,678334735,12,40.0,5
678334735,678334641,12,40.0,5
678334641,10889822731,12,40.0,5
10889822731,6258581050,12,40.0,5
6258581050,4478318117,12,40.0,5
4478318117,4478318116,12,40.0,5
4478318116,6258581044,12,40.0,5
6258581044,618096975,12,40.0,5
618096975,666872917,12,40.0,5
666872917,5278053147,12,40.0,5
5278053147,9981050838,12,40.0,5
9981050838,6258581046,12,40.0,5
6258581046,621993757,12,40.0,5
621993757,9756511758,12,40.0,5
9756511758,9924586662,12,40.0,5
9924586662,9753793247,12,40.0,5
9753793247,13673393284,12,40.0,5
13673393284,1280061834,12,40.0,5
1280061834,6661787677,12,40.0,5
6661787677,13673453651,12,40.0,5
13673453651,620382516,12,40.0,5
620382516,9924565830,12,40.0,5
9924565830,13673566706,12,40.0,5
13673566706,6661763677,12,40.0,5
6661763677,3822141823,12,40.0,5
3822141823,666859676,12,40.0,5
666859676,13673393239,12,40.0,5
13673393239,1316823997,12,40.0,5
1316823997,13673393240,12,40.0,5
13673393240,635111115,12,40.0,5
635111115,61802717,12,40.0,5
61802717,13673393243,12,40.0,5
13673393243,3822141820,12,40.0,5
3822141820,1316756409,12,40.0,5
1316756409,191816795,12,40.0,5
191816795,669577146,12,40.0,5
669577146,9981050835,12,40.0,5
9981050835,6658788179,12,40.0,5
6658788179,1839445248,12,40.0,5
1839445248,13700505262,12,40.0,5
13700505262,9243057488,12,40.0,5
9243057488,9243057490,12,40.0,5
9243057490,9243057496,12,40.0,5
9243057496,13697381351,12,40.0,5
13697381351,3993490604,12,40.0,5
3993490604,3993490605,12,40.0,5
3993490605,13700252422,12,40.0,5
13700252422,61802753,12,40.0,5
61802753,13697381346,12,40.0,5
13697381346,13680517125,12,40.0,5
13680517125,13680517126,12,40.0,5
13680517126,1583879162,12,40.0,5
1583879162,637624534,12,40.0,5
637624534,1839445236,12,40.0,5
1839445236,1839445104,12,40.0,5
1839445104,13680517128,12,40.0,5
13680517128,13680517127,12,40.0,5
13680517127,10555850721,12,40.0,5
10555850721,13697381369,12,40.0,5
13697381369,1583879145,12,40.0,5
1583879145,13680517124,12,40.0,5
13680517124,3822140391,12,40.0,5
3822140391,10035915708,12,40.0,5
10035915708,618029837,12,40.0,5
618029837,618029833,12,40.0,5
618029833,10255186889,12,40.0,5
10255186889,618029831,12,40.0,5
618029831,618029827,12,40.0,5
618029827,13680517449,12,40.0,5
13680517449,1278079633,12,40.0,5
269202453,3355393356,12,40.0,5
3355393356,9465631109,12,40.0,5
9465631109,9465631110,12,40.0,5
9465631110,3355393382,12,40.0,5
3355393375,8772330410,12,40.0,5
8772330410,4009166494,12,40.0,5
4009166494,13683818550,12,40.0,5
10682149766,10682149768,12,40.0,5
10682149768,248608270,12,40.0,5
248608270,679004924,12,40.0,5
679004924,2419545247,12,40.0,5
2419545247,679004922,12,40.0,5
679004922,679004927,12,40.0,5
679004927,620382088,12,40.0,5
620382088,5782052644,12,40.0,5
5782052644,2418775961,12,40.0,5
2418775961,4709558104,12,40.0,5
4709558104,4709558096,12,40.0,5
10112825439,599131332,12,40.0,5
2160910342,599129844,12,40.0,5
599129844,1838453737,12,40.0,5
1838453737,637478183,12,40.0,5
637478183,9817525836,12,40.0,5
9817525836,10046834605,12,40.0,5
10046834605,637478140,12,40.0,5
637478140,637478369,12,40.0,5
637478369,11436595566,12,40.0,5
11436595566,637453303,12,40.0,5
637453303,637453336,12,40.0,5
678334735,3274458451,12,40.0,5
3274458451,678334711,12,40.0,5
678334711,9004360557,12,40.0,5
9004360557,9004360558,12,40.0,5
9004360558,9004360559,12,40.0,5
9004360559,3808874254,12,40.0,5
3808874254,3808875564,12,40.0,5
3808875564,3808875557,12,40.0,5
3808875557,3808874253,12,40.0,5
3808874253,3961870405,12,40.0,5
3961870405,6661715636,12,40.0,5
6661715636,2066084091,12,40.0,5
2066084091,6661767554,12,40.0,5
6661767554,6390271055,12,40.0,5
6390271055,5749689415,12,40.0,5
5749689415,3084209238,12,40.0,5
3084209238,10660932978,12,40.0,5
10660932978,10660932977,12,40.0,5
10660932977,10660932974,12,40.0,5
10660932974,10660932971,12,40.0,5
2143715395,10466259651,12,40.0,5
10466259651,2376285710,12,40.0,5
2376285710,13683965567,12,40.0,5
13683965567,13683965568,12,40.0,5
13683965568,3192341504,12,40.0,5
3192341504,4980201976,12,40.0,5
4980201976,2143715440,12,40.0,5
2143715440,3192341502,12,40.0,5
3192341502,2143715444,12,40.0,5
2143715444,2376285712,12,40.0,5
2376285712,13683965565,12,40.0,5
13683965565,8701260445,12,40.0,5
3799955119,3799955117,12,40.0,5
3799955117,3799955115,12,40.0,5
3799955115,3799955113,12,40.0,5
3799955113,3799955111,12,40.0,5
3799955111,5359629497,12,40.0,5
5359629497,2551996194,12,40.0,5
2551996194,2551996197,12,40.0,5
2551996197,3799955093,12,40.0,5
3799955093,3799955092,12,40.0,5
3799955092,3799955091,12,40.0,5
3799955091,3799955089,12,40.0,5
3799955089,3799955088,12,40.0,5
3799955088,3799955087,12,40.0,5
3799955087,3645629484,12,40.0,5
637453317,637453328,12,40.0,5
621804993,621804991,12,40.0,5
621804991,11542053072,12,40.0,5
11542053072,621804989,12,40.0,5
621804989,257872247,12,40.0,5
257872247,4180058610,12,40.0,5
4180058610,5639990393,12,40.0,5
5639990393,4180058608,12,40.0,5
4180058608,5639990391,12,40.0,5
5639990391,255636130,12,40.0,5
255636130,679012538,12,40.0,5
679012538,3684963726,12,40.0,5
3684963726,679012539,12,40.0,5
679012539,679012540,12,40.0,5
679012540,679012541,12,40.0,5
679012541,5373003239,12,40.0,5
643015786,673925096,12,40.0,5
673925096,9785175066,12,40.0,5
9785175066,11549247197,12,40.0,5
11549247197,11549247196,12,40.0,5
11549247196,643015782,12,40.0,5
643015782,11549247195,12,40.0,5
11549247195,643015781,12,40.0,5
643015781,643015780,12,40.0,5
643015780,643015779,12,40.0,5
643015779,11549247194,12,40.0,5
11549247194,643015772,12,40.0,5
643015772,643015770,12,40.0,5
643015770,7456324791,12,40.0,5
7456324791,1535311332,12,40.0,5
1535311332,643015711,12,40.0,5
643015711,643015768,12,40.0,5
643015768,11802470892,12,40.0,5
11802470892,643015639,12,40.0,5
643015639,3799707322,12,40.0,5
3799707322,643015764,12,40.0,5
643015764,678693317,12,40.0,5
678693317,643015762,12,40.0,5
643015762,643015761,12,40.0,5
643015761,2111944778,12,40.0,5
2111944778,11549247131,12,40.0,5
11549247131,2111944783,12,40.0,5
2111944783,2111944779,12,40.0,5
2111944779,2111944777,12,40.0,5
2111944777,643015757,12,40.0,5
643015757,10216150404,12,40.0,5
10216150404,129616199,12,40.0,5
129616199,11292718319,12,40.0,5
11292718319,6260211871,12,40.0,5
6260211871,10216150403,12,40.0,5
10216150403,6260211869,12,40.0,5
6260211869,3742323069,12,40.0,5
3742323069,643015678,12,40.0,5
643015678,129616175,12,40.0,5
129616175,10740616718,12,40.0,5
10740616718,10740616731,12,40.0,5
10740616731,10740616713,12,40.0,5
10740616713,10740616720,12,40.0,5
10740616720,10740616712,12,40.0,5
10740616712,10740616732,12,40.0,5
10740616732,10740616710,12,40.0,5
10740616710,10740616711,12,40.0,5
10740616711,10740616706,12,40.0,5
10740616706,129616156,12,40.0,5
129616156,672613440,12,40.0,5
672613440,672613436,12,40.0,5
672613436,5425923159,12,40.0,5
5425923159,672613433,12,40.0,5
672613433,10740616770,12,40.0,5
10740616770,10740616769,12,40.0,5
10740616769,129616144,12,40.0,5
129616144,129616140,12,40.0,5
129616140,10740616768,12,40.0,5
10740616768,3742323073,12,40.0,5
3742323073,10740616767,12,40.0,5
10740616767,129616115,12,40.0,5
129616115,10740616766,12,40.0,5
10740616766,10740616765,12,40.0,5
10740616765,6260211860,12,40.0,5
6260211860,10740616764,12,40.0,5
10740616764,672613475,12,40.0,5
672613475,129616108,12,40.0,5
129616108,10740616756,12,40.0,5
10740616756,10216150401,12,40.0,5
10216150401,129616107,12,40.0,5
129616107,10740616755,12,40.0,5
10740616755,10740616754,12,40.0,5
10740616754,129616093,12,40.0,5
129616093,6260211857,12,40.0,5
6260211857,10264115338,12,40.0,5
5037942619,1683151528,12,40.0,5
6991558493,13727994381,12,40.0,5
13727994381,6991558492,12,40.0,5
6991558492,6991558490,12,40.0,5
6991558490,6991558487,12,40.0,5
6991558487,6991558485,12,40.0,5
6991558485,6991523983,12,40.0,5
6991523983,6991523981,12,40.0,5
6991523981,13701027722,12,40.0,5
13701027722,13701027721,12,40.0,5
13701027721,13701027720,12,40.0,5
13701027720,13701027717,12,40.0,5
13701027717,13701027716,12,40.0,5
13701027716,13701027719,12,40.0,5
13701027719,13701027718,12,40.0,5
11549247180,11549247179,12,40.0,5
11549247179,208541394,12,40.0,5
208541394,3774751717,12,40.0,5
3774751717,5373513487,12,40.0,5
5373513487,5105301747,12,40.0,5
5105301747,10216150408,12,40.0,5
10216150408,208541425,12,40.0,5
208541425,10216150407,12,40.0,5
10216150407,674571295,12,40.0,5
674571295,256881005,12,40.0,5
256881005,256881006,12,40.0,5
256881006,10216150406,12,40.0,5
10216150406,674571332,12,40.0,5
674571332,256881009,12,40.0,5
256881009,3774706041,12,40.0,5
3774706041,674571400,12,40.0,5
674571400,3774706039,12,40.0,5
3774706039,3774706035,12,40.0,5
3774706035,6260212488,12,40.0,5
6260212488,6260212487,12,40.0,5
6260212487,6260211884,12,40.0,5
6260211884,674571100,12,40.0,5
674571100,1593223761,12,40.0,5
1593223761,1593223772,12,40.0,5
1593223772,256881016,12,40.0,5
256881016,6260211882,12,40.0,5
6260211882,3774706000,12,40.0,5
3774706000,6260211880,12,40.0,5
6260211880,256881018,12,40.0,5
256881018,666903888,12,40.0,5
666903888,3774705986,12,40.0,5
3774705986,3774705982,12,40.0,5
3774705982,256881020,12,40.0,5
256881020,6260211877,12,40.0,5
6260211877,642994686,12,40.0,5
642994686,10216150405,12,40.0,5
10216150405,3774705980,12,40.0,5
3774705980,129616243,12,40.0,5
129616243,129616241,12,40.0,5
129616241,3785753712,12,40.0,5
3785753712,129616237,12,40.0,5
129616237,1978809439,12,40.0,5
1978809439,672613506,12,40.0,5
672613506,643015757,12,40.0,5
3742220439,10208452729,12,40.0,5
10208452729,3742213241,12,40.0,5
3742213241,3742192388,12,40.0,5
3742192388,3742192391,12,40.0,5
3742192391,10789672741,12,40.0,5
10789672741,10789672744,12,40.0,5
10789672744,14123147183,12,40.0,5
14123147183,3742192401,12,40.0,5
3742192401,10208452731,12,40.0,5
10208452731,3742213226,12,40.0,5
3742213226,3742192407,12,40.0,5
3742192407,3742192393,12,40.0,5
3742192393,3742192392,12,40.0,5
3742192392,7455944502,12,40.0,5
7455944502,268943143,12,40.0,5
268943143,10208452717,12,40.0,5
10208452717,599133885,12,40.0,5
599133885,3274468073,12,40.0,5
3274468073,3274468077,12,40.0,5
3274468077,270333410,12,40.0,5
270333410,2160837298,12,40.0,5
2160837298,10208452718,12,40.0,5
10208452718,3274467560,12,40.0,5
3274467560,12518317854,12,40.0,5
12518317854,3274468072,12,40.0,5
3274468072,12518339617,12,40.0,5
12518339617,6697408230,12,40.0,5
6697408230,1369195822,12,40.0,5
1369195822,3274468066,12,40.0,5
3274468066,9924586645,12,40.0,5
9924586645,3274468064,12,40.0,5
3274468064,3274468069,12,40.0,5
3274468069,13425538962,12,40.0,5
13425538962,678335411,12,40.0,5
678335411,6258581072,12,40.0,5
6258581072,13425538963,12,40.0,5
13425538963,678334696,12,40.0,5
678334696,9494368211,12,40.0,5
9494368211,9004360563,12,40.0,5
9004360563,9494368212,12,40.0,5
9494368212,9494368210,12,40.0,5
9494368210,678334663,12,40.0,5
6234042673,3150374991,12,40.0,5
3150374991,11289909430,12,40.0,5
11289909430,13697266202,12,40.0,5
13697266202,11289909429,12,40.0,5
11289909429,11289909428,12,40.0,5
619176766,3993559257,12,40.0,5
3993559257,3993559265,12,40.0,5
3993559265,617747858,12,40.0,5
617747858,617747857,12,40.0,5
617747857,5136285977,12,40.0,5
5136285977,2375440698,12,40.0,5
2375440698,13683965554,12,40.0,5
13683965554,2375440699,12,40.0,5
2375440699,617747854,12,40.0,5
617747854,644610790,12,40.0,5
644610790,4980201968,12,40.0,5
4980201968,3192341980,12,40.0,5
3192341980,8701260444,12,40.0,5
8701260444,3993542122,12,40.0,5
3993542122,13683965572,12,40.0,5
13683965572,8502436773,12,40.0,5
8502436773,674684731,12,40.0,5
674684731,3964910417,12,40.0,5
3964910417,674684733,12,40.0,5
674684733,3964910415,12,40.0,5
3648987764,5105301806,12,40.0,5
256881016,11548760000,12,40.0,5
11548760000,11548760002,12,40.0,5
11548760002,11548760001,12,40.0,5
11548760001,11548760004,12,40.0,5
11548760004,11548760003,12,40.0,5
11548760003,8528658014,12,40.0,5
8528658014,618312097,12,40.0,5
618312097,618312095,12,40.0,5
618312095,11548825222,12,40.0,5
11548825222,618312092,12,40.0,5
618312092,618312091,12,40.0,5
618312091,666903878,12,40.0,5
666903878,1526644680,12,40.0,5
1526644680,618312087,12,40.0,5
618312087,619026906,12,40.0,5
619026906,672613543,12,40.0,5
672613543,11292718317,12,40.0,5
11292718317,281864258,12,40.0,5
281864258,281864796,12,40.0,5
281864796,672613494,12,40.0,5
672613494,281864775,12,40.0,5
281864775,281864774,12,40.0,5
281864774,281864773,12,40.0,5
281864773,672600050,12,40.0,5
672600050,281864794,12,40.0,5
281864794,12741337237,12,40.0,5
12741337237,12741337230,12,40.0,5
12741337230,281864793,12,40.0,5
281864793,672600084,12,40.0,5
672600084,12741337238,12,40.0,5
12741337238,12741337239,12,40.0,5
12741337239,12741337231,12,40.0,5
12741337231,619023601,12,40.0,5
619023601,12741337242,12,40.0,5
12741337242,12741337233,12,40.0,5
12741337233,2247695845,12,40.0,5
2247695845,7037743630,12,40.0,5
672591931,3783135056,12,40.0,5
3783135056,10264692134,12,40.0,5
10264692134,253022345,12,40.0,5
253022345,3783153358,12,40.0,5
3783153358,3648987751,12,40.0,5
3648987751,4177464776,12,40.0,5
4177464776,3371473126,12,40.0,5
3371473126,5656624476,12,40.0,5
5656624476,9740487196,12,40.0,5
9740487196,5656625023,12,40.0,5
5656625023,655110416,12,40.0,5
655110416,3648987752,12,40.0,5
3648987752,2560879667,12,40.0,5
2560879667,3649036751,12,40.0,5
3649036751,9740487198,12,40.0,5
9740487198,253022329,12,40.0,5
253022329,10264692132,12,40.0,5
10264692132,3648987754,12,40.0,5
3648987754,3648987753,12,40.0,5
3648987753,639804428,12,40.0,5
3538149112,619227128,12,40.0,5
619227128,3307476621,12,40.0,5
3307476621,619227137,12,40.0,5
619227137,6103432103,12,40.0,5
6103432103,13653400416,12,40.0,5
13653400416,13653400415,12,40.0,5
13653400415,10268955072,12,40.0,5
10268955072,13653387199,12,40.0,5
13653387199,13653387198,12,40.0,5
13653387198,13653387200,12,40.0,5
13653387200,313410612,12,40.0,5
313410612,13692027133,12,40.0,5
13692027133,13653400401,12,40.0,5
13653400401,5904513400,12,40.0,5
5904513400,5904513437,12,40.0,5
5904513437,5904513401,12,40.0,5
5904513401,5904513402,12,40.0,5
5904513402,403816056,12,40.0,5
403816056,10260948456,12,40.0,5
10260948456,312919628,12,40.0,5
312919628,5904513403,12,40.0,5
5904513403,5904513404,12,40.0,5
5904513404,10260948458,12,40.0,5
10260948458,5904513405,12,40.0,5
5904513405,5904513406,12,40.0,5
5904513406,5904513407,12,40.0,5
5904513407,5904513408,12,40.0,5
5904513408,5904513409,12,40.0,5
324702801,3816441622,12,40.0,5
3816441622,10260948462,12,40.0,5
10260948462,313410279,12,40.0,5
313410279,10260948464,12,40.0,5
10260948464,5000284905,12,40.0,5
5000284905,5904513399,12,40.0,5
5904513399,10260948466,12,40.0,5
10260948466,6689144283,12,40.0,5
6689144283,5904513432,12,40.0,5
5904513432,5904513396,12,40.0,5
5904513396,10260948470,12,40.0,5
10260948470,5904513271,12,40.0,5
5904513271,8943511124,12,40.0,5
8943511124,313411335,12,40.0,5
313411335,5904513272,12,40.0,5
5904513272,10260948476,12,40.0,5
10260948476,5904513278,12,40.0,5
5904513278,5916583535,12,40.0,5
5916583535,5916583533,12,40.0,5
5916583533,5916583537,12,40.0,5
5916583537,3528785030,12,40.0,5
3528785030,11054392520,12,40.0,5
11054392520,654193249,12,40.0,5
654193249,599141445,12,40.0,5
599141445,324703284,12,40.0,5
324703284,654193250,12,40.0,5
654193250,654193251,12,40.0,5
654193251,654193256,12,40.0,5
150994710,676008058,12,40.0,5
676008058,3774706074,12,40.0,5
3774706074,6286609804,12,40.0,5
6286609804,13149604068,12,40.0,5
13149604068,13149604050,12,40.0,5
13149604050,667237496,12,40.0,5
667237496,1593195472,12,40.0,5
1593195472,3774706072,12,40.0,5
3774706072,678592129,12,40.0,5
678592129,11549427040,12,40.0,5
11549427040,11549427041,12,40.0,5
11549427041,129616399,12,40.0,5
129616399,129616390,12,40.0,5
129616390,129616375,12,40.0,5
129616375,674593841,12,40.0,5
674593841,674594073,12,40.0,5
674594073,674570396,12,40.0,5
674570396,3772759798,12,40.0,5
3772759798,129616354,12,40.0,5
129616354,3772759796,12,40.0,5
3772759796,3772796599,12,40.0,5
3772796599,129616344,12,40.0,5
3702135218,3702142145,12,40.0,5
3702142145,3702142144,12,40.0,5
3702142144,3702135219,12,40.0,5
3702135219,3702142143,12,40.0,5
3702142143,3702142150,12,40.0,5
3702142150,3702142141,12,40.0,5
3702142141,3702135220,12,40.0,5
3702135220,4281376695,12,40.0,5
4281376695,3702142135,12,40.0,5
3702142135,3702135221,12,40.0,5
3702135221,1152310220,12,40.0,5
1152310220,3713376125,12,40.0,5
3713376125,252537967,12,40.0,5
252537967,3702135222,12,40.0,5
3702135222,252537966,12,40.0,5
252537966,14239787345,12,40.0,5
14239787345,3702135223,12,40.0,5
3702135223,6661830273,12,40.0,5
6661830273,252537965,12,40.0,5
252537965,5572784728,12,40.0,5
5572784728,252537964,12,40.0,5
252537964,2527558710,12,40.0,5
2527558710,3713376126,12,40.0,5
3713376126,670258819,12,40.0,5
670258819,252537962,12,40.0,5
252537962,3713376155,12,40.0,5
3713376155,2444245612,12,40.0,5
2444245612,3713376153,12,40.0,5
3713376153,252537961,12,40.0,5
252537961,10198940942,12,40.0,5
10198940942,252537960,12,40.0,5
252537960,252537959,12,40.0,5
252537959,4860287691,12,40.0,5
4860287691,5200965991,12,40.0,5
5200965991,4860287690,12,40.0,5
4860287690,252537958,12,40.0,5
252537958,670259205,12,40.0,5
670259205,252537957,12,40.0,5
252537957,3713376161,12,40.0,5
3713376161,3713376151,12,40.0,5
3713376151,670259208,12,40.0,5
670259208,252537956,12,40.0,5
252537956,10198940944,12,40.0,5
10198940944,4860287692,12,40.0,5
4860287692,252537955,12,40.0,5
252537955,10198940955,12,40.0,5
10198940955,3713376150,12,40.0,5
3713376150,3713376149,12,40.0,5
3713376149,2619372956,12,40.0,5
2619372956,4860279711,12,40.0,5
4860279711,642959711,12,40.0,5
642959711,2527552703,12,40.0,5
2527552703,252537953,12,40.0,5
252537953,2619372954,12,40.0,5
2619372954,11959575841,12,40.0,5
11959575841,252537952,12,40.0,5
252537952,4860287697,12,40.0,5
4860287697,11994641693,12,40.0,5
11994641693,11994641694,12,40.0,5
11994641694,11994641692,12,40.0,5
11994641692,11994641691,12,40.0,5
11994641691,11994641695,12,40.0,5
11994641695,11959629974,12,40.0,5
11959629974,11959629973,12,40.0,5
11959629973,11959629972,12,40.0,5
11959629972,11959629971,12,40.0,5
11959629971,268931537,12,40.0,5
268931537,4191853176,12,40.0,5
4191853176,2619383298,12,40.0,5
2619383298,2619383297,12,40.0,5
2619383297,268931541,12,40.0,5
268931541,642959752,12,40.0,5
642959752,268931544,12,40.0,5
268931544,1839468691,12,40.0,5
1839468691,1839468710,12,40.0,5
7832569684,13700669323,12,40.0,5
13700669323,7832569688,12,40.0,5
1346377753,4197383677,12,40.0,5
4197383677,1346377742,12,40.0,5
1346377742,9180242971,12,40.0,5
9180242971,9406657368,12,40.0,5
9406657368,679746530,12,40.0,5
679746530,9406657367,12,40.0,5
9406657367,679749960,12,40.0,5
679749960,3164346857,12,40.0,5
3164346857,9406657366,12,40.0,5
9406657366,9180242975,12,40.0,5
9180242975,679746549,12,40.0,5
679746549,9406657364,12,40.0,5
9406657364,679746553,12,40.0,5
679746553,9180242973,12,40.0,5
9180242973,4009185291,12,40.0,5
4009185291,6658817546,12,40.0,5
6658817546,13680500733,12,40.0,5
13680500733,4621947943,12,40.0,5
4621947943,6658817559,12,40.0,5
6658817559,6234164270,12,40.0,5
6234164270,3645522563,12,40.0,5
3645522563,3893909444,12,40.0,5
3893909444,1278079713,12,40.0,5
1683151514,9496753351,12,40.0,5
9496753351,9898759797,12,40.0,5
9898759797,3774751876,12,40.0,5
3774751876,3774751878,12,40.0,5
3774751878,12704722793,12,40.0,5
12704722793,11577880587,12,40.0,5
11577880587,1838419681,12,40.0,5
1838419681,9963269014,12,40.0,5
9963269014,253026193,12,40.0,5
599131334,10902062122,12,40.0,5
1124475404,672600076,12,40.0,5
672600076,6661677753,12,40.0,5
6661677753,6277491039,12,40.0,5
6277491039,6661670560,12,40.0,5
6661670560,7037743632,12,40.0,5
7037743632,127660871,12,40.0,5
127660871,7376653764,12,40.0,5
7376653764,7376653762,12,40.0,5
7376653762,12741244293,12,40.0,5
12741244293,7376675623,12,40.0,5
7376675623,269351901,12,40.0,5
269351901,12741244291,12,40.0,5
12741244291,639804505,12,40.0,5
639804505,6289266091,12,40.0,5
6289266091,5783347592,12,40.0,5
5783347592,269351903,12,40.0,5
269351903,1877145454,12,40.0,5
1877145454,672596279,12,40.0,5
672596279,6289266086,12,40.0,5
6289266086,3783153357,12,40.0,5
3783153357,253022345,12,40.0,5
3164334813,13432755962,12,40.0,5
13432755962,3136350901,12,40.0,5
3136350896,3666701551,12,40.0,5
3666701551,6234353066,12,40.0,5
6234353066,635909834,12,40.0,5
635909834,13680101712,12,40.0,5
13680101712,3666701550,12,40.0,5
3666701550,13680101713,12,40.0,5
13680101713,6234403700,12,40.0,5
6234403700,6234403698,12,40.0,5
6234403698,13680101714,12,40.0,5
13680101714,13677216482,12,40.0,5
13677216482,4400790559,12,40.0,5
4400790559,13677237616,12,40.0,5
13677237616,13677216448,12,40.0,5
13677216448,13677216455,12,40.0,5
13677216455,13677216447,12,40.0,5
13677216447,13677216446,12,40.0,5
13677216446,6234403694,12,40.0,5
6234403694,13680101706,12,40.0,5
13680101706,6234403693,12,40.0,5
6234403693,256882253,12,40.0,5
256882253,6234403284,12,40.0,5
6234403284,10264231206,12,40.0,5
10264231206,2328966780,12,40.0,5
2328966780,13700184454,12,40.0,5
13700184454,2328966755,12,40.0,5
2328966755,13675759237,12,40.0,5
13675759237,13675759236,12,40.0,5
13675759236,13675759233,12,40.0,5
13675759233,13675759235,12,40.0,5
13675759235,13675759234,12,40.0,5
13675759234,2328966793,12,40.0,5
2328966793,2328966790,12,40.0,5
2328966790,2328966752,12,40.0,5
13683707430,682081241,12,40.0,5
682081241,13683707409,12,40.0,5
13683707409,682081219,12,40.0,5
682081219,2094306222,12,40.0,5
2094306222,13684023329,12,40.0,5
13684023329,13683707426,12,40.0,5
13683707426,2094306192,12,40.0,5
2094306192,4678327361,12,40.0,5
4678327361,270333433,12,40.0,5
270333433,13684023330,12,40.0,5
13684023330,653129377,12,40.0,5
653129377,270333419,12,40.0,5
270333419,6233578640,12,40.0,5
6233578640,6233578643,12,40.0,5
6233578643,270333418,12,40.0,5
270333418,5220461443,12,40.0,5
3556443371,13653171322,12,40.0,5
13653171322,13653171321,12,40.0,5
13653171321,13653171320,12,40.0,5
13653171320,13653113882,12,40.0,5
13653113882,13653171318,12,40.0,5
13653171318,13653171317,12,40.0,5
13653171317,13653171316,12,40.0,5
13653171316,13653171315,12,40.0,5
13653171315,13653171314,12,40.0,5
13653171314,13653171313,12,40.0,5
13653171313,6277581698,12,40.0,5
6277581698,13653171312,12,40.0,5
13653171312,13653171311,12,40.0,5
13653171311,13653171310,12,40.0,5
13653171310,13653171309,12,40.0,5
13653171309,13653171308,12,40.0,5
13653171308,13653171307,12,40.0,5
13653171307,13653171306,12,40.0,5
13653171306,13653171305,12,40.0,5
13653171305,13653171304,12,40.0,5
13653171304,13653171303,12,40.0,5
13653171303,13653171302,12,40.0,5
13653171302,13653171301,12,40.0,5
13653171301,13357233504,12,40.0,5
13357233504,13653113900,12,40.0,5
13653113900,10129746904,12,40.0,5
10129746904,13653113899,12,40.0,5
13653113899,3799736775,12,40.0,5
3799736775,13653113898,12,40.0,5
13653113898,13653113897,12,40.0,5
13653113897,13653113896,12,40.0,5
13653113896,13653113895,12,40.0,5
13653113895,13653113894,12,40.0,5
13653113894,13653113893,12,40.0,5
13653113893,13653113892,12,40.0,5
13653113892,13653113891,12,40.0,5
13653113891,13653113890,12,40.0,5
13653113890,13653113889,12,40.0,5
13653113889,13653113888,12,40.0,5
13653113888,13653113887,12,40.0,5
13653113887,13653113886,12,40.0,5
13653113886,13653113885,12,40.0,5
13653113885,13653113884,12,40.0,5
13653113884,13653113883,12,40.0,5
13653113883,1863456301,12,40.0,5
1863456301,1863456364,12,40.0,5
1863456364,13610295745,12,40.0,5
13610295745,10268955070,12,40.0,5
10268955070,1863456310,12,40.0,5
1863456310,13610295744,12,40.0,5
13610295744,13610295742,12,40.0,5
13610295742,13610295743,12,40.0,5
13610295743,10268955051,12,40.0,5
10268955051,2105382093,12,40.0,5
2105382093,13610295735,12,40.0,5
13610295735,13610295739,12,40.0,5
13610295739,13610295736,12,40.0,5
13610295736,13610295737,12,40.0,5
13610295737,1863456348,12,40.0,5
1863456348,13610295738,12,40.0,5
13610295738,6277581751,12,40.0,5
6277581751,10268955058,12,40.0,5
10268955058,8572306003,12,40.0,5
8572306003,13610295786,12,40.0,5
13610295786,13610295787,12,40.0,5
13610295787,13610295788,12,40.0,5
13610295788,1863456314,12,40.0,5
1863456314,5385270056,12,40.0,5
5385270056,10633327861,12,40.0,5
10633327861,13610295789,12,40.0,5
13610295789,5385270060,12,40.0,5
5385270060,13610295790,12,40.0,5
13610295790,13610295791,12,40.0,5
13610295791,10268955055,12,40.0,5
10268955055,5385270066,12,40.0,5
5385270066,5385270067,12,40.0,5
5385270067,13610295792,12,40.0,5
13610295792,13610295793,12,40.0,5
13610295793,13610295794,12,40.0,5
13610295794,5385270070,12,40.0,5
5385270070,5385270072,12,40.0,5
5385270072,13610295795,12,40.0,5
13610295795,13610295796,12,40.0,5
13610295796,13610295797,12,40.0,5
13610295797,13610295798,12,40.0,5
13610295798,13610295799,12,40.0,5
13610295799,13610295800,12,40.0,5
13610295800,1863456366,12,40.0,5
1863456366,13610304501,12,40.0,5
13610304501,13610304502,12,40.0,5
13610304502,13610304503,12,40.0,5
13610304503,1863456308,12,40.0,5
1863456308,13610304504,12,40.0,5
13610304504,13610304505,12,40.0,5
13610304505,10267780313,12,40.0,5
10267780313,13610304506,12,40.0,5
13610304506,13610304507,12,40.0,5
13610304507,12864353680,12,40.0,5
12864353680,13610304508,12,40.0,5
13610304508,13610304511,12,40.0,5
13610304511,10633327867,12,40.0,5
10633327867,10633327866,12,40.0,5
10633327866,1863456318,12,40.0,5
1863456318,10633327869,12,40.0,5
10633327869,13610304512,12,40.0,5
13610304512,13610304513,12,40.0,5
13610304513,10633327881,12,40.0,5
10633327881,13610304514,12,40.0,5
13610304514,10633327863,12,40.0,5
10633327863,13610304515,12,40.0,5
13610304515,10633327864,12,40.0,5
10633327864,1863456368,12,40.0,5
1863456368,13610304516,12,40.0,5
13610304516,13610304517,12,40.0,5
13610304517,10633327880,12,40.0,5
10633327880,10633327865,12,40.0,5
10633327865,2681938474,12,40.0,5
2681938474,13610304518,12,40.0,5
13610304518,1863456356,12,40.0,5
1863456356,13610304519,12,40.0,5
13610304519,13610304520,12,40.0,5
13610304520,13610304521,12,40.0,5
13610304521,13610304522,12,40.0,5
13610304522,1863456352,12,40.0,5
1863456352,13366082783,12,40.0,5
13366082783,13366082784,12,40.0,5
13366082784,1863456294,12,40.0,5
1863456294,10129746901,12,40.0,5
10129746901,10633327862,12,40.0,5
10633327862,13366082774,12,40.0,5
13366082774,13366082773,12,40.0,5
13366082773,13366082772,12,40.0,5
13366082772,3136385192,12,40.0,5
3136385192,13366082771,12,40.0,5
13366082771,13366082765,12,40.0,5
13366082765,3136385194,12,40.0,5
3136385194,5372968715,12,40.0,5
5372968715,9406647249,12,40.0,5
9406647249,5372968712,12,40.0,5
5372968712,5372968711,12,40.0,5
5372968711,9406647247,12,40.0,5
9406647247,9406647251,12,40.0,5
9406647251,9406647248,12,40.0,5
9406647248,9406647252,12,40.0,5
9406647252,9406647250,12,40.0,5
9406647250,3141171382,12,40.0,5
3141171382,13366082769,12,40.0,5
13366082769,3141171383,12,40.0,5
3141171383,13660303941,12,40.0,5
13660303941,3141171384,12,40.0,5
3141171384,13681224768,12,40.0,5
13681224768,11577934889,12,40.0,5
11577934889,3937930796,12,40.0,5
3937930796,248608286,12,40.0,5
248608286,13367491687,12,40.0,5
13367491687,6498294707,12,40.0,5
6498294707,6498294700,12,40.0,5
6498294700,6498294697,12,40.0,5
6498294697,6498294696,12,40.0,5
6498294696,6498294695,12,40.0,5
6498294695,3922266724,12,40.0,5
3922266724,6498294691,12,40.0,5
6498294691,3922266725,12,40.0,5
3922266725,3922273774,12,40.0,5
3922273774,3922266710,12,40.0,5
3922266710,13367717347,12,40.0,5
13367717347,13367717348,12,40.0,5
13367717348,3922266711,12,40.0,5
3922266711,13367717344,12,40.0,5
13367717344,13367717349,12,40.0,5
13367717349,619244343,12,40.0,5
619244343,3339667810,12,40.0,5
3339667810,3339667816,12,40.0,5
3339667816,3186504907,12,40.0,5
3186504907,3186504903,12,40.0,5
3186504903,6557159631,12,40.0,5
6557159631,3186504904,12,40.0,5
3186504904,3186504910,12,40.0,5
3186504910,3186504909,12,40.0,5
3186504909,3186416528,12,40.0,5
3186416528,3186416542,12,40.0,5
3186416542,654155321,12,40.0,5
654155321,3186416526,12,40.0,5
3186416526,654155322,12,40.0,5
654155322,3186416533,12,40.0,5
3186416533,3186416540,12,40.0,5
3186416540,654155323,12,40.0,5
654155323,3186416524,12,40.0,5
3186416524,3186416531,12,40.0,5
3186416531,1296776297,12,40.0,5
1296776297,3186416544,12,40.0,5
3186416544,654155324,12,40.0,5
654155324,3186416547,12,40.0,5
3186416547,1296776596,12,40.0,5
1296776596,3186416536,12,40.0,5
3186416536,3186416541,12,40.0,5
3186416541,654155325,12,40.0,5
654155325,3186416532,12,40.0,5
3186416532,1296776258,12,40.0,5
1296776258,3186416546,12,40.0,5
3186416546,654155326,12,40.0,5
654155326,3186416538,12,40.0,5
3186416538,654155327,12,40.0,5
654155327,11271037021,12,40.0,5
4793209901,6233418796,12,40.0,5
6233418796,3944859131,12,40.0,5
3944859131,1431528226,12,40.0,5
1431528226,652549503,12,40.0,5
652549503,618500316,12,40.0,5
618500316,618500318,12,40.0,5
618500318,618500319,12,40.0,5
618500319,644608098,12,40.0,5
644608098,1428449259,12,40.0,5
1428449259,2094344636,12,40.0,5
2094344636,403874932,12,40.0,5
403874932,1985256189,12,40.0,5
644608112,644608119,12,40.0,5
644608119,13683858347,12,40.0,5
13683858347,4506239332,12,40.0,5
4506239332,6231258980,12,40.0,5
6231258980,644608075,12,40.0,5
644608075,650721754,12,40.0,5
650721754,1128191446,12,40.0,5
1128191446,644610978,12,40.0,5
644610978,403874924,12,40.0,5
403874924,6231259585,12,40.0,5
6231259585,403874920,12,40.0,5
403874920,3943615887,12,40.0,5
3943615887,2034242906,12,40.0,5
2034242906,403874919,12,40.0,5
403874919,3943615894,12,40.0,5
3943615894,403874915,12,40.0,5
403874915,3502135116,12,40.0,5
3502135116,10219043257,12,40.0,5
10219043257,4817229170,12,40.0,5
4817229170,10219043258,12,40.0,5
10219043258,10219043259,12,40.0,5
10219043259,3502153119,12,40.0,5
3502153119,2174786546,12,40.0,5
2174786546,1235750075,12,40.0,5
618530958,683788973,12,40.0,5
683788973,12857698283,12,40.0,5
12857698283,5057792734,12,40.0,5
5057792734,5627560764,12,40.0,5
5627560764,5627560772,12,40.0,5
5627560772,5290309687,12,40.0,5
5290309687,5290309686,12,40.0,5
5290309686,5290309685,12,40.0,5
4213197053,3799951102,12,40.0,5
3799951102,2111951871,12,40.0,5
2111951871,3921611417,12,40.0,5
3921611417,2111951876,12,40.0,5
2111951876,2083191865,12,40.0,5
2083191865,3799951092,12,40.0,5
3799951092,5895890296,12,40.0,5
5895890296,5498124193,12,40.0,5
5498124193,653129920,12,40.0,5
653129920,5636495293,12,40.0,5
5636495293,653129921,12,40.0,5
653129921,646913671,12,40.0,5
646913671,3921611405,12,40.0,5
3921611405,646913673,12,40.0,5
646913673,646913679,12,40.0,5
646913679,3921611406,12,40.0,5
3921611406,2034242937,12,40.0,5
2034242937,2034242921,12,40.0,5
2034242921,12100076478,12,40.0,5
12100076478,12100076476,12,40.0,5
12100076476,646913682,12,40.0,5
646913682,646906684,12,40.0,5
646906684,3192350634,12,40.0,5
3192350634,1147957787,12,40.0,5
1147957787,646906691,12,40.0,5
646906691,1147957807,12,40.0,5
1147957807,646906696,12,40.0,5
646906696,3192350806,12,40.0,5
3192350806,3192350789,12,40.0,5
3192350789,646906701,12,40.0,5
646906701,646906623,12,40.0,5
2117500121,6289325418,12,40.0,5
6289325418,10261690679,12,40.0,5
10261690679,6289325417,12,40.0,5
6289325417,2117500119,12,40.0,5
2117500119,3150410544,12,40.0,5
3150410544,682080736,12,40.0,5
682080736,5398149488,12,40.0,5
5398149488,10261690670,12,40.0,5
10261690670,2034242968,12,40.0,5
2034242968,9824751935,12,40.0,5
9824751935,9824751934,12,40.0,5
9824751934,3301622608,12,40.0,5
3301622608,3531016717,12,40.0,5
3531016717,13728044670,12,40.0,5
13728044670,3150421786,12,40.0,5
3150421786,10261690668,12,40.0,5
10261690668,645091816,12,40.0,5
645091816,3150421791,12,40.0,5
3150421791,646872994,12,40.0,5
646872994,3150421799,12,40.0,5
3150421799,6991380971,12,40.0,5
6991380971,10261690666,12,40.0,5
10261690666,3150421798,12,40.0,5
3150421798,10261690664,12,40.0,5
10261690664,618540121,12,40.0,5
618540121,2094306205,12,40.0,5
2094306205,5266279388,12,40.0,5
5266279388,3150421784,12,40.0,5
3150421784,3150421796,12,40.0,5
3150421796,10261690661,12,40.0,5
10261690661,618543041,12,40.0,5
618543041,3384207073,12,40.0,5
3384207073,3384207074,12,40.0,5
3384207074,646872995,12,40.0,5
646872995,10261690659,12,40.0,5
10261690659,11289909417,12,40.0,5
11289909417,3944859129,12,40.0,5
3944859129,3150421797,12,40.0,5
3150421797,3150421781,12,40.0,5
3150421781,6233418797,12,40.0,5
6233418797,4793209901,12,40.0,5
62783063,637603462,12,40.0,5
637603462,621817282,12,40.0,5
621817282,9740502126,12,40.0,5
9740502126,7862388213,12,40.0,5
7862388213,7862388212,12,40.0,5
7862388212,7862388211,12,40.0,5
7862388211,5283109201,12,40.0,5
5283109201,10542495090,12,40.0,5
10542495090,672779565,12,40.0,5
672779565,3085648495,12,40.0,5
3085648495,667762099,12,40.0,5
667762099,621817291,12,40.0,5
621817291,13698397491,12,40.0,5
13698397491,667762091,12,40.0,5
667762091,672787188,12,40.0,5
672787188,621817298,12,40.0,5
621817298,13698397493,12,40.0,5
13698397493,667762090,12,40.0,5
667762090,3799979962,12,40.0,5
3799979962,621817303,12,40.0,5
621817303,4061971347,12,40.0,5
4061971347,637577354,12,40.0,5
637577354,13701027712,12,40.0,5
13701027712,8708030333,12,40.0,5
8708030333,621817310,12,40.0,5
621817310,8708030332,12,40.0,5
8708030332,4061975256,12,40.0,5
4061975256,60796710,12,40.0,5
60796710,667761523,12,40.0,5
667761523,60796723,12,40.0,5
60796723,4061975264,12,40.0,5
4061975264,8708030331,12,40.0,5
8708030331,667761551,12,40.0,5
667761551,60796713,12,40.0,5
60796713,621822224,12,40.0,5
621822224,13698430228,12,40.0,5
13698430228,13698397497,12,40.0,5
13698397497,13698397496,12,40.0,5
13698397496,13698430229,12,40.0,5
13698430229,13698397495,12,40.0,5
13702559829,13702559830,12,40.0,5
13702559830,7436875682,12,40.0,5
7436875682,13680749113,12,40.0,5
13680749113,13702559828,12,40.0,5
13702559828,13680749112,12,40.0,5
13680749112,7436875683,12,40.0,5
7436875683,7436875684,12,40.0,5
7436875684,13680749108,12,40.0,5
13680749108,13680749109,12,40.0,5
13680749109,13680749110,12,40.0,5
13680749110,13680749111,12,40.0,5
13680749111,7436891185,12,40.0,5
3136350893,13432755961,12,40.0,5
13432755961,3136350903,12,40.0,5
3136350903,13432755960,12,40.0,5
13432755960,3136350899,12,40.0,5
10768107797,208540813,12,40.0,5
208540813,9501423516,12,40.0,5
9501423516,13697317243,12,40.0,5
13697317243,10768107783,12,40.0,5
10768107783,13697317248,12,40.0,5
13697317248,10120419569,12,40.0,5
10120419569,10259447960,12,40.0,5
10259447960,637633701,12,40.0,5
637633701,1346379028,12,40.0,5
1346379028,1346379027,12,40.0,5
1346379027,618279945,12,40.0,5
618279945,7832569667,12,40.0,5
7832569667,3191466209,12,40.0,5
3191466209,3191466213,12,40.0,5
3191466213,10047011663,12,40.0,5
10047011663,679749338,12,40.0,5
679749338,618279941,12,40.0,5
618279941,10080497117,12,40.0,5
10080497117,3645582157,12,40.0,5
3645582157,620380641,12,40.0,5
620380641,4197383672,12,40.0,5
4197383672,4197383671,12,40.0,5
4197383671,679751868,12,40.0,5
679751868,9502314632,12,40.0,5
9502314632,1684767657,12,40.0,5
1684767657,651262137,12,40.0,5
651262137,1307336320,12,40.0,5
1307336320,4197383661,12,40.0,5
4197383661,1278079635,12,40.0,5
1278079635,6277534251,12,40.0,5
6277534251,10047011660,12,40.0,5
10047011660,1307336317,12,40.0,5
1307336317,10047011659,12,40.0,5
10047011659,10047011658,12,40.0,5
10047011658,6277534245,12,40.0,5
6277534245,10633327896,12,40.0,5
10633327896,6277539949,12,40.0,5
6277539949,1280044909,12,40.0,5
1280044909,1280044914,12,40.0,5
1280044914,1280044920,12,40.0,5
1280044920,10555850720,12,40.0,5
10555850720,1280044912,12,40.0,5
1280044912,9439076206,12,40.0,5
9439076206,3993490606,12,40.0,5
3993490606,9439076212,12,40.0,5
9439076212,3993490607,12,40.0,5
3993490607,7832550477,12,40.0,5
7832550477,7832569726,12,40.0,5
7832569726,13697381364,12,40.0,5
13697381364,13697381363,12,40.0,5
13697381363,61802753,12,40.0,5
13697381369,13697381368,12,40.0,5
2111968629,4980010441,12,40.0,5
4980010441,2111968528,12,40.0,5
2111968528,2111968634,12,40.0,5
2111968634,2091833873,12,40.0,5
2091833873,4980010444,12,40.0,5
4980010444,403874793,12,40.0,5
403874793,3771725392,12,40.0,5
3771725392,2034260155,12,40.0,5
2034260155,403874796,12,40.0,5
403874796,5006394451,12,40.0,5
5006394451,403874797,12,40.0,5
403874797,2034260163,12,40.0,5
2034260163,403874799,12,40.0,5
403874799,403874800,12,40.0,5
403874800,2131864627,12,40.0,5
2131864627,3705965291,12,40.0,5
3705965291,13278963915,12,40.0,5
13278963915,2091834867,12,40.0,5
2091834867,403874803,12,40.0,5
403874803,2142186411,12,40.0,5
2142186411,1144975981,12,40.0,5
1144975981,5498091775,12,40.0,5
5498091775,5006394434,12,40.0,5
5006394434,403874806,12,40.0,5
403874806,2034260136,12,40.0,5
2034260136,2131864639,12,40.0,5
7037743630,10096768664,12,40.0,5
10096768664,7037743631,12,40.0,5
7037743631,10157459937,12,40.0,5
10157459937,7037743632,12,40.0,5
7037743638,10740616750,12,40.0,5
10740616750,206594832,12,40.0,5
206594832,672613449,12,40.0,5
672613449,3742323090,12,40.0,5
3742323090,3742323089,12,40.0,5
3742323089,642994675,12,40.0,5
642994675,642994678,12,40.0,5
642994678,10740616749,12,40.0,5
10740616749,10740616748,12,40.0,5
10740616748,642994680,12,40.0,5
642994680,642994681,12,40.0,5
642994681,10740616747,12,40.0,5
10740616747,10740616746,12,40.0,5
10740616746,6260211864,12,40.0,5
6260211864,642994682,12,40.0,5
642994682,129616162,12,40.0,5
129616162,10740616708,12,40.0,5
10740616708,10740616709,12,40.0,5
10740616709,10740616710,12,40.0,5
10740616706,620403354,12,40.0,5
620403354,3774751831,12,40.0,5
3774751831,620403351,12,40.0,5
620403351,620403350,12,40.0,5
620403350,3774751828,12,40.0,5
3774751828,7646751112,12,40.0,5
331459353,3774585427,12,40.0,5
3774585427,150994802,12,40.0,5
150994802,678591992,12,40.0,5
678591992,3782918107,12,40.0,5
3782918107,3773070275,12,40.0,5
3773070275,6668001747,12,40.0,5
6668001747,1999647798,12,40.0,5
1999647798,3285619126,12,40.0,5
3285619126,3782918112,12,40.0,5
3782918112,150994801,12,40.0,5
150994801,673953602,12,40.0,5
673953602,4600989701,12,40.0,5
4600989701,1838453721,12,40.0,5
1838453721,3785753660,12,40.0,5
3785753660,3785753661,12,40.0,5
3785753661,621940816,12,40.0,5
621940816,11137522164,12,40.0,5
11137522164,11137522162,12,40.0,5
11137522162,2082347822,12,40.0,5
2082347822,3785844744,12,40.0,5
3785844744,11137496141,12,40.0,5
11137496141,639894741,12,40.0,5
639894741,3785844742,12,40.0,5
3785844742,11137522166,12,40.0,5
11137522166,3785844735,12,40.0,5
3785844735,3782918113,12,40.0,5
3782918113,676001071,12,40.0,5
676001071,5396433043,12,40.0,5
5396433043,3401467693,12,40.0,5
3401467693,3785849866,12,40.0,5
3785849866,3401467697,12,40.0,5
3401467697,3772994153,12,40.0,5
3772994153,12402598681,12,40.0,5
12402598681,1533913594,12,40.0,5
1533913594,6273114457,12,40.0,5
6273114457,3782918114,12,40.0,5
3782918114,60797432,12,40.0,5
60797432,50422994,12,40.0,5
50422994,1533913627,12,40.0,5
1533913627,1838453775,12,40.0,5
1838453775,1838453757,12,40.0,5
1838453757,9936301535,12,40.0,5
9936301535,1838453702,12,40.0,5
1838453702,8572280708,12,40.0,5
8572280708,10628115399,12,40.0,5
10628115399,7087251975,12,40.0,5
7087251975,1249801969,12,40.0,5
1249801969,637429010,12,40.0,5
637429010,637440468,12,40.0,5
635164747,7085690873,12,40.0,5
7085690873,7159996150,12,40.0,5
7159996150,7085690874,12,40.0,5
7085690874,618273478,12,40.0,5
618273478,7159996011,12,40.0,5
7159996011,1138078405,12,40.0,5
1138078405,639804591,12,40.0,5
639804591,675994220,12,40.0,5
675994220,9496753374,12,40.0,5
9496753374,1838453755,12,40.0,5
1838453755,8557846017,12,40.0,5
8557846017,621951615,12,40.0,5
621951615,637539664,12,40.0,5
637539664,9496753364,12,40.0,5
9496753364,621954106,12,40.0,5
621954106,620388864,12,40.0,5
620388864,635164725,12,40.0,5
635164725,9496753359,12,40.0,5
9496753359,8557846018,12,40.0,5
8557846018,9456804940,12,40.0,5
9456804940,599131016,12,40.0,5
599131016,667271943,12,40.0,5
667271943,7081694519,12,40.0,5
7081694519,9496753357,12,40.0,5
9496753357,635850180,12,40.0,5
635850180,7081694520,12,40.0,5
7081694520,621954111,12,40.0,5
621954111,667272640,12,40.0,5
667272640,7085690885,12,40.0,5
7085690885,9496753355,12,40.0,5
9496753355,667274852,12,40.0,5
667274852,667274857,12,40.0,5
667274857,9496753353,12,40.0,5
9496753353,635164732,12,40.0,5
6234042681,3362713157,12,40.0,5
3362713157,10243703021,12,40.0,5
10243703021,6234042640,12,40.0,5
6234042640,6234042654,12,40.0,5
6234042654,2143730220,12,40.0,5
2143730220,619274820,12,40.0,5
619274820,619274812,12,40.0,5
619274812,1839459841,12,40.0,5
1839459841,1839459819,12,40.0,5
1839459819,1839459837,12,40.0,5
1839459837,1839459805,12,40.0,5
3355429255,637633686,12,40.0,5
637633686,13697266292,12,40.0,5
13697266292,13697317241,12,40.0,5
13697317241,7832569665,12,40.0,5
7832569665,618279942,12,40.0,5
618279942,1346379027,12,40.0,5
3191466213,6524645096,12,40.0,5
6524645096,10047011661,12,40.0,5
10047011661,6524645097,12,40.0,5
10880095739,9180242957,12,40.0,5
9180242957,619732398,12,40.0,5
619732398,6234125998,12,40.0,5
6234125998,646762530,12,40.0,5
619732393,619732433,12,40.0,5
619732433,9180242952,12,40.0,5
9180242952,9981034402,12,40.0,5
9981034402,619732410,12,40.0,5
13692201508,3187956577,12,40.0,5
3187956577,3136338274,12,40.0,5
3136338274,679007209,12,40.0,5
679007209,3166474151,12,40.0,5
3166474151,679007211,12,40.0,5
679007211,679007204,12,40.0,5
679007204,5635884187,12,40.0,5
5635884187,13683818560,12,40.0,5
13683818560,127658045,12,40.0,5
127658045,10629326905,12,40.0,5
10629326905,270333409,12,40.0,5
270333409,4061947667,12,40.0,5
4061947667,2124794395,12,40.0,5
2124794395,2124794394,12,40.0,5
2124794394,270333402,12,40.0,5
270333402,13683965519,12,40.0,5
13683965519,4077041333,12,40.0,5
5635159185,5635159186,12,40.0,5
5635159186,5635159187,12,40.0,5
5635159187,5635159191,12,40.0,5
5635159191,5635159190,12,40.0,5
5635159190,5635159192,12,40.0,5
129615924,11489668128,12,40.0,5
11489668128,1737490131,12,40.0,5
1737490131,2135866884,12,40.0,5
2135866884,1737490139,12,40.0,5
1737490139,2394776217,12,40.0,5
2394776217,2394776177,12,40.0,5
2394776177,2015142286,12,40.0,5
2015142286,678826934,12,40.0,5
678826934,6661943581,12,40.0,5
6661943581,1737490143,12,40.0,5
1737490143,6661943573,12,40.0,5
6661943573,129615933,12,40.0,5
129615933,9959089698,12,40.0,5
9959089698,129615942,12,40.0,5
129615942,651260245,12,40.0,5
651260245,2394776194,12,40.0,5
2394776194,651260236,12,40.0,5
651260236,5105301721,12,40.0,5
5105301721,1661966161,12,40.0,5
1661966161,651260228,12,40.0,5
651260228,2394776188,12,40.0,5
2394776188,6277496274,12,40.0,5
6277496274,6277496275,12,40.0,5
6277496275,651260213,12,40.0,5
651260213,619959758,12,40.0,5
619959758,3354661025,12,40.0,5
3354661025,2386004465,12,40.0,5
2386004465,331448574,12,40.0,5
331448574,11546732715,12,40.0,5
11546732715,3354661021,12,40.0,5
3354661021,129615972,12,40.0,5
129615972,3166118868,12,40.0,5
3166118868,670245655,12,40.0,5
670245655,11836239914,12,40.0,5
11836239914,4582456536,12,40.0,5
4582456536,4582456538,12,40.0,5
4582456538,4582456543,12,40.0,5
4582456543,6277491015,12,40.0,5
6277491015,4582456541,12,40.0,5
4582456541,4582456540,12,40.0,5
4582456540,635857018,12,40.0,5
635857018,10216150411,12,40.0,5
10216150411,635855735,12,40.0,5
635855735,635855771,12,40.0,5
635855771,625830670,12,40.0,5
625830670,13658932783,12,40.0,5
13658932783,3354661037,12,40.0,5
3354661037,3354661039,12,40.0,5
3354661039,5105301753,12,40.0,5
5105301753,3354661034,12,40.0,5
3354661034,681207912,12,40.0,5
681207912,5105301742,12,40.0,5
5105301742,5373513488,12,40.0,5
5373513488,11540630547,12,40.0,5
11540630547,5105301739,12,40.0,5
5105301739,3774751734,12,40.0,5
3774751734,11540630549,12,40.0,5
11540630549,10216150410,12,40.0,5
10216150410,11549247179,12,40.0,5
208541425,3354661033,12,40.0,5
3354661033,252537805,12,40.0,5
252537805,252537804,12,40.0,5
252537804,3784197288,12,40.0,5
3784197288,12983272802,12,40.0,5
12983272802,674571356,12,40.0,5
674571356,674570940,12,40.0,5
674570940,252537803,12,40.0,5
252537803,3774751721,12,40.0,5
3774751721,3774751720,12,40.0,5
3774751720,252537802,12,40.0,5
252537802,674571093,12,40.0,5
674571093,129616350,12,40.0,5
129616350,12983272801,12,40.0,5
12983272801,129616344,12,40.0,5
129616344,129616340,12,40.0,5
129616340,674594060,12,40.0,5
674594060,11577917718,12,40.0,5
11577917718,674570897,12,40.0,5
674570897,12983235800,12,40.0,5
12983235800,13339304261,12,40.0,5
13339304261,129616337,12,40.0,5
129616337,13339304260,12,40.0,5
13339304260,7434299462,12,40.0,5
7434299462,3772759795,12,40.0,5
3772759795,9943586006,12,40.0,5
9943586006,1528656571,12,40.0,5
1528656571,150994667,12,40.0,5
150994667,12983235799,12,40.0,5
12983235799,1528656562,12,40.0,5
1528656562,129672903,12,40.0,5
129672903,5567198336,12,40.0,5
5567198336,12983235797,12,40.0,5
12983235797,12983235798,12,40.0,5
12983235798,5567198337,12,40.0,5
5567198337,643015778,12,40.0,5
643015778,5567198335,12,40.0,5
5567198335,674593902,12,40.0,5
674593902,5567198334,12,40.0,5
5567198334,5567198333,12,40.0,5
5567198333,150994666,12,40.0,5
150994666,5567198332,12,40.0,5
5567198332,3800051154,12,40.0,5
3800051154,5567198338,12,40.0,5
5567198338,150994665,12,40.0,5
150994665,5567198342,12,40.0,5
5567198342,643015786,12,40.0,5
643015786,5567198341,12,40.0,5
5567198341,5567198340,12,40.0,5
5567198340,673925093,12,40.0,5
673925093,5567198339,12,40.0,5
5567198339,673925023,12,40.0,5
673925023,643015739,12,40.0,5
643015739,5567198343,12,40.0,5
5567198343,5115898226,12,40.0,5
5115898226,12983235793,12,40.0,5
12983235793,673925109,12,40.0,5
673925109,150994663,12,40.0,5
150994663,673925119,12,40.0,5
673925119,674856215,12,40.0,5
674856215,2093089713,12,40.0,5
2093089713,12983235792,12,40.0,5
12983235792,667236830,12,40.0,5
667236830,5115898228,12,40.0,5
5115898228,150994661,12,40.0,5
150994661,667236840,12,40.0,5
667236840,667237466,12,40.0,5
667237466,12983235791,12,40.0,5
12983235791,12983272805,12,40.0,5
12983272805,150994659,12,40.0,5
150994659,12983272804,12,40.0,5
12983272804,673927660,12,40.0,5
673927660,620401826,12,40.0,5
620401826,12814004882,12,40.0,5
12814004882,5770376651,12,40.0,5
5770376651,673927638,12,40.0,5
673927638,3785753687,12,40.0,5
3785753687,635164739,12,40.0,5
635164739,621950440,12,40.0,5
621950440,12983235790,12,40.0,5
12983235790,3785753685,12,40.0,5
3785753685,3822171188,12,40.0,5
3822171188,10112825422,12,40.0,5
10112825422,60797056,12,40.0,5
60797056,635164747,12,40.0,5
1838453755,8626105057,12,40.0,5
8626105057,1838453786,12,40.0,5
1838453786,8626105058,12,40.0,5
8626105058,1838453754,12,40.0,5
1838453754,1838453690,12,40.0,5
1838453690,675994187,12,40.0,5
675994187,7539683161,12,40.0,5
7539683161,675994185,12,40.0,5
675994185,675994183,12,40.0,5
675994183,1838453697,12,40.0,5
1838453697,7479834264,12,40.0,5
7479834264,7479834262,12,40.0,5
7479834262,7479834260,12,40.0,5
7479834260,7479834257,12,40.0,5
7479834257,7479834254,12,40.0,5
7479834254,10902062114,12,40.0,5
10902062114,10902062155,12,40.0,5
10902062155,10902062154,12,40.0,5
4061975260,268931253,12,40.0,5
268931253,268931252,12,40.0,5
268931252,621835722,12,40.0,5
621835722,621835717,12,40.0,5
2154029197,3648987775,12,40.0,5
3648987775,248608277,12,40.0,5
248608277,4082338779,12,40.0,5
4082338779,10039819998,12,40.0,5
10039819998,9218221366,12,40.0,5
9218221366,13698221594,12,40.0,5
13698221594,10039829414,12,40.0,5
10039829414,4084701814,12,40.0,5
4084701814,672787162,12,40.0,5
672787162,6661788638,12,40.0,5
6661788638,9218221367,12,40.0,5
9218221367,6524791578,12,40.0,5
6524791578,672787179,12,40.0,5
672787179,7919466370,12,40.0,5
7919466370,2154022983,12,40.0,5
2154022983,4084701734,12,40.0,5
4084701734,10216158835,12,40.0,5
10216158835,3648987771,12,40.0,5
3648987771,672787187,12,40.0,5
672787187,9482261893,12,40.0,5
9482261893,6289234299,12,40.0,5
6289234299,621816446,12,40.0,5
621816446,13695697500,12,40.0,5
13695697500,13695697497,12,40.0,5
13695697497,13695697499,12,40.0,5
13695697499,13695751603,12,40.0,5
13695751603,9740487214,12,40.0,5
9740487214,9740502118,12,40.0,5
9740502118,621816478,12,40.0,5
668963648,13663630394,12,40.0,5
13663630394,13684602353,12,40.0,5
13684602353,13684602354,12,40.0,5
13684602354,2320511893,12,40.0,5
5373001774,5373001773,12,40.0,5
5373001773,5373001772,12,40.0,5
5373001772,5373001770,12,40.0,5
5373001770,5373001769,12,40.0,5
5373001769,672806885,12,40.0,5
672806885,5373001768,12,40.0,5
5373001768,672806908,12,40.0,5
672806908,250731037,12,40.0,5
250731037,642959824,12,40.0,5
642959824,14239787347,12,40.0,5
14239787347,2444128667,12,40.0,5
2444128667,4032641231,12,40.0,5
4032641231,672806781,12,40.0,5
672806781,10216158820,12,40.0,5
10216158820,250731038,12,40.0,5
250731038,250731039,12,40.0,5
250731039,3166156579,12,40.0,5
3166156579,2444128665,12,40.0,5
2444128665,635164866,12,40.0,5
635164866,12018224131,12,40.0,5
12018224131,2444245595,12,40.0,5
2444245595,250731040,12,40.0,5
250731040,2444245606,12,40.0,5
2444245606,2444245601,12,40.0,5
2444245601,10216158817,12,40.0,5
10216158817,250731057,12,40.0,5
250731057,7158156520,12,40.0,5
7158156520,10216150416,12,40.0,5
10216150416,10094480188,12,40.0,5
10094480188,9470561893,12,40.0,5
9470561893,670253219,12,40.0,5
670253219,9470561899,12,40.0,5
9470561899,10094480196,12,40.0,5
10094480196,635164942,12,40.0,5
635164942,1128188129,12,40.0,5
1128188129,670252401,12,40.0,5
670252401,635164929,12,40.0,5
635164929,10216150415,12,40.0,5
10216150415,5373001754,12,40.0,5
5373001754,10216150414,12,40.0,5
10216150414,5045580783,12,40.0,5
5045580783,10567135723,12,40.0,5
10567135723,670245651,12,40.0,5
670245651,10216150413,12,40.0,5
10216150413,635855755,12,40.0,5
635855755,635855735,12,40.0,5
191792898,10882720987,12,40.0,5
10882720987,1838419539,12,40.0,5
1838419539,13096855010,12,40.0,5
13096855010,10066763686,12,40.0,5
10066763686,13673566347,12,40.0,5
13673566347,1274137038,12,40.0,5
1274137038,10296971162,12,40.0,5
10296971162,191793205,12,40.0,5
191793205,10123396037,12,40.0,5
10123396037,2925786923,12,40.0,5
1838393552,2077643777,12,40.0,5
2077643777,2077643758,12,40.0,5
2077643758,666892399,12,40.0,5
666892399,2077643781,12,40.0,5
2077643781,666892400,12,40.0,5
666892400,2077643775,12,40.0,5
2077643775,675890435,12,40.0,5
665214509,3803006200,12,40.0,5
3803006200,5650135549,12,40.0,5
5650135549,5650135555,12,40.0,5
5650135555,666872923,12,40.0,5
666872923,3803006199,12,40.0,5
3803006199,13673600183,12,40.0,5
13673600183,191812187,12,40.0,5
10028784437,9748084425,12,40.0,5
9748084425,268931346,12,40.0,5
268931346,268931353,12,40.0,5
268931353,268931261,12,40.0,5
268931261,268931267,12,40.0,5
268931267,621835658,12,40.0,5
621835658,1934706208,12,40.0,5
1934706208,1934706194,12,40.0,5
6991355775,6991355777,12,40.0,5
6991355777,6991355779,12,40.0,5
6991355779,3891716343,12,40.0,5
10869977167,6991380971,12,40.0,5
2094306205,6530555257,12,40.0,5
6530555257,13684023322,12,40.0,5
13684023322,6530555254,12,40.0,5
6530555254,6524306631,12,40.0,5
6524306631,973592787,12,40.0,5
973592787,13683707430,12,40.0,5
5220461443,6233578636,12,40.0,5
6233578636,3191696091,12,40.0,5
3191696091,3191512761,12,40.0,5
3191512761,3931631399,12,40.0,5
3931631399,681782185,12,40.0,5
681782185,3931631400,12,40.0,5
3931631400,127658263,12,40.0,5
127658263,13683965523,12,40.0,5
13683965523,6658789215,12,40.0,5
6658789215,10629326916,12,40.0,5
10629326916,10209710944,12,40.0,5
10209710944,6658706180,12,40.0,5
6658706180,10629326933,12,40.0,5
10629326933,13683965524,12,40.0,5
13683965524,2464933238,12,40.0,5
2464933238,10629326906,12,40.0,5
10629326906,13683965525,12,40.0,5
13683965525,3931631398,12,40.0,5
3931631398,619732407,12,40.0,5
619732438,9180242954,12,40.0,5
9180242954,3164337533,12,40.0,5
3164337533,9180242953,12,40.0,5
9180242953,9981034404,12,40.0,5
9981034404,619732442,12,40.0,5
619732443,3164346846,12,40.0,5
3164346846,9465631071,12,40.0,5
9465631071,9465631070,12,40.0,5
9465631070,619732382,12,40.0,5
619732382,9180242963,12,40.0,5
9180242963,664420249,12,40.0,5
664420249,6234125993,12,40.0,5
6234125993,9734329669,12,40.0,5
9734329669,664420352,12,40.0,5
664420352,5997062280,12,40.0,5
5997062280,10175082401,12,40.0,5
10175082401,4009185292,12,40.0,5
4009185292,9180242968,12,40.0,5
9180242968,13680500759,12,40.0,5
13680500759,1346377755,12,40.0,5
1346377755,679746546,12,40.0,5
679746546,679746549,12,40.0,5
679746553,9406657365,12,40.0,5
9406657365,9180242972,12,40.0,5
9180242972,679746558,12,40.0,5
1278079635,6277534250,12,40.0,5
6277534250,10185036717,12,40.0,5
10185036717,3645522560,12,40.0,5
3645522560,13680517385,12,40.0,5
13680517385,10160885052,12,40.0,5
10160885052,618027735,12,40.0,5
618027735,6277534258,12,40.0,5
6277534258,10160878169,12,40.0,5
10160878169,10160885043,12,40.0,5
10160885043,10285465358,12,40.0,5
10285465358,10160885044,12,40.0,5
10160885044,10160878170,12,40.0,5
10160878170,10285463693,12,40.0,5
10285463693,10160878171,12,40.0,5
10160878171,10160878172,12,40.0,5
10160878172,10160878173,12,40.0,5
10160878173,10160878174,12,40.0,5
10160878174,10160878175,12,40.0,5
10160878175,10285465351,12,40.0,5
10285465351,10160878176,12,40.0,5
10160878176,10160878177,12,40.0,5
10160878177,10160878178,12,40.0,5
10160878178,13680517050,12,40.0,5
13680517050,10160878180,12,40.0,5
10160878180,13680517049,12,40.0,5
13680517049,10160878196,12,40.0,5
10160878196,10160878195,12,40.0,5
10160878195,10160878194,12,40.0,5
10160878194,10160878193,12,40.0,5
10160878193,10160878192,12,40.0,5
10160878192,10160878191,12,40.0,5
10160878191,10160878190,12,40.0,5
10160878190,13680517045,12,40.0,5
13680517045,10160878189,12,40.0,5
10160878189,10160878216,12,40.0,5
10160878216,10160878215,12,40.0,5
10160878215,10160878214,12,40.0,5
10160878214,10160878213,12,40.0,5
10160878213,10160878212,12,40.0,5
10160878212,10160878211,12,40.0,5
10160878211,10160885017,12,40.0,5
10160885017,10160885018,12,40.0,5
10160885018,10160885019,12,40.0,5
1249801963,1249801971,12,40.0,5
1249801971,7087251975,12,40.0,5
403874870,1144976092,12,40.0,5
1144976092,683788952,12,40.0,5
683788952,5498091778,12,40.0,5
5498091778,5498091779,12,40.0,5
5498091779,5895590312,12,40.0,5
5895590312,403874872,12,40.0,5
403874872,5006394443,12,40.0,5
5006394443,5498091781,12,40.0,5
5498091781,403874874,12,40.0,5
403874874,5895590317,12,40.0,5
5895590317,5498091786,12,40.0,5
5498091786,5498014771,12,40.0,5
5498014771,5498124177,12,40.0,5
5498124177,5498124178,12,40.0,5
5498124178,5498124179,12,40.0,5
5498124179,5498124181,12,40.0,5
5498124181,683789981,12,40.0,5
683789981,5498002425,12,40.0,5
5498002425,4210823884,12,40.0,5
4210823884,403874785,12,40.0,5
403874785,5498002429,12,40.0,5
5498002429,403874784,12,40.0,5
403874784,4980010453,12,40.0,5
4980010453,403874782,12,40.0,5
403874782,4980010454,12,40.0,5
4980010454,403874781,12,40.0,5
403874781,5498095976,12,40.0,5
5498095976,4980010455,12,40.0,5
4980010455,5498095977,12,40.0,5
5498095977,403874779,12,40.0,5
403874779,403874773,12,40.0,5
403874773,4210823879,12,40.0,5
4210823879,403874772,12,40.0,5
403874772,5498095975,12,40.0,5
5498095975,4980010456,12,40.0,5
4980010456,3594520179,12,40.0,5
3594520179,403874770,12,40.0,5
403874770,403874769,12,40.0,5
403874769,683789969,12,40.0,5
683789969,5498095974,12,40.0,5
5498095974,403874768,12,40.0,5
403874768,5498095973,12,40.0,5
5498095973,4980010458,12,40.0,5
4980010458,4214518598,12,40.0,5
4214518598,403874767,12,40.0,5
403874767,5498095972,12,40.0,5
5498095972,403874766,12,40.0,5
403874766,4348909115,12,40.0,5
4348909115,4980010457,12,40.0,5
4980010457,13278898300,12,40.0,5
13278898300,4979993279,12,40.0,5
4979993279,4979993280,12,40.0,5
4979993280,4979993282,12,40.0,5
4979993282,4979993283,12,40.0,5
4979993283,4979993284,12,40.0,5
4979993284,4979993292,12,40.0,5
4979993292,4348908979,12,40.0,5
4348908979,4348908980,12,40.0,5
2034260194,2034260191,12,40.0,5
2034260191,2034260115,12,40.0,5
2034260115,2034260111,12,40.0,5
2034260111,2034260133,12,40.0,5
2034260133,403816178,12,40.0,5
403816178,403874792,12,40.0,5
403874792,2091833865,12,40.0,5
2091833865,2111968634,12,40.0,5
1235777074,662326579,12,40.0,5
662326579,3339935335,12,40.0,5
3339935335,662326585,12,40.0,5
662326585,9462080175,12,40.0,5
9462080175,1307347933,12,40.0,5
1307347933,9462080169,12,40.0,5
9462080169,9695346259,12,40.0,5
9695346259,3339929672,12,40.0,5
3339929672,9462080168,12,40.0,5
9462080168,10660932915,12,40.0,5
10660932915,10660933408,12,40.0,5
10660933408,10660932916,12,40.0,5
10660932916,10660932919,12,40.0,5
10660932919,672775144,12,40.0,5
672775144,10660932921,12,40.0,5
10660932921,10660932922,12,40.0,5
10660932922,10660932925,12,40.0,5
10660932925,10660932926,12,40.0,5
10660932926,10660932928,12,40.0,5
10660932928,13665897052,12,40.0,5
13665897052,10660933406,12,40.0,5
10660933406,10660932929,12,40.0,5
10660932929,10089844686,12,40.0,5
10089844686,10660932936,12,40.0,5
10660932936,10660933001,12,40.0,5
10660933001,10660932933,12,40.0,5
10660932933,10660932937,12,40.0,5
10660932937,10660932940,12,40.0,5
10660932940,10660932943,12,40.0,5
10660932943,10660932997,12,40.0,5
10660932997,10660932999,12,40.0,5
10660932999,10660932996,12,40.0,5
10660932996,10660932945,12,40.0,5
10660932945,13659953999,12,40.0,5
13659953999,10660932950,12,40.0,5
10660932950,10660932992,12,40.0,5
10660932992,10660932994,12,40.0,5
10660932994,10660932948,12,40.0,5
10660932948,10660932952,12,40.0,5
10660932952,6661798460,12,40.0,5
6661798460,10660932953,12,40.0,5
10660932953,10660932991,12,40.0,5
10660932991,10660932956,12,40.0,5
10660932956,10660932989,12,40.0,5
10660932989,10660932957,12,40.0,5
10660932957,10660932960,12,40.0,5
10660932960,10660932984,12,40.0,5
10660932984,10660932987,12,40.0,5
10660932987,10660932962,12,40.0,5
10660932962,10660932964,12,40.0,5
10660932964,10660932963,12,40.0,5
10660932963,10660932965,12,40.0,5
10660932965,10660932982,12,40.0,5
10660932982,10660932966,12,40.0,5
10660932966,10660932970,12,40.0,5
10660932970,9002316814,12,40.0,5
9002316814,10660932980,12,40.0,5
10660932980,10660932972,12,40.0,5
10660932972,4324726612,12,40.0,5
4324726612,10660932973,12,40.0,5
10660932973,10660932976,12,40.0,5
10660932976,10660932975,12,40.0,5
10660932975,3084209238,12,40.0,5
3084209238,5749689415,12,40.0,5
5749689415,6390271055,12,40.0,5
6390271055,6661767554,12,40.0,5
6661767554,2066084091,12,40.0,5
2066084091,6661715636,12,40.0,5
6661715636,3961870405,12,40.0,5
3961870405,3808874253,12,40.0,5
3808874253,6279667393,12,40.0,5
6279667393,3808876472,12,40.0,5
3808876472,678334722,12,40.0,5
10219043290,10219043291,12,40.0,5
10219043291,10219043292,12,40.0,5
10219043292,10219043293,12,40.0,5
10219043293,10219043294,12,40.0,5
10219043294,10219043295,12,40.0,5
3528725850,403874915,12,40.0,5
403874915,644607779,12,40.0,5
644607779,1480092683,12,40.0,5
1480092683,5499217661,12,40.0,5
5499217661,1480092681,12,40.0,5
1480092681,644607774,12,40.0,5
644607774,5340879535,12,40.0,5
5340879535,3626956511,12,40.0,5
3626956511,3942452779,12,40.0,5
3942452779,644607759,12,40.0,5
644607759,644607675,12,40.0,5
644607675,644607757,12,40.0,5
644607757,644607756,12,40.0,5
644607756,683786337,12,40.0,5
683786337,6991385729,12,40.0,5
6991385729,644607754,12,40.0,5
644607754,1428447734,12,40.0,5
1428447734,5296857179,12,40.0,5
5296857179,644607728,12,40.0,5
644607728,1428447737,12,40.0,5
1428447737,10046351115,12,40.0,5
10046351115,644607748,12,40.0,5
644607748,3799980004,12,40.0,5
3799980004,2105420923,12,40.0,5
2105420923,2105420910,12,40.0,5
2105420910,2105420915,12,40.0,5
2105420915,2105420887,12,40.0,5
2105420887,2105420881,12,40.0,5
3993522046,3199107295,12,40.0,5
3199107295,3993522045,12,40.0,5
3993522045,14213725834,12,40.0,5
14213725834,14213725831,12,40.0,5
14213725831,14213725832,12,40.0,5
14213725832,3199107296,12,40.0,5
3199107296,14213725830,12,40.0,5
3773056948,599131021,12,40.0,5
621993997,667277590,12,40.0,5
667277590,9733709557,12,40.0,5
9733709557,667277611,12,40.0,5
667277611,667277679,12,40.0,5
667277679,599131267,12,40.0,5
599131267,667278654,12,40.0,5
667278654,599131273,12,40.0,5
599131273,13683158995,12,40.0,5
13683158995,6388455744,12,40.0,5
6388455744,9472244849,12,40.0,5
674059427,4177494018,12,40.0,5
4177494018,1144959805,12,40.0,5
1144959805,674059425,12,40.0,5
674059425,4177496995,12,40.0,5
4177496995,4177496994,12,40.0,5
4177496994,674059403,12,40.0,5
3324639398,403816157,12,40.0,5
403816157,8168340545,12,40.0,5
8168340545,3324639407,12,40.0,5
3324639407,3324639390,12,40.0,5
3324639390,3324639396,12,40.0,5
3324639396,8168340565,12,40.0,5
8168340565,8168340564,12,40.0,5
8168340564,3324639384,12,40.0,5
3324639384,3324643059,12,40.0,5
3324643059,8168340539,12,40.0,5
8168340539,403816162,12,40.0,5
403816162,8168340534,12,40.0,5
8168340534,7457701350,12,40.0,5
7457701350,3324639378,12,40.0,5
3324639378,696486424,12,40.0,5
696486424,4213529000,12,40.0,5
4213529000,696486419,12,40.0,5
696486419,5895890303,12,40.0,5
5895890303,4213529017,12,40.0,5
4213529017,12504399108,12,40.0,5
12504399108,1147957808,12,40.0,5
1147957808,1147957831,12,40.0,5
1147957831,12099805190,12,40.0,5
12099805190,12704823110,12,40.0,5
12704823110,6279087700,12,40.0,5
6279087700,696486269,12,40.0,5
696486269,3799951136,12,40.0,5
3799951136,4979960764,12,40.0,5
4979960764,696486271,12,40.0,5
696486271,4979960755,12,40.0,5
4979960755,696486285,12,40.0,5
696486285,5896038050,12,40.0,5
5896038050,5896038049,12,40.0,5
5896038049,5006394458,12,40.0,5
5006394458,5896038039,12,40.0,5
5896038039,6279087703,12,40.0,5
6279087703,5896038043,12,40.0,5
5896038043,5006394460,12,40.0,5
5006394460,4422637200,12,40.0,5
4422637200,5006394463,12,40.0,5
5006394463,5006394464,12,40.0,5
5006394464,5006394465,12,40.0,5
5006394465,5285388554,12,40.0,5
5285388554,5006394467,12,40.0,5
5006394467,5006394468,12,40.0,5
5006394468,5006394469,12,40.0,5
5006394469,5006394470,12,40.0,5
5006394470,5006394471,12,40.0,5
5006394471,5006394472,12,40.0,5
5006394472,5006394473,12,40.0,5
5006394473,5006394474,12,40.0,5
5006394474,5006394475,12,40.0,5
5006394475,5006394476,12,40.0,5
5006394476,5006394477,12,40.0,5
5006394477,5006394478,12,40.0,5
5006394478,5006394479,12,40.0,5
5006394479,5006394480,12,40.0,5
5006394480,5006394481,12,40.0,5
5006394481,5130287831,12,40.0,5
5130287831,696486212,12,40.0,5
696486212,5285388558,12,40.0,5
5285388558,696486217,12,40.0,5
696486217,5130287832,12,40.0,5
5130287832,5130287829,12,40.0,5
5130287829,696486219,12,40.0,5
696486219,4196596532,12,40.0,5
4196596532,4196595994,12,40.0,5
6119436587,3521489608,12,40.0,5
3521489608,11506438068,12,40.0,5
11506438068,674935031,12,40.0,5
674935031,3521489602,12,40.0,5
3521489602,622359073,12,40.0,5
622359073,622359072,12,40.0,5
622359072,622359070,12,40.0,5
622359070,7205827003,12,40.0,5
7205827003,678833338,12,40.0,5
678833338,1737485376,12,40.0,5
1737485376,674682489,12,40.0,5
674682489,622359220,12,40.0,5
622359220,3521489609,12,40.0,5
3521489609,1737485402,12,40.0,5
1737485402,622359223,12,40.0,5
622359223,1737485418,12,40.0,5
1737485418,622359224,12,40.0,5
622359224,6260384156,12,40.0,5
6260384156,6260384155,12,40.0,5
6260384155,6260384154,12,40.0,5
6260384154,6260384150,12,40.0,5
6260384150,6260384169,12,40.0,5
6260384169,9075818011,12,40.0,5
9075818011,208541289,12,40.0,5
208541289,5552546539,12,40.0,5
5552546539,3521485123,12,40.0,5
3521485123,208541366,12,40.0,5
208541366,6260212514,12,40.0,5
6260212514,11514190002,12,40.0,5
11514190002,11514190010,12,40.0,5
11514190010,6260212513,12,40.0,5
6260212513,208541343,12,40.0,5
208541343,5373602993,12,40.0,5
5373602993,208541351,12,40.0,5
208541351,6260212511,12,40.0,5
6260212511,3774656201,12,40.0,5
3774656201,208541321,12,40.0,5
208541321,208541333,12,40.0,5
208541333,622355200,12,40.0,5
622355200,670245666,12,40.0,5
670245666,6260212505,12,40.0,5
6260212505,2122160669,12,40.0,5
2122160669,208541315,12,40.0,5
208541315,6260212500,12,40.0,5
6260212500,674593816,12,40.0,5
674593816,674570961,12,40.0,5
674570961,674593800,12,40.0,5
674593800,208541411,12,40.0,5
208541411,674593792,12,40.0,5
674593792,674593783,12,40.0,5
674593783,674571025,12,40.0,5
674571025,6666739750,12,40.0,5
6666739750,6260212496,12,40.0,5
6260212496,10216150409,12,40.0,5
10216150409,208541425,12,40.0,5
13425538963,13391240841,12,40.0,5
13391240841,10889822730,12,40.0,5
10889822730,6258581069,12,40.0,5
6258581069,9580103932,12,40.0,5
2015155899,10089844692,12,40.0,5
10089844692,3803003415,12,40.0,5
3803003415,10296971163,12,40.0,5
10296971163,675904221,12,40.0,5
675904221,3803003414,12,40.0,5
3803003414,3808896264,12,40.0,5
3808896264,9748084474,12,40.0,5
9748084474,666903979,12,40.0,5
2925773146,620387076,12,40.0,5
620387076,1274137040,12,40.0,5
1274137040,2652526896,12,40.0,5
2652526896,665214512,12,40.0,5
665214512,9444180414,12,40.0,5
9444180414,3784216026,12,40.0,5
3784216026,4515020737,12,40.0,5
4515020737,1963939816,12,40.0,5
1963939816,10290686033,12,40.0,5
10290686033,4515020738,12,40.0,5
4515020738,4515020740,12,40.0,5
4515020740,3784216023,12,40.0,5
3784216023,13663671544,12,40.0,5
13663671544,4515020735,12,40.0,5
4515020735,4515020733,12,40.0,5
4515020733,4515020726,12,40.0,5
4515020726,4515020730,12,40.0,5
4515020730,4515020729,12,40.0,5
4515020729,7085654864,12,40.0,5
7085654864,3784216017,12,40.0,5
3784216017,13697226489,12,40.0,5
13697226489,675890554,12,40.0,5
675890554,620384472,12,40.0,5
620384472,666881493,12,40.0,5
666881493,635791685,12,40.0,5
635791685,675890671,12,40.0,5
675890671,4515020723,12,40.0,5
4515020723,3784216021,12,40.0,5
3784216021,4515020724,12,40.0,5
4515020724,10296971164,12,40.0,5
10296971164,13697294612,12,40.0,5
13697294612,8557935130,12,40.0,5
8557935130,4515020717,12,40.0,5
4515020717,4515020720,12,40.0,5
4515020720,4515020719,12,40.0,5
4515020719,675890678,12,40.0,5
675890678,9704458752,12,40.0,5
9704458752,4515020713,12,40.0,5
4515020713,13700117825,12,40.0,5
13700117825,4515020715,12,40.0,5
4515020715,202555779,12,40.0,5
202555779,1138079065,12,40.0,5
1138079065,13147645608,12,40.0,5
13147645608,13147645601,12,40.0,5
13147645601,9876529504,12,40.0,5
9876529504,669218019,12,40.0,5
669218019,9468145025,12,40.0,5
9468145025,9468145026,12,40.0,5
9468145026,13665645053,12,40.0,5
13665645053,191799460,12,40.0,5
191799460,9468145027,12,40.0,5
9468145027,9468145028,12,40.0,5
9468145028,13665645054,12,40.0,5
13665645054,191794735,12,40.0,5
191794735,665239995,12,40.0,5
665239995,9468145017,12,40.0,5
9468145017,9468145018,12,40.0,5
9468145018,191794675,12,40.0,5
191794675,5424541440,12,40.0,5
5424541440,13665645055,12,40.0,5
13665645055,9468145019,12,40.0,5
9468145019,9468145020,12,40.0,5
9468145020,9876529501,12,40.0,5
9876529501,662867468,12,40.0,5
662867468,5764273364,12,40.0,5
5764273364,5764273363,12,40.0,5
5764273363,13702656498,12,40.0,5
13702656498,206593026,12,40.0,5
206593026,13702656497,12,40.0,5
13702656497,1138078256,12,40.0,5
1138078256,5764273360,12,40.0,5
5764273360,13656879043,12,40.0,5
13656879043,5764273356,12,40.0,5
5764273356,13697852432,12,40.0,5
13697852432,13656879037,12,40.0,5
13656879037,13702656496,12,40.0,5
13702656496,5764273355,12,40.0,5
5764273355,13702656495,12,40.0,5
13702656495,3164313477,12,40.0,5
3164313477,1280868423,12,40.0,5
1280868423,13656879033,12,40.0,5
13656879033,9470509022,12,40.0,5
9470509022,13656879038,12,40.0,5
13656879038,9470509023,12,40.0,5
9470509023,12287228622,12,40.0,5
12287228622,9470509024,12,40.0,5
9470509024,6537265134,12,40.0,5
6537265134,12287228618,12,40.0,5
12287228618,12287228623,12,40.0,5
12287228623,12287228617,12,40.0,5
12287228617,9470509031,12,40.0,5
9470509031,12287228612,12,40.0,5
12287228612,9470509025,12,40.0,5
9470509025,12287228631,12,40.0,5
12287228631,12287228632,12,40.0,5
12287228632,670802545,12,40.0,5
670802545,9470509033,12,40.0,5
9470509033,6537265140,12,40.0,5
6537265140,12287228636,12,40.0,5
12287228636,13446640993,12,40.0,5
13446640993,12287228635,12,40.0,5
12287228635,1134573770,12,40.0,5
1134573770,4762470983,12,40.0,5
4762470983,12287228641,12,40.0,5
12287228641,13656877170,12,40.0,5
13656877170,13656877169,12,40.0,5
13656877169,12477033954,12,40.0,5
12477033954,13445045768,12,40.0,5
13445045768,13445045767,12,40.0,5
13445045767,13445045766,12,40.0,5
13445045766,12287228642,12,40.0,5
12287228642,9743673143,12,40.0,5
9743673143,654743957,12,40.0,5
654743957,12114187938,12,40.0,5
12114187938,635779943,12,40.0,5
635779943,678259189,12,40.0,5
678259189,6494878470,12,40.0,5
6494878470,3355416306,12,40.0,5
3355416306,617165782,12,40.0,5
617165782,6445771781,12,40.0,5
6445771781,6445771780,12,40.0,5
678255274,678255273,12,40.0,5
678255273,3187963589,12,40.0,5
3187963589,10222565177,12,40.0,5
10222565177,10222565178,12,40.0,5
10222565178,617165640,12,40.0,5
617165640,14061356777,12,40.0,5
14061356777,10268958226,12,40.0,5
10268958226,678255514,12,40.0,5
678255514,9788684069,12,40.0,5
9788684069,635779943,12,40.0,5
635779943,12114187938,12,40.0,5
12114187938,654743957,12,40.0,5
654743957,13677168922,12,40.0,5
13677168922,4621961215,12,40.0,5
4621961215,10605451590,12,40.0,5
10605451590,10268958235,12,40.0,5
10268958235,635779940,12,40.0,5
635779940,10268958234,12,40.0,5
10268958234,127659163,12,40.0,5
127659163,4798950139,12,40.0,5
4798950139,259654486,12,40.0,5
259654486,13665816524,12,40.0,5
13665816524,6537213323,12,40.0,5
6537213323,665239992,12,40.0,5
665239992,3340914300,12,40.0,5
3340914300,13374528547,12,40.0,5
13374528547,9485351205,12,40.0,5
9485351205,13374528548,12,40.0,5
13374528548,665240022,12,40.0,5
665240022,3187963588,12,40.0,5
3187963588,10605451591,12,40.0,5
10605451591,127659196,12,40.0,5
127659196,10222565173,12,40.0,5
10222565173,3187963586,12,40.0,5
3187963586,13677168974,12,40.0,5
13677168974,3610834140,12,40.0,5
3610834140,6537210753,12,40.0,5
6537210753,10222565171,12,40.0,5
10222565171,3822217097,12,40.0,5
3822217097,259648448,12,40.0,5
259648448,13685708102,12,40.0,5
13685708102,262619186,12,40.0,5
262619186,10605451592,12,40.0,5
10605451592,670782747,12,40.0,5
670782747,6234482981,12,40.0,5
6234482981,255040405,12,40.0,5
255040405,6234482980,12,40.0,5
6234482980,6234484695,12,40.0,5
6234484695,13702609258,12,40.0,5
13702609258,1138078495,12,40.0,5
1138078495,5385266397,12,40.0,5
5385266397,6234484700,12,40.0,5
6234484700,1908190206,12,40.0,5
1908190206,618300676,12,40.0,5
618300676,1280869010,12,40.0,5
1280869010,665241266,12,40.0,5
665241266,1280869012,12,40.0,5
1280869012,5385266403,12,40.0,5
5385266403,13694453233,12,40.0,5
13694453233,6234482983,12,40.0,5
6234482983,2126172391,12,40.0,5
2126172391,5432083894,12,40.0,5
5432083894,652631249,12,40.0,5
652631249,3610840030,12,40.0,5
3610840030,618700092,12,40.0,5
618700092,3822208391,12,40.0,5
3822208391,651703289,12,40.0,5
651703289,3822202809,12,40.0,5
3822202809,3822208393,12,40.0,5
3822208393,3822208450,12,40.0,5
3822208450,3822200352,12,40.0,5
3822200352,3822212465,12,40.0,5
3822212465,682722952,12,40.0,5
682722952,13405907893,12,40.0,5
13405907893,6236366586,12,40.0,5
6236366586,3781723175,12,40.0,5
3781723175,3781723178,12,40.0,5
3781723178,13367657836,12,40.0,5
13367657836,3781723179,12,40.0,5
3781723179,3781723182,12,40.0,5
3781723182,3781630433,12,40.0,5
3781630433,3141171380,12,40.0,5
3141171380,13367491683,12,40.0,5
13367491683,13367491684,12,40.0,5
13367491684,13367491685,12,40.0,5
13367491685,6498294700,12,40.0,5
3186504907,682687439,12,40.0,5
682687439,3241328212,12,40.0,5
3241328212,91031447,12,40.0,5
91031447,5904513483,12,40.0,5
5904513483,13696201585,12,40.0,5
13696201585,91031409,12,40.0,5
91031409,7399840475,12,40.0,5
7399840475,7399840474,12,40.0,5
7399840474,91031400,12,40.0,5
91031400,403816012,12,40.0,5
403816012,682685548,12,40.0,5
682685548,403816011,12,40.0,5
403816011,1217563159,12,40.0,5
1217563159,654159861,12,40.0,5
654159861,13367787200,12,40.0,5
13367787200,13367787199,12,40.0,5
13367787199,654159860,12,40.0,5
654159860,403815988,12,40.0,5
403815988,403815986,12,40.0,5
403815986,3816441584,12,40.0,5
3816441584,13676890485,12,40.0,5
13676890485,9396199877,12,40.0,5
403815985,9396199879,12,40.0,5
9396199879,2394815241,12,40.0,5
2394815241,9483005839,12,40.0,5
9483005839,9483005840,12,40.0,5
9483005840,9485258134,12,40.0,5
9485258134,2830957518,12,40.0,5
2830957518,9485258137,12,40.0,5
9485258137,9485258133,12,40.0,5
9485258133,5904513444,12,40.0,5
5904513444,9483005857,12,40.0,5
9483005857,5904513443,12,40.0,5
5904513443,9483005858,12,40.0,5
9483005858,13676890484,12,40.0,5
13676890484,5904513454,12,40.0,5
5904513454,10008694789,12,40.0,5
10008694789,324702117,12,40.0,5
324702117,9483005859,12,40.0,5
9483005859,3187945988,12,40.0,5
3187945988,3187945983,12,40.0,5
3187945983,324702113,12,40.0,5
324702113,682685511,12,40.0,5
682685511,682652832,12,40.0,5
682652832,10008729505,12,40.0,5
10008729505,10008729504,12,40.0,5
10008729504,6553321219,12,40.0,5
6553321219,10301782975,12,40.0,5
10301782975,324701314,12,40.0,5
324701314,324702111,12,40.0,5
324702111,9483005860,12,40.0,5
9483005860,2826701853,12,40.0,5
2826701853,5904513459,12,40.0,5
5904513459,5904513458,12,40.0,5
5904513433,10260948468,12,40.0,5
10260948468,5904513395,12,40.0,5
5904513395,6689144282,12,40.0,5
6689144282,5904513394,12,40.0,5
5904513394,4328913491,12,40.0,5
4328913491,6689144266,12,40.0,5
6689144266,4328912487,12,40.0,5
4328912487,10241727231,12,40.0,5
10241727231,4328924674,12,40.0,5
4328924674,9471966684,12,40.0,5
9471966684,4328912486,12,40.0,5
4328912486,4328924675,12,40.0,5
4328924675,9471966686,12,40.0,5
9471966686,4328924659,12,40.0,5
4328924659,10241727220,12,40.0,5
10241727220,10241722473,12,40.0,5
10241722473,7440699088,12,40.0,5
7440699088,7440699087,12,40.0,5
7440699087,7440699086,12,40.0,5
7440699086,7440699085,12,40.0,5
7440699085,7440678184,12,40.0,5
635779943,678259139,12,40.0,5
678259139,10268958225,12,40.0,5
10268958225,10268958222,12,40.0,5
10268958222,10268958223,12,40.0,5
10268958223,10268958221,12,40.0,5
10268958221,10268958220,12,40.0,5
10268958220,10268958219,12,40.0,5
10268958219,10268958218,12,40.0,5
10268958218,6258386254,12,40.0,5
6258386254,5188235123,12,40.0,5
5188235123,3658423081,12,40.0,5
3658423081,13445045763,12,40.0,5
13445045763,13445045762,12,40.0,5
13445045762,13445045761,12,40.0,5
13445045761,13445045764,12,40.0,5
13445045764,13445045756,12,40.0,5
13445045756,13445045757,12,40.0,5
13445045757,13445045758,12,40.0,5
13445045758,13445045747,12,40.0,5
13445045747,13445045746,12,40.0,5
13445045746,13445045765,12,40.0,5
13445045765,13445045753,12,40.0,5
13445045753,13445045751,12,40.0,5
13445045751,13445045750,12,40.0,5
13445045750,13445045749,12,40.0,5
13445045749,13445045748,12,40.0,5
13445045748,6537265135,12,40.0,5
6537265135,13656879030,12,40.0,5
13656879030,13656879034,12,40.0,5
13656879034,13444619411,12,40.0,5
13444619411,9743673154,12,40.0,5
9743673154,9743673157,12,40.0,5
9743673157,9743673158,12,40.0,5
9743673158,9743673159,12,40.0,5
9743673159,9743673160,12,40.0,5
9743673160,9743673161,12,40.0,5
9743673161,9743673163,12,40.0,5
9743673163,12477033955,12,40.0,5
12477033955,13673101010,12,40.0,5
13673101010,13673101007,12,40.0,5
13673101007,651263576,12,40.0,5
651263576,1684767682,12,40.0,5
1684767682,3085703118,12,40.0,5
3085703118,620385689,12,40.0,5
620385689,10137867361,12,40.0,5
10137867361,10137867393,12,40.0,5
10137867393,5180475383,12,40.0,5
5180475383,10137867346,12,40.0,5
10137867346,13673091274,12,40.0,5
13673091274,13673091275,12,40.0,5
13673091275,13673091276,12,40.0,5
13673091276,4461622258,12,40.0,5
4461622258,4461622259,12,40.0,5
4461622259,599141475,12,40.0,5
599141475,13685722129,12,40.0,5
13685722129,12475334254,12,40.0,5
12475334254,3764721073,12,40.0,5
3764721073,3764721079,12,40.0,5
3764721079,9460815097,12,40.0,5
9460815097,9460815098,12,40.0,5
9460815098,9460815099,12,40.0,5
9460815099,3764721074,12,40.0,5
3764721074,3764721083,12,40.0,5
3764721083,9460815100,12,40.0,5
9460815100,9460815101,12,40.0,5
9460815101,9464208003,12,40.0,5
9464208003,9464208004,12,40.0,5
9464208004,9464208005,12,40.0,5
9464208005,9464208006,12,40.0,5
9464208006,9464208007,12,40.0,5
9464208007,9464208008,12,40.0,5
9464208008,6272042585,12,40.0,5
6272042585,10134882981,12,40.0,5
10134882981,10185030824,12,40.0,5
10185030824,13385824585,12,40.0,5
13385824585,653109529,12,40.0,5
653109529,13385824583,12,40.0,5
13385824583,1307336652,12,40.0,5
1307336652,9406671434,12,40.0,5
9406671434,9406671433,12,40.0,5
9406671433,6272039674,12,40.0,5
6272039674,2015155896,12,40.0,5
2015155896,9406671432,12,40.0,5
9406671432,6272039662,12,40.0,5
6272039662,3164371486,12,40.0,5
3164371486,13385824595,12,40.0,5
13385824595,13385824588,12,40.0,5
13385824588,13385824589,12,40.0,5
13385824589,13385824590,12,40.0,5
13385824590,1963939807,12,40.0,5
1963939807,1545226397,12,40.0,5
1545226397,10138713279,12,40.0,5
10138713279,626487869,12,40.0,5
626487869,8572403328,12,40.0,5
8572403328,633441984,12,40.0,5
633441984,620387096,12,40.0,5
620387096,666852440,12,40.0,5
666852440,9464216940,12,40.0,5
9464216940,268936808,12,40.0,5
621993957,621993997,12,40.0,5
599131258,10902062127,12,40.0,5
3774706076,3774706077,12,40.0,5
3774706077,3785775643,12,40.0,5
3785775643,667237475,12,40.0,5
667237475,3772759784,12,40.0,5
3772759784,667237477,12,40.0,5
667237477,667237479,12,40.0,5
667237479,3772759785,12,40.0,5
3772759785,1593195421,12,40.0,5
1593195421,667237481,12,40.0,5
667237481,667237450,12,40.0,5
667237450,3772759788,12,40.0,5
3772759788,3774706069,12,40.0,5
3774706069,667237449,12,40.0,5
667237449,5567198324,12,40.0,5
5567198324,3774706064,12,40.0,5
3774706064,667237447,12,40.0,5
667237447,667237446,12,40.0,5
667237446,5567198323,12,40.0,5
5567198323,3774706066,12,40.0,5
3774706066,3772759792,12,40.0,5
3772759792,1593195444,12,40.0,5
1593195444,667237443,12,40.0,5
667237443,5567198330,12,40.0,5
5567198330,667237442,12,40.0,5
667237442,667237441,12,40.0,5
667237441,3772759794,12,40.0,5
3772759794,9943586006,12,40.0,5
9943586006,7434299460,12,40.0,5
7434299460,129616314,12,40.0,5
129616314,11274004679,12,40.0,5
11274004679,674571200,12,40.0,5
674571200,3774704425,12,40.0,5
3774704425,666903871,12,40.0,5
666903871,2093089715,12,40.0,5
2093089715,129616308,12,40.0,5
129616308,129616265,12,40.0,5
129616265,642994686,12,40.0,5
1978809439,1978809444,12,40.0,5
1978809444,259648501,12,40.0,5
259648501,259648512,12,40.0,5
259648512,5105301781,12,40.0,5
5105301781,259648513,12,40.0,5
259648513,259648514,12,40.0,5
259648514,3774705979,12,40.0,5
3774705979,281864258,12,40.0,5
5261493138,5261493137,12,40.0,5
5261493137,5261493135,12,40.0,5
5261493135,5261493134,12,40.0,5
5261493134,5261493133,12,40.0,5
5261493133,5261493130,12,40.0,5
5261493130,10183033135,12,40.0,5
10183033135,10183033136,12,40.0,5
10183033136,10183033133,12,40.0,5
10183033133,10183022313,12,40.0,5
10183022313,10183022314,12,40.0,5
60797372,3401481194,12,40.0,5
3401481194,3401480492,12,40.0,5
3401480492,5602556767,12,40.0,5
5602556767,206595463,12,40.0,5
206595463,10173435499,12,40.0,5
10173435499,637477874,12,40.0,5
637477874,621950456,12,40.0,5
621950456,7085698850,12,40.0,5
7085698850,675994046,12,40.0,5
675994046,675994059,12,40.0,5
675994059,10112825426,12,40.0,5
10112825426,675994094,12,40.0,5
675994094,60797422,12,40.0,5
60797422,3784243211,12,40.0,5
3784243211,3772994151,12,40.0,5
3772994151,10112825428,12,40.0,5
10112825428,11991315718,12,40.0,5
11991315718,10112825430,12,40.0,5
10112825430,11991315711,12,40.0,5
11991315711,60797426,12,40.0,5
60797426,1249801968,12,40.0,5
1249801968,10628115393,12,40.0,5
10628115393,635866873,12,40.0,5
635866873,676000954,12,40.0,5
676000954,2082347909,12,40.0,5
2082347909,9936301538,12,40.0,5
9936301538,60797432,12,40.0,5
1533913627,60798029,12,40.0,5
60798029,1249801963,12,40.0,5
1249801963,1249807584,12,40.0,5
1249807584,1838453719,12,40.0,5
1838453719,10046834607,12,40.0,5
10046834607,599129847,12,40.0,5
599129847,1249807554,12,40.0,5
1249807554,3800069113,12,40.0,5
3800069113,599129857,12,40.0,5
4195040580,4195040579,12,40.0,5
4195040579,7774184435,12,40.0,5
7774184435,7774184436,12,40.0,5
7774184436,4195040789,12,40.0,5
4195040789,5130422442,12,40.0,5
5130422442,5560626593,12,40.0,5
5560626593,5285388591,12,40.0,5
5285388591,3799951119,12,40.0,5
3799951119,3192356836,12,40.0,5
3192356836,3192356837,12,40.0,5
3192356837,696486298,12,40.0,5
696486298,4422637204,12,40.0,5
4422637204,5285388589,12,40.0,5
5285388589,3324643867,12,40.0,5
3324643867,696486295,12,40.0,5
696486295,9785232668,12,40.0,5
9785232668,7774188685,12,40.0,5
7774188685,7774188686,12,40.0,5
7774188686,7774188688,12,40.0,5
7774188688,7774188689,12,40.0,5
7774188689,1147957838,12,40.0,5
1147957838,7774188690,12,40.0,5
7774188690,696486293,12,40.0,5
696486293,12504399130,12,40.0,5
12504399130,696486291,12,40.0,5
696486291,12504399129,12,40.0,5
12504399129,4213528944,12,40.0,5
4213528944,12099764555,12,40.0,5
12099764555,696486290,12,40.0,5
253022446,10261690701,12,40.0,5
10261690701,4422642586,12,40.0,5
4422642586,1131883000,12,40.0,5
1131883000,1131882991,12,40.0,5
1131882991,10046535193,12,40.0,5
10046535193,1131882998,12,40.0,5
1131882998,10268955092,12,40.0,5
10268955092,10046535200,12,40.0,5
10046535200,10046535192,12,40.0,5
10046535192,1131882990,12,40.0,5
1131882990,10261690693,12,40.0,5
10261690693,3614059772,12,40.0,5
3614059772,1141692335,12,40.0,5
1141692335,13691672324,12,40.0,5
13691672324,10261690691,12,40.0,5
10261690691,1863416599,12,40.0,5
1863416599,10046535185,12,40.0,5
10046535185,13653414898,12,40.0,5
13653414898,619224223,12,40.0,5
619224223,653148591,12,40.0,5
653148591,9290769228,12,40.0,5
9290769228,3666936415,12,40.0,5
3666936415,653148594,12,40.0,5
653148594,653148592,12,40.0,5
653148592,696453466,12,40.0,5
696453466,696453458,12,40.0,5
696453458,3735111685,12,40.0,5
3735111685,3150410542,12,40.0,5
3150410542,10261690686,12,40.0,5
10261690686,646892367,12,40.0,5
646892367,10261690684,12,40.0,5
10261690684,3150410546,12,40.0,5
3150410546,3150410547,12,40.0,5
3150410547,10261690674,12,40.0,5
10261690674,3150410545,12,40.0,5
3150410545,10261690676,12,40.0,5
10261690676,10261690682,12,40.0,5
10261690682,2117500119,12,40.0,5
619227137,3307476619,12,40.0,5
3307476619,6407621053,12,40.0,5
6407621053,13653400404,12,40.0,5
13653400404,10268955075,12,40.0,5
10268955075,3307496016,12,40.0,5
3307496016,10593426528,12,40.0,5
10593426528,10593426534,12,40.0,5
10593426534,3799579122,12,40.0,5
3799579122,10268955080,12,40.0,5
10268955080,8953004950,12,40.0,5
8953004950,2551996205,12,40.0,5
2551996205,3645629485,12,40.0,5
3645629485,3799955087,12,40.0,5
3799955087,3645629487,12,40.0,5
3645629487,1863416596,12,40.0,5
1863416596,653145909,12,40.0,5
653145909,653145907,12,40.0,5
653145907,3799955098,12,40.0,5
3799955098,653145906,12,40.0,5
653145906,653145905,12,40.0,5
653145905,653145903,12,40.0,5
653145903,13684477253,12,40.0,5
13684477253,653145902,12,40.0,5
653145902,653145921,12,40.0,5
653145921,653145920,12,40.0,5
653145920,653145919,12,40.0,5
653145919,653145918,12,40.0,5
653145918,653145917,12,40.0,5
653145917,653145916,12,40.0,5
653145916,619234414,12,40.0,5
3799580291,3799580289,12,40.0,5
3799580289,3799580286,12,40.0,5
3799580286,8851009222,12,40.0,5
8851009222,12127491533,12,40.0,5
12127491533,3799580280,12,40.0,5
3799580280,12831264024,12,40.0,5
12831264024,12831264025,12,40.0,5
12831264025,13691926688,12,40.0,5
13691926688,3799579144,12,40.0,5
3799579144,13691926687,12,40.0,5
13691926687,13691926689,12,40.0,5
13691926689,3799579137,12,40.0,5
4077041333,10768596505,12,40.0,5
10768596505,13712828149,12,40.0,5
13712828149,127658086,12,40.0,5
127658086,13683707433,12,40.0,5
13683707433,681782501,12,40.0,5
681782501,4967065462,12,40.0,5
4967065462,4967065461,12,40.0,5
4967065461,619297627,12,40.0,5
619297627,619297623,12,40.0,5
619297623,3150394234,12,40.0,5
2174786546,10219043305,12,40.0,5
10219043305,10219043306,12,40.0,5
10219043306,10219043307,12,40.0,5
10219043307,10219043308,12,40.0,5
10219043308,10219043304,12,40.0,5
10219043304,1235750064,12,40.0,5
1235750064,618514984,12,40.0,5
618514984,1307349788,12,40.0,5
1307349788,1307349789,12,40.0,5
1307349789,10219054417,12,40.0,5
10219054417,1144959865,12,40.0,5
1144959865,1144959796,12,40.0,5
1144959796,4191922196,12,40.0,5
4191922196,619174320,12,40.0,5
619174320,6230829272,12,40.0,5
6230829272,618514994,12,40.0,5
618514994,662848128,12,40.0,5
662848128,10219054419,12,40.0,5
10219054419,635166169,12,40.0,5
635166169,6230829267,12,40.0,5
6230829267,6230829265,12,40.0,5
6230829265,250776166,12,40.0,5
250776166,4191922201,12,40.0,5
4191922201,4692166467,12,40.0,5
4692166467,10219043276,12,40.0,5
10219043276,6230792100,12,40.0,5
258053453,2122125311,12,40.0,5
2122125311,10219043275,12,40.0,5
10219043275,2122125313,12,40.0,5
2122125313,2122125310,12,40.0,5
2122125310,3340955133,12,40.0,5
250731005,673075523,12,40.0,5
673075523,4077044436,12,40.0,5
4077044436,673075512,12,40.0,5
673075512,673075471,12,40.0,5
673075471,673075520,12,40.0,5
673075520,14159365362,12,40.0,5
14159365362,673075525,12,40.0,5
1307336320,10047011650,12,40.0,5
10047011650,10047011651,12,40.0,5
10047011651,4197383660,12,40.0,5
4197383660,10047011652,12,40.0,5
10047011652,1280044918,12,40.0,5
1280044918,10047011653,12,40.0,5
10047011653,10047011654,12,40.0,5
10047011654,4197383655,12,40.0,5
4197383655,10047011655,12,40.0,5
10047011655,1280044917,12,40.0,5
1280044917,13697382915,12,40.0,5
13697382915,3645582154,12,40.0,5
3645582154,6524681177,12,40.0,5
6524681177,9628046175,12,40.0,5
9628046175,6524681176,12,40.0,5
6524681176,3164393668,12,40.0,5
3164393668,13697852423,12,40.0,5
13697852423,13697852430,12,40.0,5
13697852430,13697266270,12,40.0,5
13697266270,675890806,12,40.0,5
675890806,13697266268,12,40.0,5
13697266268,7483703289,12,40.0,5
7483703289,253026147,12,40.0,5
253026147,10138713276,12,40.0,5
10138713276,6949801923,12,40.0,5
6949801923,6949801925,12,40.0,5
6949801925,3612862734,12,40.0,5
3612862734,6658611909,12,40.0,5
6658611909,10138713277,12,40.0,5
10138713277,191799826,12,40.0,5
191799826,6272039662,12,40.0,5
6272039662,13385824581,12,40.0,5
13385824581,9406671431,12,40.0,5
9406671431,1963939799,12,40.0,5
1963939799,9406671430,12,40.0,5
9406671430,2015155897,12,40.0,5
2015155897,9406671429,12,40.0,5
9406671429,3164371480,12,40.0,5
3164371480,13385824582,12,40.0,5
13385824582,9406671428,12,40.0,5
9406671428,1963939812,12,40.0,5
1963939812,13385824587,12,40.0,5
13385824587,13385824586,12,40.0,5
13385824586,3764711930,12,40.0,5
3764711930,6272042585,12,40.0,5
6272042585,9464208008,12,40.0,5
9464208008,9464208002,12,40.0,5
9464208002,653109530,12,40.0,5
653109530,3764722568,12,40.0,5
3764722568,3764721086,12,40.0,5
3764721086,9460815103,12,40.0,5
9460815103,9460815104,12,40.0,5
9460815104,9460815105,12,40.0,5
9460815105,9626413727,12,40.0,5
9626413727,3764722066,12,40.0,5
3764722066,653109538,12,40.0,5
653109538,13663644018,12,40.0,5
10962925279,626487873,12,40.0,5
626487873,13700217580,12,40.0,5
13700217580,626487869,12,40.0,5
674571332,674571338,12,40.0,5
1985256181,3993505809,12,40.0,5
3993505809,618500301,12,40.0,5
618500301,1985256186,12,40.0,5
1985256186,2668636310,12,40.0,5
2668636310,3127341688,12,40.0,5
3127341688,5202849311,12,40.0,5
5202849311,3944855481,12,40.0,5
3944855481,662901137,12,40.0,5
662901137,662901136,12,40.0,5
662901136,3825134073,12,40.0,5
3825134073,635111089,12,40.0,5
635111089,3944871330,12,40.0,5
3944871330,10175609346,12,40.0,5
10175609346,13683858364,12,40.0,5
13683858364,635111090,12,40.0,5
635111090,13683858367,12,40.0,5
13683858367,618542173,12,40.0,5
618542173,3185210191,12,40.0,5
3185210191,127658071,12,40.0,5
127658071,3185210184,12,40.0,5
3185210184,3832039760,12,40.0,5
3832039760,10125040157,12,40.0,5
10125040157,5333484038,12,40.0,5
5333484038,5333484040,12,40.0,5
5333484040,5333484044,12,40.0,5
5333484044,3832039366,12,40.0,5
3832039366,5333484042,12,40.0,5
5333484042,5333484036,12,40.0,5
5333484036,4077041337,12,40.0,5
4077041337,5333484034,12,40.0,5
5333484034,3832039358,12,40.0,5
3832039358,3187956581,12,40.0,5
3187956581,5333484032,12,40.0,5
5333484032,3832039758,12,40.0,5
3832039758,5333484030,12,40.0,5
5333484030,13683818537,12,40.0,5
13683818537,13683818543,12,40.0,5
13683818543,3832039360,12,40.0,5
3832039360,9415532345,12,40.0,5
9415532345,3832039362,12,40.0,5
3832039362,3832039364,12,40.0,5
3832039364,3187956578,12,40.0,5
3187956578,5333484028,12,40.0,5
5333484028,127658062,12,40.0,5
127658062,11289909409,12,40.0,5
11289909409,5635884179,12,40.0,5
5635884179,127658045,12,40.0,5
127658045,13683818560,12,40.0,5
13683818560,5635884187,12,40.0,5
5635884187,679007204,12,40.0,5
679007204,679007211,12,40.0,5
679007211,3166474151,12,40.0,5
3166474151,679007209,12,40.0,5
679007209,3136338274,12,40.0,5
3136338274,6234126008,12,40.0,5
6234126008,3164337539,12,40.0,5
3164337539,13692201509,12,40.0,5
664420249,619732387,12,40.0,5
619732387,619732388,12,40.0,5
619732388,9180242962,12,40.0,5
9180242962,10243703029,12,40.0,5
10243703029,619732389,12,40.0,5
6234353216,6234353217,12,40.0,5
6234353217,10260948437,12,40.0,5
10260948437,617165655,12,40.0,5
617165655,617165658,12,40.0,5
617165658,13685663235,12,40.0,5
13685663235,617165661,12,40.0,5
617165661,13685663236,12,40.0,5
13685663236,10113476482,12,40.0,5
10113476482,617165664,12,40.0,5
617165664,13685663234,12,40.0,5
13685663234,13683647399,12,40.0,5
13683647399,617165677,12,40.0,5
617165677,13683647398,12,40.0,5
13683647398,13683647397,12,40.0,5
13683647397,617165679,12,40.0,5
617165679,13683647396,12,40.0,5
13683647396,5703892494,12,40.0,5
5703892494,617165692,12,40.0,5
617165692,13683647393,12,40.0,5
13683647393,13683647392,12,40.0,5
13683647392,13683647391,12,40.0,5
13683647391,617165697,12,40.0,5
617165697,1684767654,12,40.0,5
1684767654,13683647390,12,40.0,5
13683647390,635778722,12,40.0,5
635778722,617165704,12,40.0,5
617165704,13747277558,12,40.0,5
13747277558,13683647389,12,40.0,5
13683647389,1684767671,12,40.0,5
1684767671,13683647388,12,40.0,5
13683647388,13683647387,12,40.0,5
13683647387,10823477958,12,40.0,5
10823477958,1684767686,12,40.0,5
1684767686,13683647379,12,40.0,5
13683647379,13683647380,12,40.0,5
13683647380,617165708,12,40.0,5
617165708,13683647378,12,40.0,5
13683647378,617165712,12,40.0,5
617165712,1684767684,12,40.0,5
1684767684,1684767691,12,40.0,5
1684767691,13683647376,12,40.0,5
13683647376,13683647377,12,40.0,5
13683647377,1684767626,12,40.0,5
1684767626,13697058077,12,40.0,5
13697058077,7456697926,12,40.0,5
4077051372,673072121,12,40.0,5
673072121,3340971205,12,40.0,5
3340971205,673069789,12,40.0,5
673069789,3340971206,12,40.0,5
3340971206,673069758,12,40.0,5
673069758,673069784,12,40.0,5
673069784,673069780,12,40.0,5
673069780,3354602081,12,40.0,5
3354602081,673069808,12,40.0,5
673069808,4231719903,12,40.0,5
4231719903,257871580,12,40.0,5
257871580,3354602080,12,40.0,5
3354602080,1185550592,12,40.0,5
1185550592,6978499550,12,40.0,5
6978499550,1185550619,12,40.0,5
1185550619,6978499551,12,40.0,5
6978499551,257871578,12,40.0,5
257871578,1185550549,12,40.0,5
1185550549,4181840591,12,40.0,5
4181840591,4181840593,12,40.0,5
4181840593,673882749,12,40.0,5
635914018,10261690673,12,40.0,5
10261690673,3150410543,12,40.0,5
3150410543,6289325429,12,40.0,5
6289325429,618534084,12,40.0,5
618534084,1417660423,12,40.0,5
1417660423,618534074,12,40.0,5
618534074,618534057,12,40.0,5
618534057,618534055,12,40.0,5
618534055,682001040,12,40.0,5
682001040,618534051,12,40.0,5
618534051,653145959,12,40.0,5
653145959,653145978,12,40.0,5
653145978,6991389192,12,40.0,5
6991389192,10876916936,12,40.0,5
13096855016,8993502149,12,40.0,5
8993502149,13673566347,12,40.0,5
2925786923,2925786925,12,40.0,5
2925786925,10123396038,12,40.0,5
10123396038,3808905345,12,40.0,5
3808905345,13673566346,12,40.0,5
13673566346,191793257,12,40.0,5
673067058,10100382471,12,40.0,5
10100382471,673067073,12,40.0,5
673067073,5639990411,12,40.0,5
5639990411,673067072,12,40.0,5
673067072,6459227689,12,40.0,5
6459227689,673067071,12,40.0,5
673067071,673067147,12,40.0,5
673067147,6459227690,12,40.0,5
6459227690,673067070,12,40.0,5
673067070,6459227691,12,40.0,5
6459227691,673067143,12,40.0,5
673067143,673067069,12,40.0,5
673067069,673067176,12,40.0,5
673067176,2135832114,12,40.0,5
2135832114,10100382443,12,40.0,5
10100382443,10100382444,12,40.0,5
10100382444,2135832123,12,40.0,5
2135832123,2135832132,12,40.0,5
2135832132,2135832111,12,40.0,5
2135832111,4452280173,12,40.0,5
4452280173,4452280170,12,40.0,5
4452280170,4452280172,12,40.0,5
4452280172,4452280171,12,40.0,5
637478183,1838453737,12,40.0,5
1838453737,599129844,12,40.0,5
599129844,2160910342,12,40.0,5
2160910342,9817525833,12,40.0,5
9817525833,2160910339,12,40.0,5
2160910339,599129837,12,40.0,5
599129837,2160910336,12,40.0,5
2160910336,10046834602,12,40.0,5
10046834602,10046834604,12,40.0,5
10046834604,667238796,12,40.0,5
667238796,3401467543,12,40.0,5
3401467543,2561001390,12,40.0,5
2561001390,10046834603,12,40.0,5
10046834603,618148922,12,40.0,5
618148922,4762471349,12,40.0,5
4762471349,2362726243,12,40.0,5
2362726243,7479834254,12,40.0,5
10902062154,10902062153,12,40.0,5
10902062153,10902062152,12,40.0,5
10902062152,10902062151,12,40.0,5
10902062151,10902062150,12,40.0,5
10902062150,10902062117,12,40.0,5
675967282,3822160468,12,40.0,5
3822160468,1434094883,12,40.0,5
1434094883,3416291127,12,40.0,5
3416291127,3416283691,12,40.0,5
3416283691,667278694,12,40.0,5
667278694,60796767,12,40.0,5
60796767,667755377,12,40.0,5
667755377,60796779,12,40.0,5
60796779,5105301823,12,40.0,5
5105301823,621993855,12,40.0,5
621993855,6517796985,12,40.0,5
6517796985,60796774,12,40.0,5
60796774,642982064,12,40.0,5
642982064,6517807161,12,40.0,5
6517807161,10208452721,12,40.0,5
10208452721,3742192428,12,40.0,5
13698397500,667761545,12,40.0,5
667761545,13698397498,12,40.0,5
13698397498,5192797546,12,40.0,5
5192797546,5192797547,12,40.0,5
5192797547,5192797549,12,40.0,5
5192797549,5192797550,12,40.0,5
5192797550,6439786073,12,40.0,5
673066203,2527564189,12,40.0,5
2527564189,639689187,12,40.0,5
673882741,673882746,12,40.0,5
673882746,673882744,12,40.0,5
673882744,673882745,12,40.0,5
679007198,2409474134,12,40.0,5
2409474134,679007199,12,40.0,5
679007199,679007200,12,40.0,5
9547901423,5425923158,12,40.0,5
7934004776,6522632053,12,40.0,5
6522632053,7934004781,12,40.0,5
7934004781,7934004779,12,40.0,5
7934004779,7934004777,12,40.0,5
7934004777,4324726628,12,40.0,5
4324726628,4324726621,12,40.0,5
4324726621,4324726613,12,40.0,5
4324726613,10660932971,12,40.0,5
10660932971,4324726612,12,40.0,5
635164589,13673566365,12,40.0,5
13673566365,3808903555,12,40.0,5
3808903555,5216959987,12,40.0,5
5216959987,13672521526,12,40.0,5
13672521526,599132998,12,40.0,5
599132998,13672521525,12,40.0,5
13672521525,2077643794,12,40.0,5
2077643794,2077643773,12,40.0,5
2077643773,599132989,12,40.0,5
599132989,637554792,12,40.0,5
637554792,12470287864,12,40.0,5
12470287864,637554773,12,40.0,5
637554773,637554743,12,40.0,5
637554743,637554729,12,40.0,5
637554729,637554706,12,40.0,5
4194590275,6365276956,12,40.0,5
6365276956,4194590276,12,40.0,5
4194590276,6365276957,12,40.0,5
6365276957,5006394482,12,40.0,5
5006394482,5006394485,12,40.0,5
5006394485,696486198,12,40.0,5
696486198,5006394483,12,40.0,5
5006394483,5130287821,12,40.0,5
5130287821,5130411095,12,40.0,5
5130411095,696486201,12,40.0,5
696486201,4422636478,12,40.0,5
4422636478,4422636477,12,40.0,5
4422636477,696486334,12,40.0,5
696486334,4422636479,12,40.0,5
4422636479,403874450,12,40.0,5
403874450,4974706105,12,40.0,5
4974706105,4422636480,12,40.0,5
4422636480,5895890306,12,40.0,5
5895890306,3379019559,12,40.0,5
3379019559,696486308,12,40.0,5
696486308,4814641222,12,40.0,5
4814641222,1134573630,12,40.0,5
1134573630,3592980819,12,40.0,5
3592980819,5498169926,12,40.0,5
5498169926,4814639957,12,40.0,5
4814639957,403874452,12,40.0,5
403874452,4814639951,12,40.0,5
4814639951,4196216295,12,40.0,5
4196216295,4195821028,12,40.0,5
4195821028,4195821029,12,40.0,5
4195821029,4195820922,12,40.0,5
4195820922,403874463,12,40.0,5
403874463,4196216190,12,40.0,5
4196216190,696495650,12,40.0,5
696495650,4814713928,12,40.0,5
4814713928,403874456,12,40.0,5
403874456,4814713929,12,40.0,5
4814713929,3592980818,12,40.0,5
3592980818,3592980817,12,40.0,5
3592980817,4814713927,12,40.0,5
4814713927,3592980816,12,40.0,5
3592980816,696495652,12,40.0,5
696495652,403874458,12,40.0,5
403874458,4814638667,12,40.0,5
4814638667,653145826,12,40.0,5
653145826,3431874649,12,40.0,5
3431874649,653145825,12,40.0,5
653145825,3431874652,12,40.0,5
3431874652,3431874650,12,40.0,5
3431874650,3431874653,12,40.0,5
3431874653,653145824,12,40.0,5
653145824,3431874651,12,40.0,5
3431874651,3431874654,12,40.0,5
3431874654,635899055,12,40.0,5
635899055,4195745412,12,40.0,5
4195745412,1134622044,12,40.0,5
1134622044,1134622069,12,40.0,5
1134622069,13656611450,12,40.0,5
13656611450,253022458,12,40.0,5
253022458,13656611430,12,40.0,5
13656611430,13656611431,12,40.0,5
13656611431,13656611458,12,40.0,5
13656611458,253022457,12,40.0,5
253022457,4376887555,12,40.0,5
4376887555,253022453,12,40.0,5
253022453,1431441537,12,40.0,5
1431441537,1431441535,12,40.0,5
1431441535,13656611455,12,40.0,5
13656611455,13656611456,12,40.0,5
13656611456,253022452,12,40.0,5
253022452,3169297689,12,40.0,5
3169297689,9824751944,12,40.0,5
9824751944,9824751943,12,40.0,5
9824751943,3305875751,12,40.0,5
3305875751,10563454686,12,40.0,5
10563454686,13656611408,12,40.0,5
13656611408,13656611407,12,40.0,5
13656611407,7618003244,12,40.0,5
7618003244,3169297687,12,40.0,5
3169297687,13656611406,12,40.0,5
13656611406,8795553568,12,40.0,5
8795553568,253022448,12,40.0,5
253022448,13656611405,12,40.0,5
13656611405,665686664,12,40.0,5
665686664,6509418084,12,40.0,5
6509418084,1131882986,12,40.0,5
1131882986,13656512990,12,40.0,5
13656512990,1131882977,12,40.0,5
1131882977,13656512991,12,40.0,5
13656512991,6509458885,12,40.0,5
6509458885,10261690706,12,40.0,5
10261690706,10261690694,12,40.0,5
10261690694,253022446,12,40.0,5
3185210191,4944234506,12,40.0,5
4944234506,10219037674,12,40.0,5
10219037674,4944234508,12,40.0,5
4944234508,3185210190,12,40.0,5
3185210190,6991371457,12,40.0,5
6991371457,635778410,12,40.0,5
635778410,8665943846,12,40.0,5
8665943846,4937816455,12,40.0,5
4937816455,12110372038,12,40.0,5
12110372038,3931607915,12,40.0,5
3931607915,4937816457,12,40.0,5
4937816457,12110372036,12,40.0,5
12110372036,13683858373,12,40.0,5
13683858373,5968099148,12,40.0,5
5968099148,2858762129,12,40.0,5
2858762129,2409497319,12,40.0,5
2409497319,13683858375,12,40.0,5
13683858375,4937816459,12,40.0,5
4937816459,679007188,12,40.0,5
679007188,13683818552,12,40.0,5
13683818552,127658282,12,40.0,5
127658282,13684023317,12,40.0,5
13684023317,13684023318,12,40.0,5
13684023318,13683818555,12,40.0,5
13683818555,13683818559,12,40.0,5
13683818559,9415532348,12,40.0,5
9415532348,5635884161,12,40.0,5
3774705979,3774705978,12,40.0,5
3774705978,2247712415,12,40.0,5
2247712415,2247712400,12,40.0,5
2247712400,2247712382,12,40.0,5
2247712382,11292718300,12,40.0,5
11292718300,11292718301,12,40.0,5
7191519961,2527546961,12,40.0,5
2527546961,268931495,12,40.0,5
268931495,4281370295,12,40.0,5
4281370295,268931492,12,40.0,5
268931492,4281370297,12,40.0,5
4281370297,268931488,12,40.0,5
268931488,670285096,12,40.0,5
670285096,642970366,12,40.0,5
642970366,670285092,12,40.0,5
670285092,268931480,12,40.0,5
268931480,4368991908,12,40.0,5
4368991908,4281374054,12,40.0,5
4281374054,4281374056,12,40.0,5
4281374056,670285123,12,40.0,5
670285123,1985244126,12,40.0,5
1985244126,670285119,12,40.0,5
670285119,670285114,12,40.0,5
670285114,4281374059,12,40.0,5
4281374059,670285117,12,40.0,5
670285117,4281374062,12,40.0,5
4281374062,670274071,12,40.0,5
670274071,268931421,12,40.0,5
268931421,642959765,12,40.0,5
642959765,670271563,12,40.0,5
670271563,670271564,12,40.0,5
252537800,252537799,12,40.0,5
252537799,670263266,12,40.0,5
670263266,3702142136,12,40.0,5
3702142136,6509461546,12,40.0,5
6509461546,3702142128,12,40.0,5
3702142128,3702142147,12,40.0,5
3702142147,6509461545,12,40.0,5
6509461545,3702142150,12,40.0,5
3702142150,3702142143,12,40.0,5
3702142143,3702135219,12,40.0,5
3702135219,3702142144,12,40.0,5
3702142144,3702142145,12,40.0,5
3702142145,3702135218,12,40.0,5
3702135218,1978801478,12,40.0,5
1978801478,4281376843,12,40.0,5
4281376843,4281376693,12,40.0,5
4281376693,4281376844,12,40.0,5
4281376844,252537796,12,40.0,5
252537796,11549090897,12,40.0,5
11549090897,4281376694,12,40.0,5
4281376694,7158050660,12,40.0,5
7158050660,2527560570,12,40.0,5
2527560570,10216158818,12,40.0,5
10216158818,250731057,12,40.0,5
635164942,619035524,12,40.0,5
619035524,619035525,12,40.0,5
619035525,619035526,12,40.0,5
619035526,619035527,12,40.0,5
619035527,619122227,12,40.0,5
619122227,4032641236,12,40.0,5
4032641236,12018224138,12,40.0,5
12018224138,619035532,12,40.0,5
619035532,619035533,12,40.0,5
619035533,619035535,12,40.0,5
619035535,619035505,12,40.0,5
619035505,619035538,12,40.0,5
619035538,619035539,12,40.0,5
619035539,5042686222,12,40.0,5
5042686222,11274004687,12,40.0,5
11274004687,619035540,12,40.0,5
619035540,4580748385,12,40.0,5
4580748385,619035543,12,40.0,5
268931354,268931267,12,40.0,5
621835658,621835685,12,40.0,5
621835685,621835678,12,40.0,5
621835678,621835650,12,40.0,5
676008062,676008066,12,40.0,5
676008066,678592118,12,40.0,5
678592118,678592136,12,40.0,5
678592136,6286609812,12,40.0,5
6286609812,6286609813,12,40.0,5
6286609813,678592133,12,40.0,5
674571287,674571295,12,40.0,5
9075818013,11421811065,12,40.0,5
11421811065,6260384170,12,40.0,5
6260384170,6260384172,12,40.0,5
6260384172,6260384173,12,40.0,5
6260384173,1737485395,12,40.0,5
1737485395,1737485396,12,40.0,5
1737485396,1737485399,12,40.0,5
1737485399,1737485405,12,40.0,5
1737485405,3774656111,12,40.0,5
3774656111,3774656112,12,40.0,5
3774656112,3774656117,12,40.0,5
3774656117,3774656118,12,40.0,5
673918218,620403349,12,40.0,5
620403349,3774751830,12,40.0,5
3774751830,620403350,12,40.0,5
7646751112,7646751113,12,40.0,5
7646751113,3774751826,12,40.0,5
3774751826,672613428,12,40.0,5
672613428,672613427,12,40.0,5
672613427,672613425,12,40.0,5
672613425,129616108,12,40.0,5
667775940,667775934,12,40.0,5
9502361631,13680517205,12,40.0,5
13680517205,13680517207,12,40.0,5
13680517207,13680517206,12,40.0,5
13680517206,9502361630,12,40.0,5
9502361630,9502361629,12,40.0,5
9502361629,10160885041,12,40.0,5
10160885041,10107620996,12,40.0,5
10107620996,10107620995,12,40.0,5
10107620995,8502436730,12,40.0,5
8502436730,3645522559,12,40.0,5
3645522559,13680517450,12,40.0,5
13680517450,3164356590,12,40.0,5
3084209277,3084209276,12,40.0,5
3084209276,3084209274,12,40.0,5
3084209274,1369209676,12,40.0,5
1369209676,2049663687,12,40.0,5
2049663687,13673453637,12,40.0,5
13673453637,13673453646,12,40.0,5
13673453646,1280138193,12,40.0,5
1280138193,13673323290,12,40.0,5
13673323290,3084209278,12,40.0,5
3084209278,10660933456,12,40.0,5
10660933456,10660932978,12,40.0,5
4324726612,10660932988,12,40.0,5
10660932988,127658642,12,40.0,5
127658642,4952412304,12,40.0,5
4952412304,667775940,12,40.0,5
667775940,4086332055,12,40.0,5
4086332055,13701084906,12,40.0,5
13701084906,13695007793,12,40.0,5
13695007793,667775913,12,40.0,5
667775913,10208899032,12,40.0,5
10208899032,268931129,12,40.0,5
268931129,667762952,12,40.0,5
667762952,127658727,12,40.0,5
127658727,6219761748,12,40.0,5
6219761748,7455995475,12,40.0,5
7455995475,3742229765,12,40.0,5
3742229765,644620382,12,40.0,5
644620382,13701084905,12,40.0,5
13701084905,206597774,12,40.0,5
206597774,6219761749,12,40.0,5
6219761749,13698430255,12,40.0,5
13698430255,13698397479,12,40.0,5
13698397479,13698397481,12,40.0,5
13698397481,13698430252,12,40.0,5
621835717,621835722,12,40.0,5
621835722,268931252,12,40.0,5
268931252,268931253,12,40.0,5
268931253,3800069143,12,40.0,5
3800069143,672787164,12,40.0,5
672787164,2646850049,12,40.0,5
2646850049,4568295121,12,40.0,5
4568295121,672787172,12,40.0,5
3324646640,3324646641,12,40.0,5
3324646641,3324645767,12,40.0,5
3324645767,3324639408,12,40.0,5
3324639408,8168340569,12,40.0,5
8168340569,3324639401,12,40.0,5
3324639401,3542062045,12,40.0,5
3542062045,3324639375,12,40.0,5
3324639375,3542062044,12,40.0,5
3542062044,3324639387,12,40.0,5
3324639387,3542062043,12,40.0,5
3542062043,3324639391,12,40.0,5
3324639391,3324639398,12,40.0,5
618543041,8943920963,12,40.0,5
653114167,13684023321,12,40.0,5
13684023321,4793221857,12,40.0,5
4793221857,653114096,12,40.0,5
653114096,6233414081,12,40.0,5
6233414081,13683707402,12,40.0,5
13683707402,13683707401,12,40.0,5
13683707401,13683648300,12,40.0,5
13683648300,13683648299,12,40.0,5
3804259156,5864778337,12,40.0,5
5864778337,3804259148,12,40.0,5
3804259148,13295798343,12,40.0,5
13295798343,3804259149,12,40.0,5
3804259149,3804259152,12,40.0,5
3804259152,3804259150,12,40.0,5
3804259150,4191843747,12,40.0,5
4191843747,670306354,12,40.0,5
670306354,670306388,12,40.0,5
670306388,670306390,12,40.0,5
670306390,4860296390,12,40.0,5
4860296390,670306391,12,40.0,5
670306391,670306393,12,40.0,5
670306393,4860296389,12,40.0,5
4860296389,670306394,12,40.0,5
670306394,670306395,12,40.0,5
670306395,6630965173,12,40.0,5
6630965173,275517752,12,40.0,5
275517752,674107139,12,40.0,5
674107139,13180411952,12,40.0,5
13180411952,275517751,12,40.0,5
275517751,4860357074,12,40.0,5
4860357074,4860299216,12,40.0,5
4860299216,670306365,12,40.0,5
670306365,13294103525,12,40.0,5
13294103525,13294103520,12,40.0,5
13294103520,4860299219,12,40.0,5
4860299219,275517748,12,40.0,5
275517748,6631008101,12,40.0,5
6631008101,674107146,12,40.0,5
674107146,670306366,12,40.0,5
670306366,4860299923,12,40.0,5
4860299923,7457141741,12,40.0,5
7457141741,674107151,12,40.0,5
674107151,275517742,12,40.0,5
275517742,670284944,12,40.0,5
670284944,275517739,12,40.0,5
275517739,670284971,12,40.0,5
670284971,275517735,12,40.0,5
275517735,13295776977,12,40.0,5
13295776977,618771188,12,40.0,5
618771188,6514093426,12,40.0,5
6514093426,618771179,12,40.0,5
618771179,9470561900,12,40.0,5
9470561900,275518043,12,40.0,5
275518043,275518042,12,40.0,5
275518042,275518041,12,40.0,5
275518041,4281369688,12,40.0,5
4281369688,670284919,12,40.0,5
670284919,4191843773,12,40.0,5
4191843773,275518031,12,40.0,5
275518031,642970368,12,40.0,5
642970368,268931495,12,40.0,5
635855735,10771397220,12,40.0,5
10771397220,3354661040,12,40.0,5
3354661040,10771363362,12,40.0,5
10771363362,6277491018,12,40.0,5
6277491018,4582456530,12,40.0,5
4582456530,4582456531,12,40.0,5
4582456531,4582456526,12,40.0,5
4582456526,5105301761,12,40.0,5
5105301761,665183736,12,40.0,5
665183736,4582456525,12,40.0,5
4582456525,10564038814,12,40.0,5
10564038814,662875913,12,40.0,5
662875913,10564038815,12,40.0,5
10564038815,5105301763,12,40.0,5
5105301763,6554831165,12,40.0,5
6554831165,666903877,12,40.0,5
666903877,635854505,12,40.0,5
635854505,129615987,12,40.0,5
129615987,10564038816,12,40.0,5
10564038816,256181181,12,40.0,5
256181181,4582447380,12,40.0,5
4582447380,1978801466,12,40.0,5
1978801466,635164770,12,40.0,5
253022345,3783153357,12,40.0,5
3783153357,6289266086,12,40.0,5
6289266086,672596279,12,40.0,5
672596279,4177464779,12,40.0,5
4177464779,1877145499,12,40.0,5
1877145499,12652253140,12,40.0,5
12652253140,672596277,12,40.0,5
672596277,672596276,12,40.0,5
672596276,10576538467,12,40.0,5
10576538467,3800069142,12,40.0,5
3800069142,3800069140,12,40.0,5
3800069140,10576538466,12,40.0,5
10576538466,3800069139,12,40.0,5
3800069139,3800069137,12,40.0,5
3800069137,3800069136,12,40.0,5
3800069136,672596272,12,40.0,5
672596272,672596271,12,40.0,5
5057792785,5057792783,12,40.0,5
5057792783,5057792788,12,40.0,5
5057792788,696519986,12,40.0,5
696519986,5057792789,12,40.0,5
5057792789,1144975877,12,40.0,5
1144975877,5057792830,12,40.0,5
5057792830,618531414,12,40.0,5
653148593,3666936413,12,40.0,5
3666936413,2093029550,12,40.0,5
2093029550,8616824065,12,40.0,5
8616824065,8616824062,12,40.0,5
8616824062,3669007538,12,40.0,5
3669007538,8616824061,12,40.0,5
8616824061,12100076472,12,40.0,5
12100076472,13685109996,12,40.0,5
13685109996,12100076471,12,40.0,5
12100076471,12100076468,12,40.0,5
12100076468,12100076470,12,40.0,5
12100076470,12100076469,12,40.0,5
6661681538,6661681539,12,40.0,5
191814403,4513240962,12,40.0,5
4513240962,4513240970,12,40.0,5
1863871393,12250419939,12,40.0,5
12250419939,1863871420,12,40.0,5
1863871420,1863871407,12,40.0,5
2094306221,2094306172,12,40.0,5
2094306172,3191696089,12,40.0,5
3191696089,6233578648,12,40.0,5
6233578648,270333419,12,40.0,5
270333419,653129377,12,40.0,5
653129377,13684023330,12,40.0,5
13684023330,270333433,12,40.0,5
270333433,4678327361,12,40.0,5
4678327361,2094306192,12,40.0,5
2094306192,13683707426,12,40.0,5
13683707426,13684023329,12,40.0,5
13684023329,2094306222,12,40.0,5
2094306222,682081219,12,40.0,5
682081219,13683707409,12,40.0,5
13683707409,682081241,12,40.0,5
682081241,13683707430,12,40.0,5
13683707430,973592787,12,40.0,5
973592787,6524306631,12,40.0,5
6524306631,2094306204,12,40.0,5
2094306204,13684023323,12,40.0,5
13684023323,403875011,12,40.0,5
10869977168,645091816,12,40.0,5
645091816,13684883020,12,40.0,5
13684883020,618552115,12,40.0,5
618552115,1128190820,12,40.0,5
1128190820,403875010,12,40.0,5
403875010,13684883034,12,40.0,5
13684883034,13684883033,12,40.0,5
13684883033,646892443,12,40.0,5
646892443,3192344308,12,40.0,5
3192344308,3301622607,12,40.0,5
3301622607,3192344310,12,40.0,5
3192344310,13685134638,12,40.0,5
13685134638,13685134639,12,40.0,5
13685134639,13685134640,12,40.0,5
13685134640,13685134641,12,40.0,5
13685134641,13685134642,12,40.0,5
13685134642,13685134643,12,40.0,5
13685134643,3192347740,12,40.0,5
3192347740,3192347739,12,40.0,5
620384457,620384458,12,40.0,5
620384458,13673566348,12,40.0,5
13673566348,9824751926,12,40.0,5
9824751926,1274137038,12,40.0,5
646906623,403874818,12,40.0,5
403874818,403874817,12,40.0,5
403874817,403874816,12,40.0,5
403874816,2425248722,12,40.0,5
2425248722,2131864631,12,40.0,5
2131864631,5006394431,12,40.0,5
5006394431,403874812,12,40.0,5
403874812,2131864634,12,40.0,5
2131864634,2425245023,12,40.0,5
2425245023,1144975946,12,40.0,5
1144975946,2034260114,12,40.0,5
2034260114,1144975887,12,40.0,5
1144975887,5006394432,12,40.0,5
5006394432,2131864639,12,40.0,5
2131864639,2034260136,12,40.0,5
2034260136,403874806,12,40.0,5
403874806,5006394434,12,40.0,5
5006394434,5498091775,12,40.0,5
5498091775,1144975981,12,40.0,5
1144975981,2142186411,12,40.0,5
2142186411,403874803,12,40.0,5
403874803,2091834867,12,40.0,5
2091834867,13278963915,12,40.0,5
13278963915,3705965291,12,40.0,5
3705965291,2131864627,12,40.0,5
2131864627,403874800,12,40.0,5
403874800,403874799,12,40.0,5
403874799,2034260163,12,40.0,5
2034260163,403874797,12,40.0,5
403874797,5006394451,12,40.0,5
5006394451,403874796,12,40.0,5
403874796,2034260155,12,40.0,5
2034260155,3771725392,12,40.0,5
3771725392,403874793,12,40.0,5
403874793,4980010444,12,40.0,5
4980010444,2091833873,12,40.0,5
2091833873,2091833877,12,40.0,5
2091833877,2091833860,12,40.0,5
2091833860,2091833847,12,40.0,5
2091833847,2091833876,12,40.0,5
2091833876,2091833875,12,40.0,5
2091833875,2091833872,12,40.0,5
10660932941,10660932997,12,40.0,5
10660932997,4502191097,12,40.0,5
4502191097,1814506657,12,40.0,5
1814506657,13657105454,12,40.0,5
13657105454,9457787652,12,40.0,5
9457787652,9457787653,12,40.0,5
9457787653,248608259,12,40.0,5
248608259,2509241715,12,40.0,5
2509241715,13657105226,12,40.0,5
13657105226,4502191093,12,40.0,5
4502191093,2509241716,12,40.0,5
2509241716,13659984871,12,40.0,5
13659984871,13659953967,12,40.0,5
13659953967,13659984872,12,40.0,5
13659984872,9465694075,12,40.0,5
9465694075,6991299280,12,40.0,5
6991299280,13657105239,12,40.0,5
13657105239,13659953991,12,40.0,5
13659953991,9465694076,12,40.0,5
9465694076,13657105240,12,40.0,5
13657105240,6991299283,12,40.0,5
6991299283,13657104831,12,40.0,5
13657104831,13657104830,12,40.0,5
13657104830,13660018073,12,40.0,5
13660018073,6991531900,12,40.0,5
6991531900,13657104878,12,40.0,5
13657104878,13657104873,12,40.0,5
13657104873,8479243516,12,40.0,5
8479243516,248608262,12,40.0,5
248608262,13657105152,12,40.0,5
13657105152,9457787657,12,40.0,5
9457787657,9457787658,12,40.0,5
9457787658,9457787659,12,40.0,5
9457787659,9457787660,12,40.0,5
9457787660,9457787661,12,40.0,5
9457787661,13657104818,12,40.0,5
13657104818,13659985261,12,40.0,5
13659985261,13659985260,12,40.0,5
679012541,679012540,12,40.0,5
679012540,679012539,12,40.0,5
679012539,3684963726,12,40.0,5
3684963726,679012538,12,40.0,5
679012538,255636130,12,40.0,5
255636130,5639990391,12,40.0,5
5639990391,4180058608,12,40.0,5
4180058608,5639990393,12,40.0,5
5639990393,4180058610,12,40.0,5
4180058610,257872247,12,40.0,5
257872247,621804989,12,40.0,5
621804989,11542053072,12,40.0,5
11542053072,621804991,12,40.0,5
621804991,621804993,12,40.0,5
621804993,3354645187,12,40.0,5
3354645187,3354645185,12,40.0,5
3354645185,5490286090,12,40.0,5
5490286090,3354645306,12,40.0,5
3354645306,3354645317,12,40.0,5
3354645317,10216158827,12,40.0,5
10216158827,672817127,12,40.0,5
672817127,2101199225,12,40.0,5
2101199225,2101199239,12,40.0,5
2101199239,621805055,12,40.0,5
621805055,3354645310,12,40.0,5
3354645310,672814575,12,40.0,5
672814575,621805060,12,40.0,5
621805060,672814569,12,40.0,5
672814569,4962837094,12,40.0,5
4962837094,621805068,12,40.0,5
621805068,7645422500,12,40.0,5
7645422500,2444061399,12,40.0,5
2444061399,266907769,12,40.0,5
266907769,2527564184,12,40.0,5
2527564184,10216158825,12,40.0,5
10216158825,2527564185,12,40.0,5
2527564185,250731031,12,40.0,5
250731031,672814587,12,40.0,5
672814587,266907767,12,40.0,5
266907767,3702126199,12,40.0,5
3702126199,3702126198,12,40.0,5
3702126198,4858063259,12,40.0,5
4858063259,679019393,12,40.0,5
679019393,10259081710,12,40.0,5
10259081710,10259065907,12,40.0,5
10259065907,275524524,12,40.0,5
275524524,10216158824,12,40.0,5
10216158824,2444061421,12,40.0,5
2444061421,672814599,12,40.0,5
672814599,250731032,12,40.0,5
250731032,10718021427,12,40.0,5
10718021427,2444108598,12,40.0,5
2444108598,2444108597,12,40.0,5
2444108597,6661818314,12,40.0,5
6661818314,2444108599,12,40.0,5
2444108599,673885532,12,40.0,5
673885532,2527564183,12,40.0,5
2527564183,4032631656,12,40.0,5
4032631656,250731033,12,40.0,5
250731033,642959793,12,40.0,5
642959793,2527564182,12,40.0,5
2527564182,672814606,12,40.0,5
672814606,10216158823,12,40.0,5
10216158823,642959785,12,40.0,5
642959785,2444108605,12,40.0,5
2444108605,2444108603,12,40.0,5
2444108603,250731034,12,40.0,5
250731034,2444108602,12,40.0,5
2444108602,2444108601,12,40.0,5
2444108601,4032650236,12,40.0,5
4032650236,2444108604,12,40.0,5
2444108604,250731035,12,40.0,5
250731035,2444108600,12,40.0,5
2444108600,672814559,12,40.0,5
672814559,642959784,12,40.0,5
642959784,3707449810,12,40.0,5
3707449810,10216158822,12,40.0,5
10216158822,250731036,12,40.0,5
250731036,3354645321,12,40.0,5
3354645321,3354645304,12,40.0,5
3354645304,3354645297,12,40.0,5
3354645297,639689279,12,40.0,5
639689279,3354645296,12,40.0,5
3354645296,10216158821,12,40.0,5
10216158821,672806908,12,40.0,5
9075842346,11118267013,12,40.0,5
11118267013,9075842345,12,40.0,5
9075842345,9075842344,12,40.0,5
9075842344,9075842343,12,40.0,5
9075842343,9075842342,12,40.0,5
9075842342,9075842341,12,40.0,5
9075842341,9075842340,12,40.0,5
9075842340,9075842339,12,40.0,5
9075842339,9075842338,12,40.0,5
9075842338,9075842337,12,40.0,5
9075842337,9075842336,12,40.0,5
9075842336,9075842335,12,40.0,5
9075842335,11506611407,12,40.0,5
11506611407,9075842334,12,40.0,5
9075842334,9075842333,12,40.0,5
9075842333,9075842332,12,40.0,5
9075842332,9075842331,12,40.0,5
9075842331,9075842330,12,40.0,5
9075842330,9075842329,12,40.0,5
9075842329,9075842328,12,40.0,5
9075842328,9075842327,12,40.0,5
9075842327,9075842326,12,40.0,5
9075842326,9075842416,12,40.0,5
9075842416,3774656129,12,40.0,5
1924788439,3922504207,12,40.0,5
3922504207,1924788391,12,40.0,5
1924788391,13684477273,12,40.0,5
13684477273,1924788473,12,40.0,5
1924788473,13684477274,12,40.0,5
13684477274,1924788481,12,40.0,5
1924788481,2083191852,12,40.0,5
1307349789,662848126,12,40.0,5
662848126,673080453,12,40.0,5
673080453,6531724708,12,40.0,5
6531724708,3993517282,12,40.0,5
3993517282,6531698966,12,40.0,5
6531698966,10213630024,12,40.0,5
10213630024,673080451,12,40.0,5
673080451,8585430962,12,40.0,5
8585430962,3800003068,12,40.0,5
3800003068,3800003065,12,40.0,5
3800003065,10213791469,12,40.0,5
10213791469,673080449,12,40.0,5
673080449,8585430971,12,40.0,5
8585430971,3800003061,12,40.0,5
3800003061,2131864633,12,40.0,5
2131864633,673080448,12,40.0,5
673080448,8585430974,12,40.0,5
8585430974,673080447,12,40.0,5
673080447,8585430975,12,40.0,5
8585430975,673080446,12,40.0,5
673080446,8585430970,12,40.0,5
8585430970,10213791459,12,40.0,5
10213791459,673080445,12,40.0,5
673080445,8585430969,12,40.0,5
8585430969,673080444,12,40.0,5
673080444,10213598995,12,40.0,5
10213598995,673080443,12,40.0,5
673080443,8585430964,12,40.0,5
8585430964,10213599697,12,40.0,5
10213599697,673080442,12,40.0,5
673080442,2131864644,12,40.0,5
2131864644,2131864630,12,40.0,5
2131864630,5818058548,12,40.0,5
5818058548,5818058552,12,40.0,5
5818058552,5818060854,12,40.0,5
5818060854,5818060859,12,40.0,5
5818060859,5818060862,12,40.0,5
5818060862,5818060869,12,40.0,5
637453385,9817525837,12,40.0,5
9817525837,637449502,12,40.0,5
637449502,10046834606,12,40.0,5
5373003237,5373003238,12,40.0,5
5373003238,5373003236,12,40.0,5
5373003236,5373003221,12,40.0,5
5373003221,679012544,12,40.0,5
679012544,12902568093,12,40.0,5
12902568093,12902568094,12,40.0,5
12902568094,12902568095,12,40.0,5
12902568095,12902568096,12,40.0,5
12902568096,4314922768,12,40.0,5
4314922768,679012542,12,40.0,5
679012542,5373003239,12,40.0,5
5373003239,679012541,12,40.0,5
14144687976,9740487213,12,40.0,5
9740487213,5217865790,12,40.0,5
5217865790,13695697498,12,40.0,5
13695697498,13695697496,12,40.0,5
13695697496,13695697500,12,40.0,5
13695697500,621816446,12,40.0,5
621816446,6289234299,12,40.0,5
6289234299,9482261893,12,40.0,5
9482261893,672787187,12,40.0,5
672787187,3648987771,12,40.0,5
3648987771,10216158835,12,40.0,5
10216158835,4084701734,12,40.0,5
4084701734,2154022983,12,40.0,5
2154022983,7919466370,12,40.0,5
7919466370,672787179,12,40.0,5
672787179,6524791578,12,40.0,5
6524791578,9218221367,12,40.0,5
9218221367,6661788638,12,40.0,5
6661788638,672787162,12,40.0,5
672787162,4084701814,12,40.0,5
4084701814,10039829414,12,40.0,5
10039829414,13698221594,12,40.0,5
13698221594,9218221366,12,40.0,5
9218221366,10039819998,12,40.0,5
10039819998,4082338779,12,40.0,5
4082338779,248608277,12,40.0,5
248608277,3648987775,12,40.0,5
3648987775,2154029197,12,40.0,5
2154029197,667761519,12,40.0,5
667761519,667761540,12,40.0,5
667761540,4084775835,12,40.0,5
4084775835,2049675489,12,40.0,5
2049675489,667761529,12,40.0,5
667761529,10216158836,12,40.0,5
10216158836,621822556,12,40.0,5
621822556,13698236232,12,40.0,5
13698236232,667761541,12,40.0,5
667761541,13698236233,12,40.0,5
13698236233,621835717,12,40.0,5
621835717,621822545,12,40.0,5
621822545,621822541,12,40.0,5
621822541,8708030330,12,40.0,5
8708030330,621822224,12,40.0,5
621822224,8708030329,12,40.0,5
8708030329,3799977148,12,40.0,5
3799977148,667761545,12,40.0,5
5192797546,13698397499,12,40.0,5
13698397499,8708030328,12,40.0,5
8708030328,13698430210,12,40.0,5
13698430210,60796731,12,40.0,5
60796731,2826701481,12,40.0,5
2826701481,2034206164,12,40.0,5
2034206164,3742258492,12,40.0,5
3742258492,10292550397,12,40.0,5
10292550397,8708030336,12,40.0,5
8708030336,13698430212,12,40.0,5
13698430212,60796740,12,40.0,5
60796740,13698430211,12,40.0,5
13698430211,13698430254,12,40.0,5
10660932978,10660933456,12,40.0,5
10660933456,3084209278,12,40.0,5
3084209278,13673323290,12,40.0,5
13673323290,1280138193,12,40.0,5
1280138193,13673453646,12,40.0,5
13673453646,13673453637,12,40.0,5
13673453637,2049663687,12,40.0,5
2049663687,13673453631,12,40.0,5
13673453631,766428149,12,40.0,5
766428149,6991559631,12,40.0,5
635778722,9553398831,12,40.0,5
9553398831,617169300,12,40.0,5
617169300,10823477979,12,40.0,5
10823477979,10823477980,12,40.0,5
10823477980,10120406799,12,40.0,5
10120406799,13697058064,12,40.0,5
13697058064,2143730215,12,40.0,5
2143730215,10120415479,12,40.0,5
10120415479,6658686748,12,40.0,5
6658686748,11189437349,12,40.0,5
11189437349,11541825552,12,40.0,5
11541825552,6658686746,12,40.0,5
6658686746,6234353188,12,40.0,5
6234353188,13697281139,12,40.0,5
13697281139,10633327888,12,40.0,5
10633327888,13697266222,12,40.0,5
13697266222,5199207923,12,40.0,5
5199207923,13697266216,12,40.0,5
13697266216,6234353186,12,40.0,5
6234353186,10633327889,12,40.0,5
10633327889,6234353217,12,40.0,5
6234353217,10633327891,12,40.0,5
10633327891,6234353185,12,40.0,5
6234353185,3822223767,12,40.0,5
3822223767,7053715738,12,40.0,5
7053715738,10633327893,12,40.0,5
10633327893,13697266209,12,40.0,5
13697266209,3187957378,12,40.0,5
3187957378,619734847,12,40.0,5
619734847,9452443721,12,40.0,5
9452443721,3164346833,12,40.0,5
3164346833,2083191657,12,40.0,5
2083191657,9734329673,12,40.0,5
9734329673,9180242956,12,40.0,5
9180242956,10880095739,12,40.0,5
643015678,643015677,12,40.0,5
643015677,643015675,12,40.0,5
643015675,4985254028,12,40.0,5
4985254028,4985254029,12,40.0,5
4985254029,643015673,12,40.0,5
643015673,643015671,12,40.0,5
643015671,643015669,12,40.0,5
643015669,643015665,12,40.0,5
643015665,4985254027,12,40.0,5
4985254027,4985254026,12,40.0,5
4985254026,4985254025,12,40.0,5
4985254025,643015663,12,40.0,5
643015663,3576845868,12,40.0,5
3576845868,3683616624,12,40.0,5
3683616624,3683616613,12,40.0,5
3683616613,3683616609,12,40.0,5
2320509007,1131862349,12,40.0,5
1131862349,681977743,12,40.0,5
681977743,618534013,12,40.0,5
618534013,618533979,12,40.0,5
618533979,10266749658,12,40.0,5
10266749658,5087014958,12,40.0,5
5087014958,618533969,12,40.0,5
618533969,618533962,12,40.0,5
618533962,618533960,12,40.0,5
618533960,2320509008,12,40.0,5
2320509008,3799897956,12,40.0,5
3799897956,12757151948,12,40.0,5
12757151948,681978077,12,40.0,5
681978077,618533950,12,40.0,5
618533950,618533937,12,40.0,5
10089844686,10660933455,12,40.0,5
10660933455,10749741394,12,40.0,5
10749741394,10749741393,12,40.0,5
10749741393,10749741392,12,40.0,5
10749741392,13665897098,12,40.0,5
13665897098,13672768140,12,40.0,5
13672768140,13672768139,12,40.0,5
13672768139,13672768138,12,40.0,5
403874436,4974710943,12,40.0,5
4974710943,403874437,12,40.0,5
403874437,4974710942,12,40.0,5
4974710942,4422636468,12,40.0,5
4422636468,4974710941,12,40.0,5
4974710941,666634652,12,40.0,5
666634652,403874439,12,40.0,5
403874439,3192360399,12,40.0,5
3192360399,4974710940,12,40.0,5
4974710940,4422636469,12,40.0,5
4422636469,4196606364,12,40.0,5
4196606364,403874440,12,40.0,5
403874440,4422636471,12,40.0,5
4422636471,4422636470,12,40.0,5
4422636470,403874441,12,40.0,5
403874441,4974709963,12,40.0,5
4974709963,4422636472,12,40.0,5
4422636472,3379019558,12,40.0,5
3379019558,5130418738,12,40.0,5
5130418738,4974709962,12,40.0,5
4974709962,3379019553,12,40.0,5
3379019553,4974709955,12,40.0,5
4974709955,696486243,12,40.0,5
696486243,696486250,12,40.0,5
696486250,10696608748,12,40.0,5
10696608748,4974709954,12,40.0,5
4974709954,3141185451,12,40.0,5
3141185451,403874444,12,40.0,5
403874444,4194590277,12,40.0,5
4194590277,5285388537,12,40.0,5
5285388537,3379019555,12,40.0,5
3379019555,4195971002,12,40.0,5
4195971002,3379019556,12,40.0,5
3379019556,696486237,12,40.0,5
696486237,403874447,12,40.0,5
403874447,403874448,12,40.0,5
403874448,4195971005,12,40.0,5
4195971005,4422636476,12,40.0,5
4422636476,3379019563,12,40.0,5
3379019563,696486201,12,40.0,5
696486308,696486306,12,40.0,5
696486306,4422636482,12,40.0,5
4422636482,4422636481,12,40.0,5
4422636481,696486304,12,40.0,5
696486304,4422636483,12,40.0,5
4422636483,4422636484,12,40.0,5
4422636484,5130411093,12,40.0,5
5130411093,5006394506,12,40.0,5
5006394506,5006394504,12,40.0,5
5006394504,5006394500,12,40.0,5
5006394500,5006394488,12,40.0,5
5006394488,10769979801,12,40.0,5
10769979801,10769979804,12,40.0,5
10769979804,10769979803,12,40.0,5
10769979803,5006394491,12,40.0,5
5006394491,5006394492,12,40.0,5
5006394492,5006394493,12,40.0,5
5006394493,5006394494,12,40.0,5
5006394494,5006394495,12,40.0,5
678255276,3658429252,12,40.0,5
3658429252,678255274,12,40.0,5
10268958222,10268958224,12,40.0,5
10268958224,3187957515,12,40.0,5
3187957515,6258386237,12,40.0,5
6258386237,6258386252,12,40.0,5
6258386252,6258386251,12,40.0,5
6258386251,6258386238,12,40.0,5
6258386238,6258386249,12,40.0,5
6258386249,10633327885,12,40.0,5
10633327885,10633327886,12,40.0,5
10633327886,620380125,12,40.0,5
620380125,10823477962,12,40.0,5
10823477962,1839459842,12,40.0,5
1839459842,10823479005,12,40.0,5
10823479005,13700281427,12,40.0,5
13700281427,10823478004,12,40.0,5
10823478004,13700371765,12,40.0,5
13700371765,10823479009,12,40.0,5
10823479009,5213912525,12,40.0,5
5213912525,10823479016,12,40.0,5
10823479016,8984354412,12,40.0,5
8984354412,10823479008,12,40.0,5
10823479008,3355414802,12,40.0,5
3355414802,10823477987,12,40.0,5
10823477987,13747277565,12,40.0,5
13747277565,10823478002,12,40.0,5
10823478002,13697058059,12,40.0,5
13697058059,13700217599,12,40.0,5
13700217599,617169300,12,40.0,5
127658045,5635884179,12,40.0,5
5635884179,11289909409,12,40.0,5
11289909409,127658062,12,40.0,5
127658062,679007206,12,40.0,5
679007206,5635884177,12,40.0,5
5635884177,5635884175,12,40.0,5
5635884175,13684023316,12,40.0,5
13684023316,127658282,12,40.0,5
127658282,13684023315,12,40.0,5
13684023315,2419528176,12,40.0,5
2419528176,2419532403,12,40.0,5
2419532403,2419528174,12,40.0,5
2419528174,13684023312,12,40.0,5
13684023312,2409510166,12,40.0,5
2066330708,3150421787,12,40.0,5
3150421787,9465149151,12,40.0,5
9465149151,2066330711,12,40.0,5
2066330711,5510037833,12,40.0,5
5510037833,2560859827,12,40.0,5
2560859827,2066330703,12,40.0,5
2066330703,2066330705,12,40.0,5
2066330705,2066330718,12,40.0,5
2066330718,2131864637,12,40.0,5
2131864637,5626805932,12,40.0,5
5626805932,13386900175,12,40.0,5
13386900175,3964896714,12,40.0,5
3964896714,3172209321,12,40.0,5
3172209321,2066330716,12,40.0,5
2066330716,2131864632,12,40.0,5
2131864632,1307348559,12,40.0,5
1235750071,1428448780,12,40.0,5
1428448780,1235750051,12,40.0,5
1235750051,1235750064,12,40.0,5
673882749,4181840593,12,40.0,5
4181840593,4181840591,12,40.0,5
4181840591,1185550549,12,40.0,5
1185550549,257871578,12,40.0,5
257871578,6978499551,12,40.0,5
6978499551,1185550619,12,40.0,5
1185550619,6978499550,12,40.0,5
6978499550,1185550592,12,40.0,5
1185550592,3354602080,12,40.0,5
3354602080,257871580,12,40.0,5
257871580,4231719903,12,40.0,5
4231719903,673069808,12,40.0,5
673069808,3354602081,12,40.0,5
3354602081,673069780,12,40.0,5
673069780,673069784,12,40.0,5
673069784,673069758,12,40.0,5
673069758,3340971206,12,40.0,5
3340971206,673069789,12,40.0,5
673069789,2135832126,12,40.0,5
2135832126,2135832133,12,40.0,5
2135832133,2135832136,12,40.0,5
2135832136,2135832129,12,40.0,5
2135832129,10209512210,12,40.0,5
10209512210,673069757,12,40.0,5
673069757,4879924508,12,40.0,5
4879924508,673069756,12,40.0,5
673069756,673069755,12,40.0,5
10789377003,10789377002,12,40.0,5
10789377002,10789377001,12,40.0,5
10789377001,10789377000,12,40.0,5
10789377000,10789376999,12,40.0,5
10789376999,10789376998,12,40.0,5
10789376998,10789376997,12,40.0,5
10789376997,10789376996,12,40.0,5
10789376996,10789376995,12,40.0,5
10789376995,10789376994,12,40.0,5
10789376994,10789376993,12,40.0,5
10789376993,10789376992,12,40.0,5
10789376992,10789376991,12,40.0,5
10789376991,10789376990,12,40.0,5
10789376990,10789376989,12,40.0,5
10789376989,10789376988,12,40.0,5
10789376988,10789392528,12,40.0,5
10789392528,696486290,12,40.0,5
653148591,3666936414,12,40.0,5
3666936414,696463097,12,40.0,5
696463097,696463086,12,40.0,5
696463086,2093030672,12,40.0,5
2093030672,10046535177,12,40.0,5
10046535177,8616824060,12,40.0,5
8616824060,8616824044,12,40.0,5
8616824044,3669007537,12,40.0,5
3669007537,8616824059,12,40.0,5
8616824059,8616824031,12,40.0,5
8616824031,8616824066,12,40.0,5
8616824066,8616824042,12,40.0,5
8616824042,13685109965,12,40.0,5
13685109965,8616824041,12,40.0,5
8616824041,8616824032,12,40.0,5
8616824032,8616824039,12,40.0,5
8616824039,8616824069,12,40.0,5
8616824069,10113314764,12,40.0,5
10113314764,8616824037,12,40.0,5
8616824037,13728039839,12,40.0,5
13728039839,8616824034,12,40.0,5
8616824034,10113314748,12,40.0,5
10113314748,8616824033,12,40.0,5
8616824033,10113314743,12,40.0,5
2328966780,13680101702,12,40.0,5
13680101702,3988271829,12,40.0,5
3988271829,256882250,12,40.0,5
256882250,3988271830,12,40.0,5
3988271830,256882249,12,40.0,5
256882249,256882248,12,40.0,5
256882248,1147957821,12,40.0,5
2394815235,13676891373,12,40.0,5
13676891373,13676891370,12,40.0,5
13676891370,3825059831,12,40.0,5
3825059831,9291504378,12,40.0,5
9291504378,9291504379,12,40.0,5
9291504379,9291504380,12,40.0,5
9291504380,9291504381,12,40.0,5
9291504381,9291504382,12,40.0,5
9291504382,3073680147,12,40.0,5
3073680147,3073680140,12,40.0,5
3073680140,9291504383,12,40.0,5
9291504383,9291504384,12,40.0,5
9291504384,9291504385,12,40.0,5
9291504385,13676891355,12,40.0,5
13676891355,13676891356,12,40.0,5
13676891356,13676891358,12,40.0,5
13676891358,13676744647,12,40.0,5
13676744647,7461966816,12,40.0,5
7461966816,13676744646,12,40.0,5
13676744646,13676744645,12,40.0,5
13676744645,13676744644,12,40.0,5
13676744644,9291504370,12,40.0,5
9291504370,9291504371,12,40.0,5
9291504371,9291504356,12,40.0,5
9291504356,9291504372,12,40.0,5
9291504372,9291504373,12,40.0,5
9291504373,13676744639,12,40.0,5
13676744639,13676744640,12,40.0,5
13676744640,13676744641,12,40.0,5
13676744641,619259633,12,40.0,5
619259633,13676744642,12,40.0,5
13676744642,13676744636,12,40.0,5
13676744636,619259630,12,40.0,5
619259630,11328709166,12,40.0,5
11328709166,6277581690,12,40.0,5
6277581690,13653285285,12,40.0,5
13653285285,13653285287,12,40.0,5
13653285287,13653285290,12,40.0,5
13653285290,13653285291,12,40.0,5
13653285291,10268955040,12,40.0,5
10268955040,13653285292,12,40.0,5
13653285292,13653285293,12,40.0,5
13653285293,13653285294,12,40.0,5
13653285294,10268955041,12,40.0,5
10268955041,3556443376,12,40.0,5
3556443376,13610295767,12,40.0,5
13610295767,13610295768,12,40.0,5
13610295768,3556443375,12,40.0,5
2376285708,2143715440,12,40.0,5
2143715440,4980201976,12,40.0,5
4980201976,3192341504,12,40.0,5
3192341504,13683965568,12,40.0,5
13683965568,13683965567,12,40.0,5
13683965567,2376285710,12,40.0,5
2376285710,10466259651,12,40.0,5
10466259651,2143715395,12,40.0,5
621816438,9740502117,12,40.0,5
9740502117,10254700256,12,40.0,5
10254700256,6289234288,12,40.0,5
6289234288,13695751611,12,40.0,5
13695751611,13695751604,12,40.0,5
13695751604,13695751607,12,40.0,5
13695751607,13695751605,12,40.0,5
13695751605,13695751609,12,40.0,5
13695751609,5217865782,12,40.0,5
5217865782,10216158834,12,40.0,5
10216158834,13727994390,12,40.0,5
13727994390,13727994391,12,40.0,5
13727994391,269351934,12,40.0,5
269351934,13727994392,12,40.0,5
13727994392,252537806,12,40.0,5
252537806,2034206009,12,40.0,5
2034206009,11955087915,12,40.0,5
11955087915,269351927,12,40.0,5
269351927,269351928,12,40.0,5
269351928,5144593857,12,40.0,5
5144593857,269351929,12,40.0,5
269351929,269351930,12,40.0,5
3774491776,3774491775,12,40.0,5
3774491775,3774491773,12,40.0,5
3774491773,6556018908,12,40.0,5
6556018908,11849572276,12,40.0,5
11849572276,674594046,12,40.0,5
674594046,674594048,12,40.0,5
674594048,674594055,12,40.0,5
674594055,674594057,12,40.0,5
674594057,674594060,12,40.0,5
206595463,637477899,12,40.0,5
637477899,10064454662,12,40.0,5
10064454662,667238804,12,40.0,5
667238804,599129839,12,40.0,5
599129839,12404232746,12,40.0,5
3877635395,3877635396,12,40.0,5
403874901,5057792816,12,40.0,5
5057792816,5057792817,12,40.0,5
5057792817,5499217636,12,40.0,5
5499217636,5499217639,12,40.0,5
5499217639,2083588479,12,40.0,5
2083588479,403874904,12,40.0,5
403874904,3500245598,12,40.0,5
3500245598,3800051527,12,40.0,5
3800051527,2105407188,12,40.0,5
2105407188,5057792760,12,40.0,5
5057792760,403874905,12,40.0,5
403874905,5499217650,12,40.0,5
5499217650,5499217652,12,40.0,5
5499217652,3800051500,12,40.0,5
3800051500,11762736405,12,40.0,5
11762736405,403874908,12,40.0,5
403874908,644607646,12,40.0,5
644607646,644607796,12,40.0,5
644607796,403874909,12,40.0,5
403874909,683787617,12,40.0,5
683787617,403874911,12,40.0,5
403874911,3528724997,12,40.0,5
3528724997,683787618,12,40.0,5
662383567,618528478,12,40.0,5
618528478,11024097536,12,40.0,5
11024097536,7625469737,12,40.0,5
4056837133,619140979,12,40.0,5
5488683288,3942467939,12,40.0,5
3942467939,3896044935,12,40.0,5
3896044935,10219043286,12,40.0,5
10219043286,3574703794,12,40.0,5
3574703794,250731003,12,40.0,5
250731003,3354483673,12,40.0,5
3354483673,258053454,12,40.0,5
258053454,14161851481,12,40.0,5
14161851481,4692166482,12,40.0,5
4692166482,13399644563,12,40.0,5
13399644563,1429213459,12,40.0,5
1429213459,403875118,12,40.0,5
403875118,14049202828,12,40.0,5
14049202828,14162916657,12,40.0,5
14162916657,14161841129,12,40.0,5
14161841129,1912464501,12,40.0,5
1912464501,1912464474,12,40.0,5
1912464474,250781280,12,40.0,5
250781280,14041283618,12,40.0,5
14041283618,6262297003,12,40.0,5
6262297003,3354483666,12,40.0,5
3354483666,3887462004,12,40.0,5
3887462004,9620581220,12,40.0,5
9620581220,4817216283,12,40.0,5
4817216283,14041254586,12,40.0,5
14041254586,250730995,12,40.0,5
250730995,9918513089,12,40.0,5
9918513089,3163973582,12,40.0,5
3163973582,1144959844,12,40.0,5
1144959844,14235228817,12,40.0,5
14235228817,6262296990,12,40.0,5
6262296990,1144959812,12,40.0,5
1144959812,250730994,12,40.0,5
250730994,14039164287,12,40.0,5
14039164287,674065956,12,40.0,5
674065956,3354462988,12,40.0,5
3354462988,3354462983,12,40.0,5
3354462983,250730993,12,40.0,5
250730993,3354462984,12,40.0,5
3354462984,275517851,12,40.0,5
275517851,663702778,12,40.0,5
663702778,10996544533,12,40.0,5
10996544533,619152165,12,40.0,5
619152165,10564038813,12,40.0,5
10564038813,3864401260,12,40.0,5
3864401260,3844333996,12,40.0,5
3844333996,3502106854,12,40.0,5
3502106854,275517860,12,40.0,5
275517860,275517856,12,40.0,5
275517856,275517837,12,40.0,5
275517837,674077280,12,40.0,5
674077280,3354462962,12,40.0,5
3354462962,3354462978,12,40.0,5
3354462978,275517834,12,40.0,5
275517834,674077289,12,40.0,5
674077289,3354462969,12,40.0,5
3354462969,5309894375,12,40.0,5
5309894375,3354462964,12,40.0,5
3354462964,3354462970,12,40.0,5
3354462970,275517828,12,40.0,5
275517828,3354462968,12,40.0,5
3354462968,674077231,12,40.0,5
674077231,3354462989,12,40.0,5
3354462989,674077296,12,40.0,5
674077296,275517825,12,40.0,5
275517825,3354462985,12,40.0,5
3354462985,674077237,12,40.0,5
674077237,5656720368,12,40.0,5
5656720368,674077300,12,40.0,5
674077300,5309894351,12,40.0,5
5309894351,674077260,12,40.0,5
674077260,3783282574,12,40.0,5
3783282574,674077246,12,40.0,5
674077246,674090891,12,40.0,5
674090891,275517822,12,40.0,5
275517822,674090893,12,40.0,5
674090893,674090900,12,40.0,5
674090900,622290353,12,40.0,5
622290353,7436704679,12,40.0,5
7436704679,4191842576,12,40.0,5
4191842576,674090887,12,40.0,5
674090887,5309894324,12,40.0,5
5309894324,5309949775,12,40.0,5
5309949775,2083152304,12,40.0,5
2083152304,5309949773,12,40.0,5
5309949773,275517813,12,40.0,5
275517813,674090906,12,40.0,5
674090906,275517811,12,40.0,5
275517811,674105631,12,40.0,5
674105631,275517810,12,40.0,5
275517810,3867881331,12,40.0,5
3867881331,275517808,12,40.0,5
275517808,674090853,12,40.0,5
674090853,275517807,12,40.0,5
275517807,3867881330,12,40.0,5
3867881330,275517805,12,40.0,5
275517805,14142594907,12,40.0,5
14142594907,275517804,12,40.0,5
275517804,674102943,12,40.0,5
674102943,674105528,12,40.0,5
674105528,275517801,12,40.0,5
275517801,275517800,12,40.0,5
275517800,275517799,12,40.0,5
275517799,674102872,12,40.0,5
674102872,6626986836,12,40.0,5
6626986836,275517798,12,40.0,5
275517798,674105547,12,40.0,5
674105547,5309912297,12,40.0,5
5309912297,275517793,12,40.0,5
275517793,674105566,12,40.0,5
674105566,275517786,12,40.0,5
275517786,6626986846,12,40.0,5
6626986846,674105575,12,40.0,5
674105575,6626986848,12,40.0,5
6626986848,275517781,12,40.0,5
275517781,275517777,12,40.0,5
275517777,670306378,12,40.0,5
670306378,622290259,12,40.0,5
622290259,275517768,12,40.0,5
275517768,670306408,12,40.0,5
670306408,275517759,12,40.0,5
275517759,670306407,12,40.0,5
670306407,6630965165,12,40.0,5
6630965165,275517756,12,40.0,5
275517756,6944480532,12,40.0,5
6944480532,275517755,12,40.0,5
275517755,13294103502,12,40.0,5
13294103502,6630965167,12,40.0,5
6630965167,275517754,12,40.0,5
275517754,670306395,12,40.0,5
3774751880,3822161238,12,40.0,5
255040405,5385266399,12,40.0,5
5385266399,3610863727,12,40.0,5
3610863727,3610863709,12,40.0,5
3610863709,3610863717,12,40.0,5
3610863717,3136286192,12,40.0,5
3136286192,10268949856,12,40.0,5
10268949856,13660304042,12,40.0,5
13660304042,5424532749,12,40.0,5
5424532749,255033041,12,40.0,5
255033041,255040397,12,40.0,5
255040397,3647856939,12,40.0,5
3647856939,13660304045,12,40.0,5
13660304045,1280868419,12,40.0,5
1280868419,654148527,12,40.0,5
654148527,3988271818,12,40.0,5
3988271818,11578003907,12,40.0,5
11578003907,13683468467,12,40.0,5
13683468467,6234403275,12,40.0,5
6234403275,654148521,12,40.0,5
654148521,654148520,12,40.0,5
654148520,13660304043,12,40.0,5
13660304043,13683468466,12,40.0,5
13683468466,1147957783,12,40.0,5
1147957783,13677168977,12,40.0,5
2135866898,670274066,12,40.0,5
670274066,670271567,12,40.0,5
670271567,670271562,12,40.0,5
670271562,670271563,12,40.0,5
670271563,642959765,12,40.0,5
642959765,268931421,12,40.0,5
268931421,670274071,12,40.0,5
670274071,4281374062,12,40.0,5
4281374062,670285117,12,40.0,5
670285117,4281374059,12,40.0,5
4281374059,670285114,12,40.0,5
670285114,670285119,12,40.0,5
670285119,1985244126,12,40.0,5
1985244126,670285123,12,40.0,5
670285123,4281374056,12,40.0,5
4281374056,4281374054,12,40.0,5
4281374054,4368991908,12,40.0,5
4368991908,268931480,12,40.0,5
268931480,670285092,12,40.0,5
670285092,642970366,12,40.0,5
642970366,670285096,12,40.0,5
670285096,268931488,12,40.0,5
268931488,4281370297,12,40.0,5
4281370297,268931492,12,40.0,5
268931492,4281370295,12,40.0,5
4281370295,268931495,12,40.0,5
268931495,642970368,12,40.0,5
642970368,275518031,12,40.0,5
275518031,4191843773,12,40.0,5
4191843773,670284919,12,40.0,5
670284919,4281369688,12,40.0,5
4281369688,275518041,12,40.0,5
275518041,275518042,12,40.0,5
275518042,275518043,12,40.0,5
275518043,9470561900,12,40.0,5
9470561900,618771179,12,40.0,5
618771179,6514093426,12,40.0,5
6514093426,618771188,12,40.0,5
618771188,13295776977,12,40.0,5
13295776977,275517735,12,40.0,5
275517735,670284971,12,40.0,5
670284971,275517739,12,40.0,5
275517739,670284944,12,40.0,5
670284944,275517742,12,40.0,5
275517742,674107151,12,40.0,5
674107151,7457141741,12,40.0,5
7457141741,4860299923,12,40.0,5
4860299923,670306366,12,40.0,5
670306366,674107146,12,40.0,5
674107146,6631008101,12,40.0,5
6631008101,275517748,12,40.0,5
275517748,4860299219,12,40.0,5
4860299219,13294103520,12,40.0,5
13294103520,13294103525,12,40.0,5
13294103525,670306365,12,40.0,5
670306365,4860299216,12,40.0,5
4860299216,4860357074,12,40.0,5
4860357074,275517751,12,40.0,5
275517751,13180411952,12,40.0,5
13180411952,674107139,12,40.0,5
674107139,275517752,12,40.0,5
275517752,6630965173,12,40.0,5
6630965173,670306395,12,40.0,5
670306395,275517754,12,40.0,5
275517754,6630965167,12,40.0,5
6630965167,13294103502,12,40.0,5
13294103502,275517755,12,40.0,5
275517755,6944480532,12,40.0,5
6944480532,275517756,12,40.0,5
275517756,6630965165,12,40.0,5
6630965165,670306407,12,40.0,5
670306407,275517759,12,40.0,5
275517759,670306408,12,40.0,5
670306408,275517768,12,40.0,5
275517768,622290259,12,40.0,5
622290259,670306378,12,40.0,5
670306378,275517777,12,40.0,5
275517777,275517781,12,40.0,5
275517781,6626986848,12,40.0,5
6626986848,674105575,12,40.0,5
674105575,6626986846,12,40.0,5
6626986846,275517786,12,40.0,5
275517786,674105566,12,40.0,5
674105566,275517793,12,40.0,5
275517793,5309912297,12,40.0,5
5309912297,674105547,12,40.0,5
674105547,275517798,12,40.0,5
275517798,6626986836,12,40.0,5
6626986836,674102872,12,40.0,5
674102872,275517799,12,40.0,5
275517799,275517800,12,40.0,5
275517800,275517801,12,40.0,5
275517801,674105528,12,40.0,5
674105528,674102943,12,40.0,5
674102943,275517804,12,40.0,5
275517804,14142594907,12,40.0,5
14142594907,275517805,12,40.0,5
275517805,3867881330,12,40.0,5
3867881330,275517807,12,40.0,5
275517807,674090853,12,40.0,5
674090853,275517808,12,40.0,5
275517808,3867881331,12,40.0,5
3867881331,275517810,12,40.0,5
275517810,674105631,12,40.0,5
674105631,275517811,12,40.0,5
275517811,674090906,12,40.0,5
674090906,275517813,12,40.0,5
275517813,5309949773,12,40.0,5
5309949773,2083152304,12,40.0,5
2083152304,5309949775,12,40.0,5
5309949775,5309894324,12,40.0,5
5309894324,674090887,12,40.0,5
674090887,4191842576,12,40.0,5
4191842576,7436704679,12,40.0,5
7436704679,622290353,12,40.0,5
622290353,674090900,12,40.0,5
674090900,674090893,12,40.0,5
674090893,275517822,12,40.0,5
275517822,674090891,12,40.0,5
674090891,674077246,12,40.0,5
674077246,3783282574,12,40.0,5
3783282574,674077260,12,40.0,5
674077260,5309894351,12,40.0,5
5309894351,674077300,12,40.0,5
674077300,5656720368,12,40.0,5
5656720368,674077237,12,40.0,5
674077237,3354462985,12,40.0,5
3354462985,275517825,12,40.0,5
275517825,674077296,12,40.0,5
674077296,3354462989,12,40.0,5
3354462989,674077231,12,40.0,5
674077231,3354462968,12,40.0,5
3354462968,275517828,12,40.0,5
275517828,3354462970,12,40.0,5
3354462970,3354462964,12,40.0,5
3354462964,5309894375,12,40.0,5
5309894375,3354462969,12,40.0,5
3354462969,674077289,12,40.0,5
674077289,275517834,12,40.0,5
275517834,3354462978,12,40.0,5
3354462978,3354462962,12,40.0,5
3354462962,674077280,12,40.0,5
674077280,275517837,12,40.0,5
275517837,275517838,12,40.0,5
275517838,674077273,12,40.0,5
674077273,2102376898,12,40.0,5
2102376898,674077313,12,40.0,5
674077313,619152557,12,40.0,5
619152557,619152561,12,40.0,5
619152561,6947814999,12,40.0,5
6947814999,3593201035,12,40.0,5
3593201035,4944695150,12,40.0,5
4944695150,3593201039,12,40.0,5
3593201039,619152185,12,40.0,5
619152185,674077302,12,40.0,5
674077302,674065949,12,40.0,5
674065949,3562435104,12,40.0,5
3562435104,618516335,12,40.0,5
618516335,618516334,12,40.0,5
618516334,618516333,12,40.0,5
618516333,663702782,12,40.0,5
663702782,635166136,12,40.0,5
635166136,618516332,12,40.0,5
618516332,618516331,12,40.0,5
618516331,6260657492,12,40.0,5
6260657492,618516330,12,40.0,5
618516330,618516329,12,40.0,5
618516329,635166240,12,40.0,5
635166240,618516325,12,40.0,5
618516325,9918517205,12,40.0,5
9918517205,1912464522,12,40.0,5
1912464522,1912464464,12,40.0,5
1912464464,6230885402,12,40.0,5
6230885402,4692169603,12,40.0,5
4692169603,4692169602,12,40.0,5
4692169602,4692169608,12,40.0,5
4692169608,10779928492,12,40.0,5
10779928492,10779928491,12,40.0,5
10779928491,10779928490,12,40.0,5
10779928490,4692169599,12,40.0,5
4692169599,10779928489,12,40.0,5
10779928489,6230829247,12,40.0,5
6230829247,10779928488,12,40.0,5
10779928488,10779928487,12,40.0,5
10779928487,5340842251,12,40.0,5
5340842251,10779928486,12,40.0,5
10779928486,10779928485,12,40.0,5
10779928485,4692169592,12,40.0,5
4692169592,4692166488,12,40.0,5
4692166488,10779928484,12,40.0,5
10779928484,10779928483,12,40.0,5
10779928483,7625469740,12,40.0,5
7625469740,10779928482,12,40.0,5
10779928482,10779928481,12,40.0,5
10779928481,7625469742,12,40.0,5
7625469742,10779928480,12,40.0,5
10779928480,10779928479,12,40.0,5
10779928479,4692169611,12,40.0,5
4692169611,4692166484,12,40.0,5
4692166484,10779928478,12,40.0,5
10779928478,10779928477,12,40.0,5
10779928477,10779928475,12,40.0,5
10779928475,10779928476,12,40.0,5
10779928476,7625469739,12,40.0,5
7625469739,10779928474,12,40.0,5
10779928474,7625469738,12,40.0,5
674059430,4180065225,12,40.0,5
4180065225,674059431,12,40.0,5
674059431,673996054,12,40.0,5
673996054,6991301227,12,40.0,5
6991301227,2034206238,12,40.0,5
2034206238,13728005228,12,40.0,5
13728005228,269351938,12,40.0,5
269351938,662305991,12,40.0,5
662305991,11621884701,12,40.0,5
11621884701,642971783,12,40.0,5
642971783,191815412,12,40.0,5
191815412,253727545,12,40.0,5
253727545,191815341,12,40.0,5
191815341,191815255,12,40.0,5
191815255,13695447819,12,40.0,5
13695447819,1128192988,12,40.0,5
1128192988,191815143,12,40.0,5
191815143,3993575752,12,40.0,5
3993575752,9740502121,12,40.0,5
9740502121,191814043,12,40.0,5
3803480402,672591931,12,40.0,5
5635165610,5635165607,12,40.0,5
5635165607,5635165605,12,40.0,5
5635165605,5635165604,12,40.0,5
5635165604,674944023,12,40.0,5
674944023,1737490134,12,40.0,5
1737490134,1737490132,12,40.0,5
1737490132,670245668,12,40.0,5
275520231,1128193683,12,40.0,5
1128193683,2476844362,12,40.0,5
2476844362,6549195457,12,40.0,5
6549195457,5377719210,12,40.0,5
5377719210,2476842884,12,40.0,5
2476842884,275520196,12,40.0,5
275520196,681218024,12,40.0,5
681218024,5377721488,12,40.0,5
5377721488,670259212,12,40.0,5
670259212,4860282196,12,40.0,5
4860282196,2476826343,12,40.0,5
2476826343,4860282194,12,40.0,5
4860282194,670259211,12,40.0,5
670259211,681218167,12,40.0,5
681218167,4860282191,12,40.0,5
4860282191,670259198,12,40.0,5
670259198,670259200,12,40.0,5
670259200,681219701,12,40.0,5
681219701,4860282170,12,40.0,5
4860282170,4860282175,12,40.0,5
4860282175,4860282178,12,40.0,5
4860282178,4860282180,12,40.0,5
4860282180,4580840142,12,40.0,5
4580840142,11959575856,12,40.0,5
11959575856,11959575855,12,40.0,5
11959575855,11959575862,12,40.0,5
11959575862,11959575858,12,40.0,5
11959575858,11959575863,12,40.0,5
11959575863,11959629975,12,40.0,5
11959629975,11959575864,12,40.0,5
11959575864,11959575865,12,40.0,5
11959575865,11959575866,12,40.0,5
11959575866,11959575867,12,40.0,5
11959575867,11959575852,12,40.0,5
11959575852,11959575853,12,40.0,5
11959575853,11959629974,12,40.0,5
1839468691,268931546,12,40.0,5
268931546,268931548,12,40.0,5
268931548,268931533,12,40.0,5
268931533,268931530,12,40.0,5
268931530,2527545816,12,40.0,5
2527545816,7191519957,12,40.0,5
7191519957,268931523,12,40.0,5
268931523,2527545820,12,40.0,5
2527545820,2527545819,12,40.0,5
2527545819,268931512,12,40.0,5
268931512,268931508,12,40.0,5
268931508,7191519959,12,40.0,5
7191519959,268931503,12,40.0,5
268931503,7191519961,12,40.0,5
642970368,1985244119,12,40.0,5
1985244119,642970396,12,40.0,5
642970396,6487553311,12,40.0,5
6487553311,670285108,12,40.0,5
670285108,2527545828,12,40.0,5
2527545828,2527545829,12,40.0,5
2527545829,642970400,12,40.0,5
642970400,642970401,12,40.0,5
642970401,670285103,12,40.0,5
670285103,6945545899,12,40.0,5
6945545899,6945545891,12,40.0,5
6945545891,642970403,12,40.0,5
642970403,4191843769,12,40.0,5
4191843769,4191843768,12,40.0,5
4191843768,4191843767,12,40.0,5
4191843767,4191843766,12,40.0,5
4191843766,14206002326,12,40.0,5
679010374,5042555975,12,40.0,5
5042555975,679010372,12,40.0,5
679010372,679010373,12,40.0,5
679010373,1128193410,12,40.0,5
1128193410,672789725,12,40.0,5
672789725,672790064,12,40.0,5
672790064,5042554774,12,40.0,5
5042554774,5042554772,12,40.0,5
5042554772,672790066,12,40.0,5
672790066,672789726,12,40.0,5
672789726,5272778239,12,40.0,5
5272778239,5042554766,12,40.0,5
5042554766,5042554770,12,40.0,5
5042554770,5272778242,12,40.0,5
5272778242,5205505667,12,40.0,5
5205505667,4177464785,12,40.0,5
4177464785,672789768,12,40.0,5
672789768,621809106,12,40.0,5
621809106,3648987776,12,40.0,5
3648987776,621809101,12,40.0,5
621809101,3648987760,12,40.0,5
3648987760,6289295051,12,40.0,5
6289295051,10125040151,12,40.0,5
10125040151,5272770101,12,40.0,5
3774705980,3774705981,12,40.0,5
4191853175,4191853176,12,40.0,5
4191853176,268931537,12,40.0,5
268931537,1971919150,12,40.0,5
1971919150,1971919154,12,40.0,5
1971919154,8777321784,12,40.0,5
8777321784,4860287699,12,40.0,5
4860287699,618771321,12,40.0,5
618771321,11959629970,12,40.0,5
11959629970,11959575852,12,40.0,5
11959575852,11959629969,12,40.0,5
11959629969,11959575868,12,40.0,5
11959575868,11959575840,12,40.0,5
11959575840,2619372954,12,40.0,5
2619372954,252537953,12,40.0,5
252537953,2527552703,12,40.0,5
2527552703,642959711,12,40.0,5
642959711,4860279711,12,40.0,5
4860279711,2619372956,12,40.0,5
2619372956,3713376149,12,40.0,5
3713376149,3713376150,12,40.0,5
3713376150,10198940955,12,40.0,5
10198940955,252537955,12,40.0,5
252537955,4860287692,12,40.0,5
4860287692,10198940944,12,40.0,5
10198940944,252537956,12,40.0,5
252537956,670259208,12,40.0,5
670259208,3713376151,12,40.0,5
3713376151,3713376161,12,40.0,5
3713376161,252537957,12,40.0,5
252537957,670259205,12,40.0,5
670259205,252537958,12,40.0,5
252537958,4860287690,12,40.0,5
4860287690,5200965991,12,40.0,5
5200965991,4860287691,12,40.0,5
4860287691,252537959,12,40.0,5
252537959,252537960,12,40.0,5
252537960,10198940942,12,40.0,5
10198940942,252537961,12,40.0,5
252537961,3713376153,12,40.0,5
3713376153,2444245612,12,40.0,5
2444245612,3713376155,12,40.0,5
3713376155,252537962,12,40.0,5
252537962,670258819,12,40.0,5
670258819,3713376126,12,40.0,5
3713376126,2527558710,12,40.0,5
2527558710,252537964,12,40.0,5
252537964,5572784728,12,40.0,5
5572784728,252537965,12,40.0,5
252537965,6661830273,12,40.0,5
6661830273,3702135223,12,40.0,5
3702135223,14239787345,12,40.0,5
14239787345,252537966,12,40.0,5
252537966,3702135222,12,40.0,5
3702135222,252537967,12,40.0,5
252537967,3713376125,12,40.0,5
3713376125,1152310220,12,40.0,5
1152310220,3702135221,12,40.0,5
3702135221,3702142135,12,40.0,5
3702142135,4281376695,12,40.0,5
4281376695,3702135220,12,40.0,5
3702135220,3702142141,12,40.0,5
3702142141,3702142150,12,40.0,5
7037743641,7037743615,12,40.0,5
7037743615,7037743640,12,40.0,5
7037743640,7037743611,12,40.0,5
7037743611,1676479570,12,40.0,5
1676479570,2394776220,12,40.0,5
2394776220,1676479568,12,40.0,5
1676479568,10096768658,12,40.0,5
10096768658,127660840,12,40.0,5
127660840,9963269016,12,40.0,5
9963269016,10264696072,12,40.0,5
10264696072,2083152230,12,40.0,5
2083152230,4011680781,12,40.0,5
4011680781,4011686942,12,40.0,5
4011686942,9748084476,12,40.0,5
9748084476,6260211179,12,40.0,5
6260211180,1683204279,12,40.0,5
1683204279,9737068319,12,40.0,5
9737068319,9737068320,12,40.0,5
9737068320,9737068321,12,40.0,5
9737068321,1676479569,12,40.0,5
3742213226,10208452733,12,40.0,5
10208452733,3742213225,12,40.0,5
3742213225,6517630402,12,40.0,5
6517630402,678343035,12,40.0,5
678343035,13673292333,12,40.0,5
13673292333,678343144,12,40.0,5
4324725034,4324724858,12,40.0,5
4324724858,667775972,12,40.0,5
667775972,667775953,12,40.0,5
667775953,667775975,12,40.0,5
667775975,644618519,12,40.0,5
644618519,4061963549,12,40.0,5
4061963549,10660932982,12,40.0,5
10660932982,10660932981,12,40.0,5
268931740,268931736,12,40.0,5
268931736,268931735,12,40.0,5
268931735,13581776972,12,40.0,5
13581776972,4329792384,12,40.0,5
4329792384,13581788006,12,40.0,5
13581788006,13683858308,12,40.0,5
13683858308,6658849336,12,40.0,5
6658849336,13684016493,12,40.0,5
13684016493,6658849332,12,40.0,5
6658849332,13684016497,12,40.0,5
13684016497,60797501,12,40.0,5
60797501,13684016498,12,40.0,5
13684016498,60796641,12,40.0,5
3073783906,3073783904,12,40.0,5
3073783904,3073783903,12,40.0,5
3073783903,13680749342,12,40.0,5
13680749342,13676680284,12,40.0,5
13676680284,11572169113,12,40.0,5
11572169113,13680749341,12,40.0,5
13680749341,3073783902,12,40.0,5
3073783902,13676744672,12,40.0,5
13676744672,13680648358,12,40.0,5
13680648358,13680648359,12,40.0,5
13680648359,13680648360,12,40.0,5
13680648360,13680648361,12,40.0,5
13680648361,13680648362,12,40.0,5
13680648362,13680648363,12,40.0,5
13680648363,13680648364,12,40.0,5
13680648364,13680648365,12,40.0,5
13680648365,13680648366,12,40.0,5
13680648366,13680648367,12,40.0,5
13680648367,13680648368,12,40.0,5
13680648368,13680648369,12,40.0,5
13680648369,13702559836,12,40.0,5
13702559836,13702559835,12,40.0,5
13702559835,13702559834,12,40.0,5
13702559834,13702559833,12,40.0,5
13702559833,13702559832,12,40.0,5
13702559832,13702559831,12,40.0,5
667277611,667277653,12,40.0,5
127657790,679004916,12,40.0,5
679004916,679004918,12,40.0,5
679004918,5635884189,12,40.0,5
5635884189,13683818557,12,40.0,5
13683818557,2407680843,12,40.0,5
2407680843,3964854161,12,40.0,5
3964854161,9415532347,12,40.0,5
9415532347,5635884169,12,40.0,5
5635884169,5635884168,12,40.0,5
13695902295,644610767,12,40.0,5
644610767,262607616,12,40.0,5
262607616,191815063,12,40.0,5
191815063,644610766,12,40.0,5
644610766,13701084907,12,40.0,5
13701084907,3085648485,12,40.0,5
3085648485,1128188331,12,40.0,5
1128188331,5404429600,12,40.0,5
5404429600,1128191608,12,40.0,5
1128191608,637603507,12,40.0,5
637603507,13698397484,12,40.0,5
13698397484,13698397485,12,40.0,5
13698397485,13698397486,12,40.0,5
13698397486,62783063,12,40.0,5
12099805190,12704823108,12,40.0,5
12704823108,12704823107,12,40.0,5
12704823107,12704823106,12,40.0,5
12704823106,12704823105,12,40.0,5
12704823105,12704823104,12,40.0,5
12704823104,12704823101,12,40.0,5
12704823101,12704823103,12,40.0,5
12704823103,12704823102,12,40.0,5
673924830,5567198352,12,40.0,5
5567198352,5567198353,12,40.0,5
5567198353,673925106,12,40.0,5
673925106,7159996224,12,40.0,5
7159996224,2122159466,12,40.0,5
2122159466,673925107,12,40.0,5
673925107,5567198349,12,40.0,5
5567198349,5567198346,12,40.0,5
5567198346,5567198345,12,40.0,5
5567198345,673925109,12,40.0,5
619026906,10771363395,12,40.0,5
10771363395,10771363401,12,40.0,5
7037743607,127660889,12,40.0,5
127660889,672802242,12,40.0,5
672802242,619035575,12,40.0,5
667238801,637453268,12,40.0,5
618312087,1912418404,12,40.0,5
127660923,672807090,12,40.0,5
672807090,5131331975,12,40.0,5
5131331975,619120685,12,40.0,5
619120685,10209524790,12,40.0,5
10209524790,619120686,12,40.0,5
619120686,635164782,12,40.0,5
635164782,672802172,12,40.0,5
672802172,5042687134,12,40.0,5
5042687134,672802173,12,40.0,5
672802173,5042687135,12,40.0,5
5042687135,1863871425,12,40.0,5
1863871425,672802175,12,40.0,5
672802175,5042598572,12,40.0,5
5042598572,5118046326,12,40.0,5
5118046326,5118046325,12,40.0,5
599131273,599131275,12,40.0,5
13698221594,13698221593,12,40.0,5
13698221593,13698221589,12,40.0,5
13698221589,13698221590,12,40.0,5
13698221590,13698221591,12,40.0,5
268931360,268931359,12,40.0,5
268931359,268931357,12,40.0,5
268931357,5065217520,12,40.0,5
5065217520,268931355,12,40.0,5
268931355,268931353,12,40.0,5
9112065870,9112065869,12,40.0,5
2094344649,644608069,12,40.0,5
644608069,3942440107,12,40.0,5
3942440107,13202665723,12,40.0,5
13202665723,644608102,12,40.0,5
644608102,644608103,12,40.0,5
644608103,644608107,12,40.0,5
644608107,403874932,12,40.0,5
1985256189,1985256181,12,40.0,5
642994686,129616265,12,40.0,5
129616265,129616308,12,40.0,5
129616308,2093089715,12,40.0,5
2093089715,666903871,12,40.0,5
666903871,3774704425,12,40.0,5
3774704425,674571200,12,40.0,5
674571200,11274004679,12,40.0,5
11274004679,129616314,12,40.0,5
129616314,7434299460,12,40.0,5
7434299460,9943586006,12,40.0,5
9943586006,3772759794,12,40.0,5
3772759794,667237441,12,40.0,5
667237441,667237442,12,40.0,5
667237442,5567198330,12,40.0,5
5567198330,667237443,12,40.0,5
667237443,1593195444,12,40.0,5
1593195444,3772759792,12,40.0,5
3772759792,3774706066,12,40.0,5
3774706066,5567198323,12,40.0,5
5567198323,667237446,12,40.0,5
667237446,667237447,12,40.0,5
667237447,3774706064,12,40.0,5
3774706064,5567198324,12,40.0,5
5567198324,667237449,12,40.0,5
667237449,3774706069,12,40.0,5
3774706069,3772759788,12,40.0,5
3772759788,667237450,12,40.0,5
667237450,667237481,12,40.0,5
667237481,1593195421,12,40.0,5
1593195421,3772759785,12,40.0,5
3772759785,667237479,12,40.0,5
667237479,667237477,12,40.0,5
667237477,3772759784,12,40.0,5
3772759784,667237475,12,40.0,5
667237475,3785775643,12,40.0,5
3785775643,3774706077,12,40.0,5
3774706077,667237474,12,40.0,5
667237474,13149604064,12,40.0,5
13149604064,13149604062,12,40.0,5
13149604062,150994711,12,40.0,5
150994711,13149604061,12,40.0,5
13149604061,3774491763,12,40.0,5
3774491763,3772759781,12,40.0,5
3772759781,3774491766,12,40.0,5
3774491766,676008059,12,40.0,5
676008059,676008037,12,40.0,5
676008037,150994708,12,40.0,5
150994708,3772792816,12,40.0,5
3772792816,3772792808,12,40.0,5
3772792808,673953664,12,40.0,5
673953664,5544614350,12,40.0,5
5544614350,673953677,12,40.0,5
673953677,3772775338,12,40.0,5
3772775338,3772775337,12,40.0,5
3772775337,3773066617,12,40.0,5
3773066617,3772775336,12,40.0,5
3772775336,10209285410,12,40.0,5
10209285410,10209285411,12,40.0,5
10209285411,10209285412,12,40.0,5
10266749659,1131862364,12,40.0,5
1131862364,681977743,12,40.0,5
681872145,681871970,12,40.0,5
681871970,681871955,12,40.0,5
679007194,2409600776,12,40.0,5
678592126,678592128,12,40.0,5
678592128,678592129,12,40.0,5
129616344,666903889,12,40.0,5
666903889,666903890,12,40.0,5
666903890,666903891,12,40.0,5
666903891,666903892,12,40.0,5
666903892,666903894,12,40.0,5
666903894,666903896,12,40.0,5
666903896,666903897,12,40.0,5
666903897,11540549715,12,40.0,5
11540549715,3774706013,12,40.0,5
3774706013,3774706011,12,40.0,5
3774706011,666903898,12,40.0,5
666903898,666903867,12,40.0,5
666903867,666903899,12,40.0,5
666903899,666903888,12,40.0,5
3324646641,3324646640,12,40.0,5
3324646640,3324646629,12,40.0,5
3324646629,3324646638,12,40.0,5
3324646638,4198569201,12,40.0,5
620403350,3774751830,12,40.0,5
3774751830,3774751829,12,40.0,5
9243218761,9243218789,12,40.0,5
9243218789,9243218769,12,40.0,5
2015171175,13675281399,12,40.0,5
13675281399,5216959951,12,40.0,5
5216959951,3803003711,12,40.0,5
3803003711,5652409181,12,40.0,5
5652409181,675967523,12,40.0,5
675967523,3803003718,12,40.0,5
3803003718,13665468271,12,40.0,5
13665468271,1434072706,12,40.0,5
1274137038,9824751926,12,40.0,5
9824751926,13673566348,12,40.0,5
13673566348,620384458,12,40.0,5
620384458,620384457,12,40.0,5
620384457,9733709564,12,40.0,5
9733709564,675967437,12,40.0,5
675967437,319877252,12,40.0,5
679004915,679004916,12,40.0,5
679004916,127657790,12,40.0,5
599132989,9733709563,12,40.0,5
4181858692,4077044416,12,40.0,5
4077044416,9918525560,12,40.0,5
9918525560,4077044415,12,40.0,5
4077044415,673075480,12,40.0,5
673075480,4077044423,12,40.0,5
4077044423,673075478,12,40.0,5
673075478,673075474,12,40.0,5
673075474,4879920437,12,40.0,5
4879920437,673075471,12,40.0,5
673075471,673075512,12,40.0,5
673075512,4077044436,12,40.0,5
4077044436,673075523,12,40.0,5
673075523,250731005,12,40.0,5
626494152,626494153,12,40.0,5
626494153,3354645178,12,40.0,5
3354645178,250731023,12,40.0,5
250731023,3354645312,12,40.0,5
3354645312,673066192,12,40.0,5
673066192,5309894415,12,40.0,5
5309894415,673066207,12,40.0,5
673066207,3354645298,12,40.0,5
3354645298,3354645324,12,40.0,5
3354645324,639689187,12,40.0,5
639689187,5309894427,12,40.0,5
5309894427,2527564188,12,40.0,5
2527564188,5490286088,12,40.0,5
5490286088,3354645192,12,40.0,5
3354645192,1144959782,12,40.0,5
1144959782,4180058599,12,40.0,5
4180058599,3354645180,12,40.0,5
3354645180,5309894420,12,40.0,5
5309894420,2527564187,12,40.0,5
2527564187,3354645301,12,40.0,5
3354645301,1144959889,12,40.0,5
1144959889,3354645314,12,40.0,5
3354645314,3354645318,12,40.0,5
3354645318,621804993,12,40.0,5
618530947,5340854085,12,40.0,5
5340854085,1673532926,12,40.0,5
1673532926,14237926028,12,40.0,5
14237926028,14237926031,12,40.0,5
14237926031,14237926032,12,40.0,5
14237926032,618530944,12,40.0,5
618530944,5340854080,12,40.0,5
5340854080,618530943,12,40.0,5
618530943,5340860659,12,40.0,5
5340860659,618530941,12,40.0,5
618530941,618530940,12,40.0,5
618530940,683784046,12,40.0,5
683784046,618530939,12,40.0,5
618530939,12830317438,12,40.0,5
12830317438,683784060,12,40.0,5
683784060,618530936,12,40.0,5
618530936,5340860640,12,40.0,5
5340860640,3891764679,12,40.0,5
3891764679,3891764680,12,40.0,5
3891764680,662383567,12,40.0,5
662383567,662383802,12,40.0,5
3152507940,3152504905,12,40.0,5
10089844686,10660932931,12,40.0,5
10660932931,10089844685,12,40.0,5
10089844685,5510037836,12,40.0,5
5510037836,653453153,12,40.0,5
653453153,13684016490,12,40.0,5
13684016490,11175787424,12,40.0,5
11175787424,653453157,12,40.0,5
653453157,653453156,12,40.0,5
653453156,13684016489,12,40.0,5
13684016489,3343688203,12,40.0,5
3343688203,653453155,12,40.0,5
653453155,653453154,12,40.0,5
673953644,9785211149,12,40.0,5
9785211149,9785211147,12,40.0,5
9785211147,9785211148,12,40.0,5
9785211148,673953645,12,40.0,5
673953645,3773066618,12,40.0,5
3773066618,3773066619,12,40.0,5
3773066619,3773066620,12,40.0,5
3773066620,3773066621,12,40.0,5
3773066621,3773066622,12,40.0,5
3773066622,673953684,12,40.0,5
673953684,9785211142,12,40.0,5
9785211142,5530486804,12,40.0,5
5530486804,9785211154,12,40.0,5
9785211154,4645587119,12,40.0,5
4645587119,206595246,12,40.0,5
206595246,5530403358,12,40.0,5
5530403358,5530403172,12,40.0,5
5530403172,3772792788,12,40.0,5
3772792788,6667981004,12,40.0,5
6667981004,620401972,12,40.0,5
620401972,206595296,12,40.0,5
206595296,3772792789,12,40.0,5
3772792789,3772792790,12,40.0,5
3772792790,206595133,12,40.0,5
206595133,1534165259,12,40.0,5
1534165259,3785753674,12,40.0,5
3785753674,11443154220,12,40.0,5
11443154220,3772792791,12,40.0,5
3772792791,11516575816,12,40.0,5
11516575816,11516575814,12,40.0,5
11516575814,678592140,12,40.0,5
678592140,4645587120,12,40.0,5
4645587120,4645587121,12,40.0,5
4645587121,3800084578,12,40.0,5
3800084578,5529923416,12,40.0,5
5529923416,3772792792,12,40.0,5
3772792792,5529923397,12,40.0,5
5529923397,206595373,12,40.0,5
206595373,3772792793,12,40.0,5
3772792793,5529923415,12,40.0,5
5529923415,3401480490,12,40.0,5
3401480490,4645587122,12,40.0,5
4645587122,206595326,12,40.0,5
206595326,4645587123,12,40.0,5
4645587123,3772792794,12,40.0,5
3772792794,206595351,12,40.0,5
206595351,3772792795,12,40.0,5
3772792795,3772792796,12,40.0,5
3772792796,2160926481,12,40.0,5
2160926481,206595498,12,40.0,5
206595498,620402059,12,40.0,5
620402059,2160926478,12,40.0,5
2160926478,2160926479,12,40.0,5
2160926479,206595435,12,40.0,5
206595435,206595463,12,40.0,5
6206852970,6206852971,12,40.0,5
6206852971,6206852972,12,40.0,5
6206852972,653109538,12,40.0,5
653109538,3764722066,12,40.0,5
3764722066,9626413727,12,40.0,5
9626413727,9460815106,12,40.0,5
9460815106,9460815107,12,40.0,5
9460815107,3764721073,12,40.0,5
9460815098,9626413728,12,40.0,5
9626413728,3164317406,12,40.0,5
3164317406,3164317408,12,40.0,5
3164317408,653109536,12,40.0,5
653109536,599137123,12,40.0,5
599137123,666881341,12,40.0,5
666881341,2160901118,12,40.0,5
2160901118,2160901122,12,40.0,5
2160901122,666881185,12,40.0,5
666881185,13676159119,12,40.0,5
13676159119,13676159167,12,40.0,5
13676159167,599137134,12,40.0,5
599137134,599137132,12,40.0,5
599137132,10137897162,12,40.0,5
10137897162,270333358,12,40.0,5
270333358,13673101079,12,40.0,5
13673101079,13673061455,12,40.0,5
13673061455,653109542,12,40.0,5
653109542,13655160274,12,40.0,5
13655160274,10142973545,12,40.0,5
3822163593,10112825437,12,40.0,5
10112825437,7085695405,12,40.0,5
7085695405,5583059999,12,40.0,5
5583059999,5583060000,12,40.0,5
5583060000,5583060001,12,40.0,5
5583060001,5583059994,12,40.0,5
5583059994,5583060002,12,40.0,5
5583060002,5583060003,12,40.0,5
5583060003,5583059998,12,40.0,5
5583059998,5583059997,12,40.0,5
5583059997,5583059996,12,40.0,5
5583059996,5583059995,12,40.0,5
5583059995,1683120293,12,40.0,5
1683120293,1683120295,12,40.0,5
1683120295,10303953545,12,40.0,5
10303953545,10565943964,12,40.0,5
10565943964,10565943965,12,40.0,5
10565943965,1683120297,12,40.0,5
1683120297,1683120308,12,40.0,5
1683120308,10303953544,12,40.0,5
10303953544,10565943966,12,40.0,5
10565943966,10565943967,12,40.0,5
10565943967,10565943968,12,40.0,5
10565943968,1683120303,12,40.0,5
1683120303,1144959876,12,40.0,5
1144959876,643015442,12,40.0,5
643015442,643015445,12,40.0,5
643015445,643015489,12,40.0,5
643015489,11987359771,12,40.0,5
11987359771,11987359769,12,40.0,5
11987359769,11987359770,12,40.0,5
11987359770,667236897,12,40.0,5
667236897,12813942542,12,40.0,5
12813942542,667236884,12,40.0,5
667236884,667236885,12,40.0,5
667236885,667236886,12,40.0,5
667236886,5184781978,12,40.0,5
5184781978,667236887,12,40.0,5
667236887,5184781979,12,40.0,5
5184781979,11987335163,12,40.0,5
11987335163,11987335162,12,40.0,5
11987335162,5184781980,12,40.0,5
5184781980,643015499,12,40.0,5
643015499,11987335159,12,40.0,5
11987335159,11987335161,12,40.0,5
11987335161,11987335160,12,40.0,5
11987335160,1144959911,12,40.0,5
1144959911,643015507,12,40.0,5
643015507,11987335157,12,40.0,5
11987335157,11987335158,12,40.0,5
11987335158,11987335156,12,40.0,5
8791800924,8791800923,12,40.0,5
8791800923,8791800921,12,40.0,5
8791800921,1138077837,12,40.0,5
1138077837,8791800920,12,40.0,5
8791800920,8791800941,12,40.0,5
8791800941,8791800978,12,40.0,5
8791800978,4980186153,12,40.0,5
4980186153,8791800423,12,40.0,5
8791800423,4980186154,12,40.0,5
4980186154,4980186155,12,40.0,5
4980186155,2091831370,12,40.0,5
2091831370,2091831384,12,40.0,5
2091831384,2375440705,12,40.0,5
2375440705,2091831374,12,40.0,5
2091831374,2091831361,12,40.0,5
2091831361,2091831354,12,40.0,5
2091831354,2091831375,12,40.0,5
2091831375,2131864628,12,40.0,5
653145978,2304486093,12,40.0,5
2304486093,2304486091,12,40.0,5
2304486091,2304486099,12,40.0,5
2304486099,2304486094,12,40.0,5
2304486094,2304486096,12,40.0,5
2304486096,9075697853,12,40.0,5
9075697859,2320511893,12,40.0,5
2320511893,2320511890,12,40.0,5
2320511890,2320511880,12,40.0,5
2320511880,2320511882,12,40.0,5
2320511882,2320511889,12,40.0,5
2320511889,10768652476,12,40.0,5
10768652476,2320511891,12,40.0,5
3136316333,6475797198,12,40.0,5
6475797198,4027974794,12,40.0,5
4027974794,3136316336,12,40.0,5
3136316336,10555850730,12,40.0,5
10555850730,5179507947,12,40.0,5
5179507947,3136316335,12,40.0,5
3799736775,5785426878,12,40.0,5
5785426878,3799736772,12,40.0,5
637478369,637478140,12,40.0,5
637478140,10046834605,12,40.0,5
10046834605,9817525836,12,40.0,5
9817525836,637478183,12,40.0,5
1307347927,10125040154,12,40.0,5
10125040154,2385423367,12,40.0,5
2385423367,1235777072,12,40.0,5
1235777072,9462080181,12,40.0,5
9462080181,60796645,12,40.0,5
60796645,10125040155,12,40.0,5
10125040155,5626805939,12,40.0,5
5626805939,5375536073,12,40.0,5
5375536073,5375536064,12,40.0,5
5375536064,206595627,12,40.0,5
206595627,259652390,12,40.0,5
259652390,13683858371,12,40.0,5
13683858371,2410567177,12,40.0,5
2410567177,679007192,12,40.0,5
679007192,2409502949,12,40.0,5
2409502949,6799514629,12,40.0,5
6799514629,11021721334,12,40.0,5
11021721334,11021721336,12,40.0,5
11021721336,3331716412,12,40.0,5
3331716412,11021721332,12,40.0,5
13679835509,13684137252,12,40.0,5
13684137252,681816487,12,40.0,5
681816487,13691923528,12,40.0,5
13691923528,653129381,12,40.0,5
653129381,13691923527,12,40.0,5
13691923527,681816456,12,40.0,5
681816456,681816416,12,40.0,5
681816416,13679835508,12,40.0,5
13679835508,618540126,12,40.0,5
618540126,10869997325,12,40.0,5
10869997325,618540264,12,40.0,5
618540264,3384020359,12,40.0,5
3384020359,618540267,12,40.0,5
618540267,618540269,12,40.0,5
618540269,682080938,12,40.0,5
682080938,682081011,12,40.0,5
682081011,2117504907,12,40.0,5
2117504907,13684883006,12,40.0,5
13684883006,2117504905,12,40.0,5
2131864627,2091855950,12,40.0,5
2091855950,4980010446,12,40.0,5
4980010446,14203922530,12,40.0,5
14203922530,403874789,12,40.0,5
403874789,4348909120,12,40.0,5
4348909120,403874788,12,40.0,5
403874788,5497997417,12,40.0,5
5497997417,3594520178,12,40.0,5
3594520178,403874787,12,40.0,5
403874787,4980010447,12,40.0,5
4980010447,3771725389,12,40.0,5
3771725389,5497997418,12,40.0,5
5497997418,3771725388,12,40.0,5
3771725388,5498014768,12,40.0,5
5498014768,683789981,12,40.0,5
683789969,6365304969,12,40.0,5
6365304969,11695975088,12,40.0,5
11695975088,11695975089,12,40.0,5
11695975089,6365304968,12,40.0,5
6365304968,11695975087,12,40.0,5
11695975087,11695975086,12,40.0,5
11695975086,11695975085,12,40.0,5
11695975085,683789967,12,40.0,5
683789967,6365304965,12,40.0,5
6365304965,11695975083,12,40.0,5
11695975083,11695975084,12,40.0,5
11695975084,4214787116,12,40.0,5
4214787116,11695975082,12,40.0,5
11695975082,4214787098,12,40.0,5
4214787098,683789971,12,40.0,5
683789971,1432228137,12,40.0,5
667755383,6394809268,12,40.0,5
6394809268,13673292326,12,40.0,5
13673292326,667755384,12,40.0,5
667755384,2154044165,12,40.0,5
2154044165,60796767,12,40.0,5
2091833873,2111968634,12,40.0,5
2111968634,2091833865,12,40.0,5
2091833865,403874792,12,40.0,5
403874792,403816178,12,40.0,5
403816178,2034260133,12,40.0,5
2034260133,403816177,12,40.0,5
403816177,4196790310,12,40.0,5
4196790310,403816175,12,40.0,5
403816175,3403158259,12,40.0,5
3403158259,4422642578,12,40.0,5
4422642578,2096703286,12,40.0,5
2096703286,5635831004,12,40.0,5
5635831004,5635830999,12,40.0,5
5635830999,2034260167,12,40.0,5
2034260167,3861729832,12,40.0,5
3861729832,5635831007,12,40.0,5
5635831007,2034260132,12,40.0,5
2034260132,5285388580,12,40.0,5
5285388580,5285388579,12,40.0,5
5285388579,14122538874,12,40.0,5
14122538874,14122538870,12,40.0,5
14122538870,14122538869,12,40.0,5
14122538869,14122538852,12,40.0,5
14122538852,14122538868,12,40.0,5
14237926013,4692153525,12,40.0,5
4692153525,14237926024,12,40.0,5
14237926024,14237926011,12,40.0,5
14237926011,618530970,12,40.0,5
618530970,5340854078,12,40.0,5
5340854078,618530947,12,40.0,5
2418775961,5782052644,12,40.0,5
5782052644,620382088,12,40.0,5
620382088,679004927,12,40.0,5
679004927,679004922,12,40.0,5
679004922,2419545247,12,40.0,5
2419545247,679004924,12,40.0,5
679004924,248608270,12,40.0,5
248608270,10682149771,12,40.0,5
10682149771,10682149773,12,40.0,5
1278079600,13680517451,12,40.0,5
13680517451,3164356592,12,40.0,5
3164356592,10255186891,12,40.0,5
10255186891,3343729530,12,40.0,5
3343729530,13699861379,12,40.0,5
13699861379,4047096091,12,40.0,5
4047096091,13680517309,12,40.0,5
13680517309,3645522556,12,40.0,5
3645522556,13699861374,12,40.0,5
13699861374,3747937098,12,40.0,5
3747937098,11172403461,12,40.0,5
11172403461,1278079619,12,40.0,5
1278079619,13680517386,12,40.0,5
13680517386,13692124489,12,40.0,5
13692124489,13692124495,12,40.0,5
13692124495,1280044911,12,40.0,5
1280044911,3645522558,12,40.0,5
3645522558,1307336317,12,40.0,5
6277534245,4197383649,12,40.0,5
4197383649,10047011657,12,40.0,5
10047011657,6277534253,12,40.0,5
6277534253,1346379037,12,40.0,5
1346379037,13680517456,12,40.0,5
13680517456,1307336321,12,40.0,5
1307336321,1278079604,12,40.0,5
1278079604,1280044917,12,40.0,5
6524681177,6524681171,12,40.0,5
6524681171,10185041604,12,40.0,5
10185041604,6524681173,12,40.0,5
6524681173,13673061493,12,40.0,5
13673061493,6524681178,12,40.0,5
6524681178,3164393669,12,40.0,5
3164393669,13697382922,12,40.0,5
13697382922,666852574,12,40.0,5
666852574,6524681180,12,40.0,5
6524681180,3993490675,12,40.0,5
9785175072,7456303103,12,40.0,5
7456303103,1535311354,12,40.0,5
1535311354,1535311360,12,40.0,5
1535311360,1535311332,12,40.0,5
1535311332,7456324791,12,40.0,5
7456324791,643015770,12,40.0,5
643015770,643015772,12,40.0,5
643015772,2083118600,12,40.0,5
2083118600,2385251643,12,40.0,5
2385251643,12983235796,12,40.0,5
12983235796,2160938197,12,40.0,5
2160938197,643015778,12,40.0,5
673882746,673882748,12,40.0,5
673882748,673882747,12,40.0,5
12504399326,12504399327,12,40.0,5
12504399327,12504399330,12,40.0,5
12504399330,12504363782,12,40.0,5
12504363782,12504363783,12,40.0,5
12504363783,12504363784,12,40.0,5
12504363784,12504363785,12,40.0,5
12504363785,696486419,12,40.0,5
696486419,4213529000,12,40.0,5
4213529000,696486424,12,40.0,5
3324643054,3324643055,12,40.0,5
3324643055,3324643050,12,40.0,5
3324643050,3324643056,12,40.0,5
3324643056,3324643060,12,40.0,5
3324643060,3324643052,12,40.0,5
9472244849,599132988,12,40.0,5
599132988,7168916354,12,40.0,5
7168916354,191792698,12,40.0,5
696486424,4213528918,12,40.0,5
4213528918,696486290,12,40.0,5
696486290,12099764555,12,40.0,5
12099764555,4213528944,12,40.0,5
4213528944,12504399129,12,40.0,5
12504399129,696486291,12,40.0,5
696486291,12504399130,12,40.0,5
12504399130,696486293,12,40.0,5
696486293,7774188690,12,40.0,5
7774188690,1147957838,12,40.0,5
1147957838,7774188689,12,40.0,5
7774188689,7774188688,12,40.0,5
7774188688,7774188686,12,40.0,5
7774188686,7774188685,12,40.0,5
7774188685,9785232668,12,40.0,5
9785232668,696486295,12,40.0,5
696486295,3324643867,12,40.0,5
3324643867,5285388589,12,40.0,5
5285388589,7774188691,12,40.0,5
12036170779,12036170780,12,40.0,5
12036170780,12036170781,12,40.0,5
12036170781,11578034509,12,40.0,5
252537806,10216158833,12,40.0,5
10216158833,13695412063,12,40.0,5
13695412063,252537807,12,40.0,5
252537807,10216158832,12,40.0,5
10216158832,4177495986,12,40.0,5
4177495986,4177493993,12,40.0,5
4177493993,252537808,12,40.0,5
252537808,10216158831,12,40.0,5
10216158831,4177494002,12,40.0,5
4177494002,4180045976,12,40.0,5
4180045976,252537809,12,40.0,5
252537809,4180045975,12,40.0,5
4180045975,644621600,12,40.0,5
644621600,674059403,12,40.0,5
674059403,674059423,12,40.0,5
674059423,13695412067,12,40.0,5
13695412067,674059424,12,40.0,5
674059424,13695412066,12,40.0,5
13695412066,252537811,12,40.0,5
252537811,1144959937,12,40.0,5
1144959937,2444061412,12,40.0,5
2444061412,10216158830,12,40.0,5
10216158830,4180042744,12,40.0,5
4180042744,10216158829,12,40.0,5
10216158829,13136690877,12,40.0,5
13136690877,4180042743,12,40.0,5
4180042743,4180042745,12,40.0,5
4180042745,275524670,12,40.0,5
275524670,5490514284,12,40.0,5
5490514284,10216158828,12,40.0,5
10216158828,4180044116,12,40.0,5
4180044116,4180054329,12,40.0,5
4180054329,639689208,12,40.0,5
639689208,4180035928,12,40.0,5
4180035928,252537815,12,40.0,5
252537815,13136690878,12,40.0,5
13136690878,679012519,12,40.0,5
679012519,6661635262,12,40.0,5
6661635262,256181178,12,40.0,5
256181178,4962837082,12,40.0,5
4962837082,10216158826,12,40.0,5
10216158826,672817127,12,40.0,5
639689279,3707449815,12,40.0,5
3707449815,3707449925,12,40.0,5
3707449925,1144959922,12,40.0,5
1144959922,252537942,12,40.0,5
252537942,3702128038,12,40.0,5
3702128038,252537800,12,40.0,5
670269058,670269044,12,40.0,5
670269044,6661830263,12,40.0,5
6661830263,642959667,12,40.0,5
642959667,252537801,12,40.0,5
252537801,4191853169,12,40.0,5
4191853169,670271570,12,40.0,5
670271570,670271556,12,40.0,5
670271556,670271564,12,40.0,5
670271564,670271563,12,40.0,5
670271563,670271562,12,40.0,5
670271562,670271567,12,40.0,5
670271567,670274066,12,40.0,5
670274066,670274065,12,40.0,5
10259065906,2444061419,12,40.0,5
2444061419,5216990505,12,40.0,5
5216990505,10259065895,12,40.0,5
10259065895,2444061421,12,40.0,5
250731031,7490547741,12,40.0,5
7490547741,4858063261,12,40.0,5
4858063261,3521474942,12,40.0,5
3521474942,7490547742,12,40.0,5
7490547742,252542262,12,40.0,5
252542262,672814582,12,40.0,5
672814582,10259065900,12,40.0,5
10259065900,4099996466,12,40.0,5
4099996466,10259065901,12,40.0,5
10259065901,1998285660,12,40.0,5
1998285660,644621602,12,40.0,5
644621602,672789713,12,40.0,5
672789713,1128190295,12,40.0,5
1128190295,6776549874,12,40.0,5
6776549874,7490547744,12,40.0,5
7490547744,7490547746,12,40.0,5
7490547746,5118046343,12,40.0,5
5118046343,252542259,12,40.0,5
252542259,13136710606,12,40.0,5
13136710606,5042552548,12,40.0,5
5042552548,266907982,12,40.0,5
266907982,5042552550,12,40.0,5
5042552550,266907981,12,40.0,5
266907981,621809147,12,40.0,5
621809147,621809145,12,40.0,5
621809145,621809143,12,40.0,5
621809143,5272778233,12,40.0,5
5272778233,621809139,12,40.0,5
621809139,621809137,12,40.0,5
621809137,621809134,12,40.0,5
621809134,621809133,12,40.0,5
621809133,621809130,12,40.0,5
621809130,672791513,12,40.0,5
672791513,679010365,12,40.0,5
679010365,621809126,12,40.0,5
621809126,621809123,12,40.0,5
621809123,621809121,12,40.0,5
621809121,621809119,12,40.0,5
621809119,621809117,12,40.0,5
621809117,5205505667,12,40.0,5
5272770101,3648987752,12,40.0,5
4513240966,4513240965,12,40.0,5
4513240965,4513240963,12,40.0,5
4513240963,191814403,12,40.0,5
191814403,13698236204,12,40.0,5
13698236204,2145055807,12,40.0,5
2145055807,667760319,12,40.0,5
667760319,667760317,12,40.0,5
667760317,667760315,12,40.0,5
667760315,3752466183,12,40.0,5
3752466183,13701084908,12,40.0,5
13701084908,191814497,12,40.0,5
191814497,667760313,12,40.0,5
667760313,1683204292,12,40.0,5
1683204292,191814591,12,40.0,5
191814591,191814680,12,40.0,5
10209263674,10209263675,12,40.0,5
10209263675,3785889464,12,40.0,5
3785889464,3785889465,12,40.0,5
3785889465,3774450462,12,40.0,5
3774450462,10209263665,12,40.0,5
10209263665,10209263664,12,40.0,5
10209263664,3774449948,12,40.0,5
3774449948,10209263666,12,40.0,5
10209263666,150994689,12,40.0,5
150994689,150994688,12,40.0,5
150994688,10209263667,12,40.0,5
10209263667,150994686,12,40.0,5
150994686,10209285406,12,40.0,5
10209285406,150994684,12,40.0,5
150994684,150994682,12,40.0,5
150994682,3774450464,12,40.0,5
3774450464,3285601444,12,40.0,5
3285601444,150994680,12,40.0,5
150994680,10209263692,12,40.0,5
10209263692,10209263689,12,40.0,5
10209263689,150994679,12,40.0,5
150994679,10209263686,12,40.0,5
10209263686,5105031061,12,40.0,5
5105031061,150994678,12,40.0,5
150994678,10209263684,12,40.0,5
10209263684,150994677,12,40.0,5
150994677,10209263680,12,40.0,5
10209263680,674682412,12,40.0,5
674682412,674682399,12,40.0,5
674682399,150994675,12,40.0,5
150994675,150994674,12,40.0,5
150994674,3774585403,12,40.0,5
3774585403,3774585405,12,40.0,5
3774585405,3774582616,12,40.0,5
3774582616,150994673,12,40.0,5
150994673,150994672,12,40.0,5
150994672,676008032,12,40.0,5
676008032,3772792816,12,40.0,5
3772792816,150994708,12,40.0,5
150994708,676008037,12,40.0,5
676008037,676008059,12,40.0,5
676008059,3774491766,12,40.0,5
3774491766,3772759781,12,40.0,5
3772759781,3774491763,12,40.0,5
3774491763,13149604061,12,40.0,5
13149604061,150994711,12,40.0,5
150994711,13149604062,12,40.0,5
13149604062,13149604064,12,40.0,5
13149604064,667237474,12,40.0,5
667237474,3774706077,12,40.0,5
10264115338,9547857711,12,40.0,5
9547901425,4010661375,12,40.0,5
4010661375,672613439,12,40.0,5
672613439,4985254043,12,40.0,5
4985254043,4985254042,12,40.0,5
4985254042,3742323081,12,40.0,5
3742323081,3742323084,12,40.0,5
3742323084,4985254052,12,40.0,5
4985254052,4985254051,12,40.0,5
4985254051,4985254050,12,40.0,5
4985254050,4985254049,12,40.0,5
11252459606,12951140439,12,40.0,5
12951140439,11252459605,12,40.0,5
11252459605,5357938674,12,40.0,5
5357938674,12951140441,12,40.0,5
12951140441,11252459603,12,40.0,5
11252459603,11252459602,12,40.0,5
11252459602,11252459601,12,40.0,5
11252459601,4980186143,12,40.0,5
4980186143,11252459633,12,40.0,5
11252459633,4980186145,12,40.0,5
4980186145,4980186146,12,40.0,5
4980186146,1480092672,12,40.0,5
1480092672,11252459629,12,40.0,5
11252459629,5194743799,12,40.0,5
5194743799,5340918900,12,40.0,5
5340918900,3192347708,12,40.0,5
3192347708,1480092694,12,40.0,5
1480092694,3192347674,12,40.0,5
3192347674,3192347677,12,40.0,5
3192347677,3192347702,12,40.0,5
3192347702,5250554647,12,40.0,5
5250554647,3192347692,12,40.0,5
3192347692,3192347705,12,40.0,5
3192347705,3192347675,12,40.0,5
3192347675,646892401,12,40.0,5
646892401,6991409887,12,40.0,5
6991409887,646892395,12,40.0,5
646892395,3192347722,12,40.0,5
3192347722,8502436782,12,40.0,5
8502436782,11563765033,12,40.0,5
11563765033,11563765034,12,40.0,5
11563765034,11563765035,12,40.0,5
11563765035,8502436786,12,40.0,5
8502436786,11563765036,12,40.0,5
11563765036,11563765037,12,40.0,5
11563765037,11563765038,12,40.0,5
11563765038,8502436789,12,40.0,5
8502436789,11563765039,12,40.0,5
11563765039,11563765040,12,40.0,5
11563765040,8502436792,12,40.0,5
8502436792,5292445091,12,40.0,5
5292445091,9824751931,12,40.0,5
9824751931,9824751932,12,40.0,5
9824751932,618543130,12,40.0,5
618543130,13684023319,12,40.0,5
13684023319,618543123,12,40.0,5
618543123,618543116,12,40.0,5
618543116,3800051506,12,40.0,5
3800051506,1128187477,12,40.0,5
1128187477,13683965537,12,40.0,5
13683965537,618543111,12,40.0,5
618543111,618543108,12,40.0,5
618543108,5292445087,12,40.0,5
5292445087,618543103,12,40.0,5
618543103,3891743778,12,40.0,5
3891743778,618543098,12,40.0,5
618543098,618543095,12,40.0,5
618543095,618543091,12,40.0,5
618543091,5590588295,12,40.0,5
5590588295,3166497494,12,40.0,5
3166497494,3166497493,12,40.0,5
3166497493,5590588309,12,40.0,5
5590588309,618543084,12,40.0,5
618543084,618543069,12,40.0,5
618543069,13712828141,12,40.0,5
13712828141,5590589724,12,40.0,5
5590589724,5590589725,12,40.0,5
5590589725,618543058,12,40.0,5
618543058,13684023320,12,40.0,5
13684023320,618543041,12,40.0,5
10660932992,10660932949,12,40.0,5
6658849336,13690351835,12,40.0,5
13690351835,13690351834,12,40.0,5
13690351834,6658849335,12,40.0,5
6658849335,6658849325,12,40.0,5
6658849325,6658849327,12,40.0,5
2681910812,13700922079,12,40.0,5
13700922079,2681910817,12,40.0,5
635111100,4478318113,12,40.0,5
4478318113,6258581054,12,40.0,5
6258581054,4478318112,12,40.0,5
4478318112,6258581057,12,40.0,5
6258581057,618096975,12,40.0,5
11289909430,619274968,12,40.0,5
619274968,6658661129,12,40.0,5
6658661129,6234353072,12,40.0,5
6234353072,6234353074,12,40.0,5
6234353074,13680648344,12,40.0,5
13680648344,6234353198,12,40.0,5
6234353191,11622362973,12,40.0,5
618531660,1432228156,12,40.0,5
1432228156,618531662,12,40.0,5
618531662,403874852,12,40.0,5
403874852,4348908942,12,40.0,5
4348908942,683788951,12,40.0,5
683788951,4348909094,12,40.0,5
4348909094,4348909090,12,40.0,5
4348909090,403874850,12,40.0,5
403874850,403874849,12,40.0,5
403874849,1432228153,12,40.0,5
1432228153,403874847,12,40.0,5
403874847,1432228149,12,40.0,5
1432228149,403874845,12,40.0,5
403874845,646917555,12,40.0,5
646917555,10168197336,12,40.0,5
10168197336,4348909098,12,40.0,5
4348909098,1432228140,12,40.0,5
1432228140,403874843,12,40.0,5
403874843,5006394428,12,40.0,5
5006394428,403874841,12,40.0,5
3774582626,3774582625,12,40.0,5
3774582625,3774582624,12,40.0,5
3774582624,3774582623,12,40.0,5
3774582623,3774582622,12,40.0,5
3774582622,1737485373,12,40.0,5
1737485373,7205827002,12,40.0,5
7205827002,678833338,12,40.0,5
619224226,2083191909,12,40.0,5
2083191909,1863416599,12,40.0,5
10046535185,13691672317,12,40.0,5
13691672317,13691672321,12,40.0,5
13691672321,13691672320,12,40.0,5
13691672320,13691672319,12,40.0,5
13691672319,13691672323,12,40.0,5
13691672323,13691672318,12,40.0,5
13691672318,13691672322,12,40.0,5
13691672322,10046535184,12,40.0,5
10046535184,10046535183,12,40.0,5
10046535183,10046535182,12,40.0,5
10046535182,1141692339,12,40.0,5
1141692339,1141692337,12,40.0,5
1141692337,3614059771,12,40.0,5
3614059771,13148858981,12,40.0,5
13015714540,13015714541,12,40.0,5
13015714541,13015714542,12,40.0,5
13015714542,13015714543,12,40.0,5
13015714543,13015714544,12,40.0,5
13015714544,13015714548,12,40.0,5
13015714548,13015714549,12,40.0,5
13015714549,13015714550,12,40.0,5
13015714550,13015714551,12,40.0,5
679751864,4197383667,12,40.0,5
4197383667,1684767707,12,40.0,5
1684767707,4197383670,12,40.0,5
4197383670,4197383668,12,40.0,5
4197383668,9465631024,12,40.0,5
9465631024,679751868,12,40.0,5
13680517128,10555850722,12,40.0,5
10555850722,5144542965,12,40.0,5
5144542965,61802774,12,40.0,5
61802774,3822140397,12,40.0,5
3822140397,6277534265,12,40.0,5
6277534265,6277534266,12,40.0,5
6277534266,637624617,12,40.0,5
654176566,969057655,12,40.0,5
969057655,240378550,12,40.0,5
6689144278,6689144262,12,40.0,5
6689144262,5904513411,12,40.0,5
5904513411,10260948469,12,40.0,5
10260948469,5904513412,12,40.0,5
5904513412,5904513432,12,40.0,5
5904513432,5904513393,12,40.0,5
5904513393,5904513392,12,40.0,5
5904513392,5904513391,12,40.0,5
5904513391,11135445520,12,40.0,5
11135445520,403816067,12,40.0,5
403816067,654172190,12,40.0,5
654172190,5904513482,12,40.0,5
5904513482,2095726275,12,40.0,5
2095726275,5904513481,12,40.0,5
5904513481,12543026767,12,40.0,5
12543026767,5904513471,12,40.0,5
5904513471,12543026768,12,40.0,5
12543026768,12543026769,12,40.0,5
12543026769,6970774707,12,40.0,5
6970774707,1475787289,12,40.0,5
1475787289,324700960,12,40.0,5
324700960,13676883761,12,40.0,5
13676883761,324700962,12,40.0,5
324700962,13676883762,12,40.0,5
13676883762,6553321220,12,40.0,5
6553321220,13676883760,12,40.0,5
13676883760,13676883759,12,40.0,5
13676883759,324700963,12,40.0,5
324700963,91032431,12,40.0,5
91032431,2394815246,12,40.0,5
2394815246,324702666,12,40.0,5
324702666,91031771,12,40.0,5
91031771,1252119243,12,40.0,5
1252119243,3073676026,12,40.0,5
3073676026,403816034,12,40.0,5
403816034,2342928348,12,40.0,5
2342928348,403816035,12,40.0,5
403816035,1252119151,12,40.0,5
1252119151,403816037,12,40.0,5
403816037,619260398,12,40.0,5
619260398,1252119150,12,40.0,5
1252119150,13676891376,12,40.0,5
13676891376,3073676027,12,40.0,5
3073676027,13676891377,12,40.0,5
13676891377,619259646,12,40.0,5
619259646,13676891372,12,40.0,5
13676891372,13676891371,12,40.0,5
13676891371,2394815255,12,40.0,5
2394815255,13676891373,12,40.0,5
13676891373,2394815235,12,40.0,5
2394815235,3073676028,12,40.0,5
3073676028,2394815229,12,40.0,5
2394815229,13677261239,12,40.0,5
12754796352,12754796349,12,40.0,5
12754796349,12754796353,12,40.0,5
12754796353,250731278,12,40.0,5
268931533,268931551,12,40.0,5
268931551,268931552,12,40.0,5
268931552,3842251981,12,40.0,5
3842251981,4191843777,12,40.0,5
4191843777,3842251985,12,40.0,5
3842251985,275517717,12,40.0,5
275517717,275517718,12,40.0,5
275517718,275517719,12,40.0,5
275517719,4860296367,12,40.0,5
4860296367,275517721,12,40.0,5
275517721,6991253779,12,40.0,5
6991253779,275517722,12,40.0,5
275517722,275517723,12,40.0,5
275517723,3143189934,12,40.0,5
3143189934,618771179,12,40.0,5
1912464464,13438053320,12,40.0,5
13438053320,635166187,12,40.0,5
635166187,4692169606,12,40.0,5
4692169606,618516321,12,40.0,5
618516321,6230885405,12,40.0,5
6230885405,3354483658,12,40.0,5
3354483658,3354483657,12,40.0,5
3354483657,250731003,12,40.0,5
13399644563,13399644556,12,40.0,5
13399644556,13399644557,12,40.0,5
13399644557,13399644558,12,40.0,5
13399644558,13399644559,12,40.0,5
13399644559,13399644560,12,40.0,5
13399644560,13399644561,12,40.0,5
13399644561,13399644562,12,40.0,5
13399644562,4056840093,12,40.0,5
4056840093,4056840092,12,40.0,5
4056840092,403875117,12,40.0,5
403875117,4056840091,12,40.0,5
4056840091,3172219567,12,40.0,5
3172219567,3172219568,12,40.0,5
3172219568,3172219569,12,40.0,5
3172219569,403875126,12,40.0,5
403875126,3172219572,12,40.0,5
3172219572,3172219570,12,40.0,5
3172219570,3647930932,12,40.0,5
3647930932,403875120,12,40.0,5
403875120,3172219565,12,40.0,5
3172219565,3172219566,12,40.0,5
3172219566,403875121,12,40.0,5
403875121,3172219429,12,40.0,5
3172219429,3172219427,12,40.0,5
3172219427,3172219439,12,40.0,5
3172219439,3172219449,12,40.0,5
3172219449,3172219443,12,40.0,5
3172219443,3172219435,12,40.0,5
3172219435,683784011,12,40.0,5
683784011,683784007,12,40.0,5
683784007,683784005,12,40.0,5
635166201,662848128,12,40.0,5
662848128,3574700136,12,40.0,5
3574700136,3804259483,12,40.0,5
3804259483,2375440700,12,40.0,5
2375440700,2375440701,12,40.0,5
2375440701,3891776897,12,40.0,5
3891776897,3891776895,12,40.0,5
3891776895,662383802,12,40.0,5
403874872,5895590315,12,40.0,5
5895590315,5498033642,12,40.0,5
5498033642,5006394435,12,40.0,5
5006394435,1144976012,12,40.0,5
1144976012,403874803,12,40.0,5
5373602992,5373602993,12,40.0,5
678656356,5638009271,12,40.0,5
5638009271,9740487192,12,40.0,5
9740487190,674880245,12,40.0,5
674880245,5638009277,12,40.0,5
5638009277,5638009276,12,40.0,5
5638009276,674880243,12,40.0,5
674880243,127660840,12,40.0,5
127660840,10096768658,12,40.0,5
10096768658,1676479568,12,40.0,5
1676479568,2394776220,12,40.0,5
2394776220,1676479570,12,40.0,5
1676479570,2394776232,12,40.0,5
2394776232,127660854,12,40.0,5
127660854,6277491043,12,40.0,5
6277491043,6277491041,12,40.0,5
6277491041,10112887713,12,40.0,5
10112887713,206594633,12,40.0,5
206594633,7037743609,12,40.0,5
7037743609,10096768659,12,40.0,5
10096768659,7037743599,12,40.0,5
7037743599,9748084479,12,40.0,5
9748084479,9992118273,12,40.0,5
9992118273,2394776242,12,40.0,5
2394776242,6661677760,12,40.0,5
6661677760,9992118272,12,40.0,5
9992118272,10001382089,12,40.0,5
10001382089,9748084478,12,40.0,5
9748084478,10096768661,12,40.0,5
10096768661,127660871,12,40.0,5
127660871,672592643,12,40.0,5
672592643,10096768663,12,40.0,5
10096768663,2247695861,12,40.0,5
2247695861,2247695870,12,40.0,5
2247695870,2247695871,12,40.0,5
619035575,619035576,12,40.0,5
619035576,12778361682,12,40.0,5
12778361682,619035569,12,40.0,5
619035569,672802180,12,40.0,5
672802180,672798175,12,40.0,5
672798175,6661648727,12,40.0,5
6661648727,4010685248,12,40.0,5
4010685248,313441154,12,40.0,5
313441154,1863871426,12,40.0,5
1863871426,5042598564,12,40.0,5
5042598564,1863871418,12,40.0,5
1863871418,5042598565,12,40.0,5
5042598565,5042598567,12,40.0,5
5042598567,1863871411,12,40.0,5
1863871411,1863871400,12,40.0,5
1863871400,1863871392,12,40.0,5
1863871392,5042552551,12,40.0,5
5042552551,266907981,12,40.0,5
266907981,5042552550,12,40.0,5
5042552550,266907982,12,40.0,5
266907982,5042552548,12,40.0,5
5042552548,13136710606,12,40.0,5
13136710606,252542259,12,40.0,5
252542259,5118046343,12,40.0,5
5118046343,7490547746,12,40.0,5
7490547746,7490547744,12,40.0,5
7490547744,6776549874,12,40.0,5
6776549874,1128190295,12,40.0,5
1128190295,672789713,12,40.0,5
672789713,644621602,12,40.0,5
644621602,1998285660,12,40.0,5
1998285660,10259065901,12,40.0,5
10259065901,4099996466,12,40.0,5
4099996466,10259065900,12,40.0,5
10259065900,672814582,12,40.0,5
672814582,252542262,12,40.0,5
252542262,7490547742,12,40.0,5
7490547742,3521474942,12,40.0,5
3521474942,4858063261,12,40.0,5
4858063261,7490547741,12,40.0,5
7490547741,250731031,12,40.0,5
6757772124,6757772130,12,40.0,5
6757772130,13685134613,12,40.0,5
13685134613,653145895,12,40.0,5
639689208,4962837081,12,40.0,5
4962837081,621836678,12,40.0,5
4061971339,13371119445,12,40.0,5
13371119445,4061971341,12,40.0,5
4061971341,4061971342,12,40.0,5
4061971342,4061971343,12,40.0,5
4061971343,3340898295,12,40.0,5
3340898295,3340896688,12,40.0,5
3340896688,644618534,12,40.0,5
644618534,6219761762,12,40.0,5
6219761762,2625442477,12,40.0,5
2625442477,6219761761,12,40.0,5
6219761761,13698430235,12,40.0,5
13698430235,13698430236,12,40.0,5
13698430236,13698430237,12,40.0,5
13698430237,13698430238,12,40.0,5
13698430238,13698430239,12,40.0,5
13698430239,13698430240,12,40.0,5
13698430240,13698397494,12,40.0,5
13698397494,13698430241,12,40.0,5
13698430241,4061971349,12,40.0,5
4061971349,13698397492,12,40.0,5
13698397492,13698430242,12,40.0,5
13698430242,13698430243,12,40.0,5
13698430243,13698430244,12,40.0,5
13698430244,13698430245,12,40.0,5
13698430245,3993559267,12,40.0,5
3993559267,3993559268,12,40.0,5
5968099137,11021721332,12,40.0,5
11021721332,3331716412,12,40.0,5
3331716412,11021721336,12,40.0,5
11021721336,11021721334,12,40.0,5
11021721334,6799514629,12,40.0,5
6799514629,2409502949,12,40.0,5
2409502949,679007192,12,40.0,5
679007192,2410567177,12,40.0,5
2410567177,13683858371,12,40.0,5
13683858371,259652390,12,40.0,5
644610777,5028030262,12,40.0,5
5028030262,5028030264,12,40.0,5
5028030264,672777597,12,40.0,5
672777597,1144975928,12,40.0,5
1144975928,672777601,12,40.0,5
672777601,13694979904,12,40.0,5
13694979904,13694979903,12,40.0,5
13694979903,13694979902,12,40.0,5
13694979902,13694979901,12,40.0,5
13694979901,672777603,12,40.0,5
672777603,3192345671,12,40.0,5
3192345671,12169960565,12,40.0,5
12169960565,12169960570,12,40.0,5
12169960570,12169960569,12,40.0,5
12169960569,12169960568,12,40.0,5
12169960568,12169960567,12,40.0,5
12169960567,12169963406,12,40.0,5
12169963406,12169963405,12,40.0,5
12169963405,12169963404,12,40.0,5
12169963404,12169963403,12,40.0,5
10209512206,673069766,12,40.0,5
673069766,10209512205,12,40.0,5
10209512205,673069767,12,40.0,5
673069767,4077049362,12,40.0,5
4077049362,2135832128,12,40.0,5
2135832128,2135832125,12,40.0,5
2135832125,2135832124,12,40.0,5
2135832124,673069768,12,40.0,5
673069768,673069759,12,40.0,5
673069759,673069769,12,40.0,5
673069769,673069779,12,40.0,5
673069779,673069780,12,40.0,5
4328924659,4328912484,12,40.0,5
4328912484,13001972133,12,40.0,5
13001972133,13001972128,12,40.0,5
13001972128,4328924657,12,40.0,5
4328924657,11578017382,12,40.0,5
11578017382,11578017381,12,40.0,5
11578017381,11578017380,12,40.0,5
11578017380,11578017379,12,40.0,5
11578017379,11578017378,12,40.0,5
11578017378,11578017377,12,40.0,5
11578017377,11578017376,12,40.0,5
11578017376,11578017375,12,40.0,5
11578017375,11578017374,12,40.0,5
3799951268,4195935620,12,40.0,5
4195935620,3799951269,12,40.0,5
3799951269,3799951271,12,40.0,5
3799951271,4195935621,12,40.0,5
4195935621,3799951270,12,40.0,5
3799951270,4195522215,12,40.0,5
4195522215,6438329704,12,40.0,5
6438329704,6438329705,12,40.0,5
6438329705,4195522087,12,40.0,5
4195522087,3799951266,12,40.0,5
3799951266,3799951263,12,40.0,5
3799951263,6438329706,12,40.0,5
6438329706,4195930799,12,40.0,5
4195930799,4195930790,12,40.0,5
4195930790,4195926983,12,40.0,5
4195926983,6438329707,12,40.0,5
6438329707,4195926982,12,40.0,5
4195926982,4195926985,12,40.0,5
4195926985,4195930789,12,40.0,5
4195930789,3799951259,12,40.0,5
3799951259,6438351622,12,40.0,5
6438351622,3799951152,12,40.0,5
3799951152,3799951150,12,40.0,5
3799951150,6438329702,12,40.0,5
6438329702,3799951148,12,40.0,5
3799951148,696495688,12,40.0,5
696495688,6438329708,12,40.0,5
6438329708,3799951257,12,40.0,5
3799951257,696495690,12,40.0,5
696495690,696495650,12,40.0,5
11021721333,11021721334,12,40.0,5
11021721332,5968099137,12,40.0,5
5968099137,6991374527,12,40.0,5
6991374527,12110372043,12,40.0,5
12110372043,12110372041,12,40.0,5
12110372041,2409510166,12,40.0,5
2409510166,13684023313,12,40.0,5
13684023313,2419586574,12,40.0,5
2419586574,2419586582,12,40.0,5
2419586582,2419586584,12,40.0,5
2419586584,13683818545,12,40.0,5
13683818545,11021738363,12,40.0,5
11021738363,13684023314,12,40.0,5
13684023314,3964854159,12,40.0,5
3964854159,5782052636,12,40.0,5
5782052636,11021738378,12,40.0,5
11021738378,5782052638,12,40.0,5
5782052638,3964854163,12,40.0,5
3964854163,679004913,12,40.0,5
679004913,11021738379,12,40.0,5
11021738379,679004911,12,40.0,5
679004911,13680517508,12,40.0,5
13680517508,127657770,12,40.0,5
60797422,5574349138,12,40.0,5
5574349138,3773062060,12,40.0,5
3773062060,319046158,12,40.0,5
319046158,675994037,12,40.0,5
675994037,3401468971,12,40.0,5
3401468971,1838453725,12,40.0,5
1838453725,3800069115,12,40.0,5
3800069115,319046161,12,40.0,5
319046161,3822175118,12,40.0,5
3822175118,5024706576,12,40.0,5
5024706576,319046162,12,40.0,5
319046162,1838453778,12,40.0,5
1838453778,319046163,12,40.0,5
319046163,1838453712,12,40.0,5
1838453712,4645587114,12,40.0,5
4645587114,3401468976,12,40.0,5
3401468976,1838453700,12,40.0,5
1838453700,5544348454,12,40.0,5
5544348454,1838453769,12,40.0,5
1838453769,1838453759,12,40.0,5
1838453759,319046167,12,40.0,5
319046167,5530457233,12,40.0,5
5530457233,319046168,12,40.0,5
319046168,6340092038,12,40.0,5
6340092038,6340092041,12,40.0,5
6340092041,6340092042,12,40.0,5
6340092042,6340092034,12,40.0,5
12794754972,12794754973,12,40.0,5
12794754973,12794754974,12,40.0,5
12794754974,2091831356,12,40.0,5
2091831356,2091831385,12,40.0,5
2091831385,2091831378,12,40.0,5
2091831378,2111956260,12,40.0,5
2111956260,2111956256,12,40.0,5
2111956256,8791800931,12,40.0,5
8791800931,8791800946,12,40.0,5
8791800946,3799951091,12,40.0,5
3799951091,403874880,12,40.0,5
403874880,403874881,12,40.0,5
403874881,3893012785,12,40.0,5
3893012785,403874882,12,40.0,5
403874882,3893012786,12,40.0,5
3893012786,403874884,12,40.0,5
403874884,5997058609,12,40.0,5
5997058609,2111968650,12,40.0,5
2111968650,403874885,12,40.0,5
403874885,2111968570,12,40.0,5
2111968570,2105422615,12,40.0,5
2105422615,8791800914,12,40.0,5
8791800914,1447286014,12,40.0,5
1447286014,1447286008,12,40.0,5
1447286008,403874888,12,40.0,5
403874888,696519970,12,40.0,5
696519970,403874891,12,40.0,5
403874891,5057792811,12,40.0,5
5057792811,403874892,12,40.0,5
403874892,5057792815,12,40.0,5
5057792815,5057792812,12,40.0,5
5057792812,5057792814,12,40.0,5
5057792814,5057792813,12,40.0,5
5057792813,403874901,12,40.0,5
618771179,3143189934,12,40.0,5
3143189934,275517723,12,40.0,5
275517723,275517722,12,40.0,5
275517722,6991253779,12,40.0,5
6991253779,275517721,12,40.0,5
275517721,4860296367,12,40.0,5
4860296367,275517719,12,40.0,5
275517719,275517718,12,40.0,5
275517718,275517717,12,40.0,5
275517717,3842251985,12,40.0,5
3842251985,4191843777,12,40.0,5
4191843777,3842251981,12,40.0,5
3842251981,268931552,12,40.0,5
268931552,268931551,12,40.0,5
268931551,268931533,12,40.0,5
268931533,268931548,12,40.0,5
268931548,268931546,12,40.0,5
268931546,1839468691,12,40.0,5
1839468691,268931544,12,40.0,5
268931544,642959752,12,40.0,5
642959752,268931541,12,40.0,5
268931541,2619383297,12,40.0,5
2619383297,2619383298,12,40.0,5
2619383298,4191853176,12,40.0,5
11959629970,2619372962,12,40.0,5
2619372962,2619372960,12,40.0,5
2619372960,1432224614,12,40.0,5
1432224614,1354434449,12,40.0,5
1354434449,11959575844,12,40.0,5
11959575844,11959575860,12,40.0,5
11959575860,11959629976,12,40.0,5
11959629976,11959575859,12,40.0,5
11959575859,2619373025,12,40.0,5
2619373025,11959575854,12,40.0,5
11959575854,11959575857,12,40.0,5
11959575857,4580840142,12,40.0,5
4580840142,4860282180,12,40.0,5
4860282180,4860282178,12,40.0,5
4860282178,4860282175,12,40.0,5
4860282175,4860282170,12,40.0,5
4860282170,681219701,12,40.0,5
681219701,670259200,12,40.0,5
670259200,670259198,12,40.0,5
670259198,4860282191,12,40.0,5
4860282191,681218167,12,40.0,5
681218167,670259211,12,40.0,5
670259211,4860282194,12,40.0,5
4860282194,2476826343,12,40.0,5
2476826343,4860282196,12,40.0,5
4860282196,670259212,12,40.0,5
670259212,5377721488,12,40.0,5
5377721488,681218024,12,40.0,5
681218024,275520196,12,40.0,5
275520196,2476842884,12,40.0,5
2476842884,5377719210,12,40.0,5
5377719210,6549195457,12,40.0,5
6549195457,2476844362,12,40.0,5
2476844362,1128193683,12,40.0,5
1128193683,275520231,12,40.0,5
275520231,275520232,12,40.0,5
3993501524,3993501525,12,40.0,5
3993501525,3185210187,12,40.0,5
3185210187,127658071,12,40.0,5
127658071,3185210190,12,40.0,5
675994059,675994056,12,40.0,5
675994056,675994053,12,40.0,5
675994053,5574349141,12,40.0,5
5574349141,675994042,12,40.0,5
675994042,5574349120,12,40.0,5
5574349120,5574350025,12,40.0,5
5574350025,5574350027,12,40.0,5
5574350027,675994037,12,40.0,5
675994037,319046158,12,40.0,5
319046158,3773062060,12,40.0,5
3773062060,5574349138,12,40.0,5
5574349138,60797422,12,40.0,5
60797422,5602556765,12,40.0,5
637478166,11436595564,12,40.0,5
1252119243,3191723182,12,40.0,5
3191723182,91031788,12,40.0,5
91031788,10823525651,12,40.0,5
10823525651,91031812,12,40.0,5
91031812,2826701494,12,40.0,5
2826701494,3191723184,12,40.0,5
3191723184,10241694488,12,40.0,5
10241694488,91031813,12,40.0,5
91031813,10593426530,12,40.0,5
10593426530,2826701491,12,40.0,5
2826701491,13676891359,12,40.0,5
13676891359,13676891367,12,40.0,5
13676891367,2826701490,12,40.0,5
2826701490,13676891366,12,40.0,5
13676891366,403816033,12,40.0,5
403816033,3191723183,12,40.0,5
3191723183,9291504383,12,40.0,5
4962837094,672814604,12,40.0,5
672814604,1144959789,12,40.0,5
1144959789,255636124,12,40.0,5
255636124,255636123,12,40.0,5
255636123,4962837093,12,40.0,5
4962837093,2093085298,12,40.0,5
2093085298,4962837092,12,40.0,5
4962837092,4962837091,12,40.0,5
4962837091,5373001775,12,40.0,5
5373001775,4962837090,12,40.0,5
4962837090,5373001787,12,40.0,5
5373001787,5373001794,12,40.0,5
5373001794,2093085305,12,40.0,5
2093085305,5637474630,12,40.0,5
5637474630,5373001782,12,40.0,5
5373001782,2093085317,12,40.0,5
2093085317,2093085310,12,40.0,5
2093085310,5373001793,12,40.0,5
5373001793,6991266545,12,40.0,5
6991266545,2093085318,12,40.0,5
2093085318,2093085307,12,40.0,5
3192345671,12169963407,12,40.0,5
12169963407,3192345670,12,40.0,5
3192345670,3192345676,12,40.0,5
3192345676,3192345677,12,40.0,5
3192345677,11575442769,12,40.0,5
11575442769,11575192560,12,40.0,5
1131862349,1131862413,12,40.0,5
1131862413,10266749659,12,40.0,5
253026193,10902062124,12,40.0,5
667775890,2066084087,12,40.0,5
2066084087,667775895,12,40.0,5
667775895,13673855915,12,40.0,5
13673855915,3799979964,12,40.0,5
3799979964,667775901,12,40.0,5
667775901,667775906,12,40.0,5
667775906,667775910,12,40.0,5
667775910,667775913,12,40.0,5
12373680251,13369502784,12,40.0,5
13369502784,13369502783,12,40.0,5
13369502783,4422645692,12,40.0,5
4422645692,4422645694,12,40.0,5
4422645694,4422645691,12,40.0,5
4422645691,4422645696,12,40.0,5
4422645696,4422645697,12,40.0,5
403874911,3979363126,12,40.0,5
3979363126,2105409825,12,40.0,5
2105409825,683787598,12,40.0,5
683787598,5340860630,12,40.0,5
5340860630,683787597,12,40.0,5
683787597,683787596,12,40.0,5
683787596,5340860637,12,40.0,5
5340860637,683787587,12,40.0,5
683787587,683784044,12,40.0,5
683784044,683784045,12,40.0,5
683784045,683786361,12,40.0,5
3832039357,3832039358,12,40.0,5
621954102,10902062121,12,40.0,5
4077044435,673075522,12,40.0,5
673075522,673075523,12,40.0,5
3993490675,666852490,12,40.0,5
666852490,6524681179,12,40.0,5
6524681179,666852483,12,40.0,5
666852483,3993490672,12,40.0,5
3993490672,666852477,12,40.0,5
666852477,6524691585,12,40.0,5
6524691585,6524691587,12,40.0,5
6524691587,666852470,12,40.0,5
666852470,666852464,12,40.0,5
666852464,3993490668,12,40.0,5
3993490668,675891088,12,40.0,5
675891088,678315641,12,40.0,5
678315641,678315645,12,40.0,5
678315645,678315644,12,40.0,5
678315644,3993490678,12,40.0,5
3993490678,3993490677,12,40.0,5
5818324993,5818324992,12,40.0,5
5818324992,5818324991,12,40.0,5
5818324991,403816084,12,40.0,5
403816084,4328924652,12,40.0,5
4328924652,5058440375,12,40.0,5
5058440375,5058440374,12,40.0,5
5058440374,6524910438,12,40.0,5
6524910438,5058440373,12,40.0,5
5058440373,5058440372,12,40.0,5
5058440372,240378555,12,40.0,5
240378555,4328944072,12,40.0,5
4328944072,11947572932,12,40.0,5
11947572932,653145884,12,40.0,5
653145884,8943456509,12,40.0,5
8943456509,4328924665,12,40.0,5
4328924665,403816081,12,40.0,5
4210823886,13278963937,12,40.0,5
13278963937,4210824192,12,40.0,5
4210824192,4210824194,12,40.0,5
4210824194,13278963947,12,40.0,5
13278963947,13278963946,12,40.0,5
13278963946,4210824189,12,40.0,5
4210824189,3921611153,12,40.0,5
3921611153,3921611151,12,40.0,5
3921611151,13278963935,12,40.0,5
13278963935,683789980,12,40.0,5
683789980,683789981,12,40.0,5
683789981,5498124181,12,40.0,5
5498124181,5498124179,12,40.0,5
5498124179,5498124178,12,40.0,5
5498124178,5498124177,12,40.0,5
5498124177,5498014771,12,40.0,5
5498014771,5498091786,12,40.0,5
5498091786,5895590317,12,40.0,5
5895590317,403874874,12,40.0,5
403874874,5498091781,12,40.0,5
5498091781,5006394443,12,40.0,5
5006394443,403874872,12,40.0,5
403874872,5895590312,12,40.0,5
5895590312,5498091779,12,40.0,5
5498091779,5498091778,12,40.0,5
5498091778,683788952,12,40.0,5
683788952,1144976092,12,40.0,5
1144976092,403874870,12,40.0,5
403874870,3893012788,12,40.0,5
3893012788,403874879,12,40.0,5
403874879,618531660,12,40.0,5
618531660,3799951091,12,40.0,5
683787618,3152507940,12,40.0,5
6533479276,6533479277,12,40.0,5
654187275,654187276,12,40.0,5
654187276,10964746216,12,40.0,5
10964746216,10260948480,12,40.0,5
10260948480,654187277,12,40.0,5
654187277,5904513241,12,40.0,5
673069780,673069779,12,40.0,5
673069779,673069769,12,40.0,5
673069769,673069759,12,40.0,5
673069759,673069768,12,40.0,5
673069768,2135832124,12,40.0,5
2135832124,2135832125,12,40.0,5
2135832125,2135832128,12,40.0,5
2135832128,4077049362,12,40.0,5
4077049362,10209512208,12,40.0,5
10209512208,10209512207,12,40.0,5
10209512207,673069771,12,40.0,5
673069771,673069770,12,40.0,5
1147957835,13660304047,12,40.0,5
13660304047,13660304048,12,40.0,5
13660304048,11578003929,12,40.0,5
11578003929,11578003928,12,40.0,5
11578003928,3988271823,12,40.0,5
3988271823,11206972323,12,40.0,5
11206972323,13660304046,12,40.0,5
13660304046,13677168916,12,40.0,5
13677168916,1147957818,12,40.0,5
1147957818,10701206154,12,40.0,5
10701206154,1147957846,12,40.0,5
1147957846,3385430935,12,40.0,5
3385430935,6234403280,12,40.0,5
6234403280,256882765,12,40.0,5
256882765,256882764,12,40.0,5
256882764,13680101703,12,40.0,5
13680101703,256882761,12,40.0,5
256882761,13680101704,12,40.0,5
13680101704,6234403687,12,40.0,5
6234403687,9473633967,12,40.0,5
9473633967,13680101705,12,40.0,5
13680101705,6234403691,12,40.0,5
6234403691,13680101707,12,40.0,5
13680101707,4400790558,12,40.0,5
4400790558,6234403697,12,40.0,5
6234403697,3666701549,12,40.0,5
3666701549,13680101719,12,40.0,5
13680101719,2328979260,12,40.0,5
2328979260,3136397688,12,40.0,5
3136397688,3666701555,12,40.0,5
3666701555,13680101711,12,40.0,5
13680101711,13680101710,12,40.0,5
13680101710,635909837,12,40.0,5
635909837,3136350898,12,40.0,5
6234353190,13680648348,12,40.0,5
13680648348,619274802,12,40.0,5
619274802,619274805,12,40.0,5
619274805,13700217598,12,40.0,5
13700217598,1839459841,12,40.0,5
1839459841,619274812,12,40.0,5
619274812,619274820,12,40.0,5
619274820,2143730220,12,40.0,5
2143730220,6234042651,12,40.0,5
6234042651,6234042655,12,40.0,5
6234042655,6234042649,12,40.0,5
6234042649,3362749512,12,40.0,5
3362749512,6234044303,12,40.0,5
635166169,7625469746,12,40.0,5
7625469746,10779928493,12,40.0,5
10779928493,10779928494,12,40.0,5
10779928494,7625469748,12,40.0,5
7625469748,10779928495,12,40.0,5
10779928495,10779928496,12,40.0,5
10779928496,10779928497,12,40.0,5
10779928497,4692166468,12,40.0,5
4692166468,7625469745,12,40.0,5
7625469745,10779928498,12,40.0,5
10779928498,5340842249,12,40.0,5
5340842249,4692166469,12,40.0,5
4692166469,5340842250,12,40.0,5
5340842250,4692166472,12,40.0,5
4692166472,10779928499,12,40.0,5
10779928499,10779928500,12,40.0,5
10779928500,10779928501,12,40.0,5
10779928501,10779928503,12,40.0,5
10779928503,4692166474,12,40.0,5
4692166474,10779928502,12,40.0,5
10779928502,10779928504,12,40.0,5
10779928504,10779974405,12,40.0,5
10779974405,4692166483,12,40.0,5
4692166483,10779974406,12,40.0,5
10779974406,10779974407,12,40.0,5
10779974407,4692166478,12,40.0,5
4692166478,10779974408,12,40.0,5
10779974408,6230829252,12,40.0,5
6230829252,4692166481,12,40.0,5
4692166481,5340842247,12,40.0,5
5340842247,10779974409,12,40.0,5
10779974409,10779974410,12,40.0,5
10779974410,10779974411,12,40.0,5
10779974411,403875118,12,40.0,5
5498124186,653129948,12,40.0,5
653129948,4213183435,12,40.0,5
4213183435,4215567638,12,40.0,5
4215567638,12504399445,12,40.0,5
12504399445,653129903,12,40.0,5
653129903,653129905,12,40.0,5
653129905,653129907,12,40.0,5
653129907,653129909,12,40.0,5
653129909,653129911,12,40.0,5
653129911,5895890299,12,40.0,5
5895890299,653129912,12,40.0,5
653129912,2083191865,12,40.0,5
646913671,3921611403,12,40.0,5
3921611403,3921611402,12,40.0,5
3921611402,2142186408,12,40.0,5
2142186408,3921611394,12,40.0,5
3921611394,3921611391,12,40.0,5
3921611391,646913665,12,40.0,5
646913665,646913663,12,40.0,5
646913663,646913661,12,40.0,5
646913661,2034260168,12,40.0,5
2034260168,2034260114,12,40.0,5
2131864639,3893012796,12,40.0,5
3893012796,3893012794,12,40.0,5
3893012794,3893012792,12,40.0,5
3893012792,3893012791,12,40.0,5
3893012791,403874855,12,40.0,5
403874855,403874856,12,40.0,5
403874856,5895890293,12,40.0,5
5895890293,5895890292,12,40.0,5
5895890292,403874862,12,40.0,5
403874862,403874863,12,40.0,5
403874863,403874866,12,40.0,5
403874866,403874867,12,40.0,5
403874867,3893012789,12,40.0,5
3893012789,403874870,12,40.0,5
403874909,3942452780,12,40.0,5
3942452780,2105409808,12,40.0,5
2105409808,5340860627,12,40.0,5
5340860627,683787585,12,40.0,5
683787585,683787586,12,40.0,5
683787586,683787587,12,40.0,5
683784045,12830317440,12,40.0,5
12830317440,683784046,12,40.0,5
618530970,14237926011,12,40.0,5
14237926011,14237926024,12,40.0,5
14237926024,4692153525,12,40.0,5
4692153525,5340854076,12,40.0,5
5340854076,4181874305,12,40.0,5
4181874305,618530907,12,40.0,5
618530907,5340854055,12,40.0,5
683786361,683784045,12,40.0,5
683784045,683784044,12,40.0,5
683784044,683787587,12,40.0,5
683787587,5340860637,12,40.0,5
5340860637,683787596,12,40.0,5
683787596,683787597,12,40.0,5
683787597,5340860630,12,40.0,5
5340860630,683787598,12,40.0,5
683787598,2105409825,12,40.0,5
2105409825,3979363126,12,40.0,5
3979363126,403874911,12,40.0,5
7936231203,7936231206,12,40.0,5
7936231206,7936231207,12,40.0,5
7936231207,6522632053,12,40.0,5
5130287838,3192356839,12,40.0,5
3192356839,5130287837,12,40.0,5
5130287837,5896093121,12,40.0,5
5896093121,3192356827,12,40.0,5
3192356827,3403158290,12,40.0,5
3403158290,3403158288,12,40.0,5
3403158288,3403158287,12,40.0,5
3403158287,3403158286,12,40.0,5
3403158286,5285388576,12,40.0,5
5285388576,3403158285,12,40.0,5
3403158285,3403158284,12,40.0,5
3403158284,3403158283,12,40.0,5
3403158283,3804297261,12,40.0,5
3804297261,3804297260,12,40.0,5
3804297260,3804297255,12,40.0,5
3804297255,666634647,12,40.0,5
666634647,666634646,12,40.0,5
666634646,666634644,12,40.0,5
666634644,666634638,12,40.0,5
666634638,666634635,12,40.0,5
666634635,666634628,12,40.0,5
666634628,666634626,12,40.0,5
666634626,666634783,12,40.0,5
666634783,666634781,12,40.0,5
666634781,3379019561,12,40.0,5
3379019561,666634779,12,40.0,5
666634779,666634675,12,40.0,5
666634675,666634756,12,40.0,5
666634756,666634751,12,40.0,5
666634751,4485328016,12,40.0,5
4485328016,4485328017,12,40.0,5
4485328017,403816178,12,40.0,5
13096855010,13096855009,12,40.0,5
644608010,644608008,12,40.0,5
644608008,644608002,12,40.0,5
644608002,403874908,12,40.0,5
129616162,10740616727,12,40.0,5
10740616727,10740616744,12,40.0,5
10740616744,10740616728,12,40.0,5
10740616728,10740616729,12,40.0,5
10740616729,10740616716,12,40.0,5
643015757,2111944777,12,40.0,5
2111944777,2111944779,12,40.0,5
2111944779,2111944783,12,40.0,5
2111944783,11549247131,12,40.0,5
11549247131,2111944778,12,40.0,5
2111944778,643015761,12,40.0,5
643015761,643015762,12,40.0,5
643015762,678693317,12,40.0,5
678693317,643015764,12,40.0,5
643015764,3799707322,12,40.0,5
3799707322,643015639,12,40.0,5
643015639,11802470892,12,40.0,5
11802470892,643015768,12,40.0,5
643015768,643015711,12,40.0,5
643015711,1535311332,12,40.0,5
643015786,5567198344,12,40.0,5
5567198344,3774704438,12,40.0,5
3774704438,5567204806,12,40.0,5
5567204806,667236865,12,40.0,5
667236865,5567198357,12,40.0,5
5567198357,673924803,12,40.0,5
673924803,5567198358,12,40.0,5
5567198358,5567198356,12,40.0,5
5567198356,667236863,12,40.0,5
667236863,5567198355,12,40.0,5
5567198355,667236862,12,40.0,5
667236862,667236861,12,40.0,5
667236861,667236848,12,40.0,5
667236848,9073253561,12,40.0,5
9073253561,9073253560,12,40.0,5
9073253560,667237458,12,40.0,5
667237458,667236858,12,40.0,5
667236858,667236867,12,40.0,5
667236867,667236868,12,40.0,5
667236868,667236869,12,40.0,5
667236869,667236870,12,40.0,5
667236870,667236871,12,40.0,5
667236871,667236872,12,40.0,5
667236872,3785753682,12,40.0,5
3785753682,4645587109,12,40.0,5
4645587109,667236873,12,40.0,5
667236873,667236849,12,40.0,5
3773066633,3774706060,12,40.0,5
3774706060,11516575813,12,40.0,5
11516575813,11516835335,12,40.0,5
11516835335,11516835330,12,40.0,5
11516835330,11516575814,12,40.0,5
10206504395,10206504396,12,40.0,5
10206504396,10206504397,12,40.0,5
10206504397,10206504398,12,40.0,5
10206504398,10206504399,12,40.0,5
10206504399,10206504400,12,40.0,5
10206504400,10206504401,12,40.0,5
10206504401,10206504402,12,40.0,5
10206504402,10206504403,12,40.0,5
10206504403,10206504404,12,40.0,5
10206504404,10206504405,12,40.0,5
10206504405,9959089702,12,40.0,5
9959089701,9959089703,12,40.0,5
9959089703,9959089704,12,40.0,5
9959089704,9959089705,12,40.0,5
9959089705,651260245,12,40.0,5
191814680,667760320,12,40.0,5
667760320,191814745,12,40.0,5
191814745,667760321,12,40.0,5
667760321,2826701440,12,40.0,5
2826701440,667760322,12,40.0,5
667760322,667759351,12,40.0,5
667759351,621835672,12,40.0,5
621835672,667759349,12,40.0,5
667759349,667759347,12,40.0,5
667759347,191814810,12,40.0,5
191814810,667759344,12,40.0,5
667759344,191814865,12,40.0,5
191814865,2826701435,12,40.0,5
2826701435,191814926,12,40.0,5
191814926,127657445,12,40.0,5
127657445,5759362454,12,40.0,5
5759362454,667757059,12,40.0,5
667757059,2826701438,12,40.0,5
2826701438,4086334780,12,40.0,5
4086334780,127657423,12,40.0,5
127657423,5759362460,12,40.0,5
5759362460,13695412087,12,40.0,5
13695412087,127657418,12,40.0,5
127657418,5759362462,12,40.0,5
5759362462,2826701449,12,40.0,5
2826701449,10740762187,12,40.0,5
10740762187,2826701451,12,40.0,5
2826701451,10740762186,12,40.0,5
10740762186,127657392,12,40.0,5
127657392,10740762185,12,40.0,5
10740762185,2826701455,12,40.0,5
2826701455,127657388,12,40.0,5
127657388,127657385,12,40.0,5
127657385,127657381,12,40.0,5
127657381,6527914662,12,40.0,5
673067066,6459227693,12,40.0,5
6459227693,5309894396,12,40.0,5
5309894396,5309894395,12,40.0,5
5309894395,5309894392,12,40.0,5
5309894392,673067065,12,40.0,5
673067065,5309894393,12,40.0,5
5309894393,5309894394,12,40.0,5
5309894394,673067064,12,40.0,5
673067064,673067060,12,40.0,5
673067060,3804259464,12,40.0,5
3804259464,3804259463,12,40.0,5
3804259463,626493436,12,40.0,5
626493436,673067059,12,40.0,5
673067059,626493435,12,40.0,5
626493435,626493434,12,40.0,5
626493434,5309894451,12,40.0,5
5309894451,626493432,12,40.0,5
626493432,5309894452,12,40.0,5
5309894452,5309894453,12,40.0,5
5309894453,626493431,12,40.0,5
626493431,10100382477,12,40.0,5
10100382477,673067058,12,40.0,5
673067058,10100382478,12,40.0,5
10100382478,626493430,12,40.0,5
626493430,626493428,12,40.0,5
626493428,626493427,12,40.0,5
626493427,673067055,12,40.0,5
673067055,10100382481,12,40.0,5
10100382481,673067053,12,40.0,5
6230885416,662848124,12,40.0,5
662848124,10219043282,12,40.0,5
10219043282,3896044937,12,40.0,5
3896044937,3574703794,12,40.0,5
683784007,3172219436,12,40.0,5
3172219436,3172219442,12,40.0,5
3172219442,3172219432,12,40.0,5
3172219432,683784026,12,40.0,5
683784026,3172219426,12,40.0,5
3172219426,5340854043,12,40.0,5
5340854043,3172219431,12,40.0,5
3172219431,683784024,12,40.0,5
683784024,683784040,12,40.0,5
683784040,4181874302,12,40.0,5
4181874302,4181874301,12,40.0,5
4181874301,4181874300,12,40.0,5
4181874300,5340854075,12,40.0,5
5340854075,683786356,12,40.0,5
683786356,683784038,12,40.0,5
683784038,4181874298,12,40.0,5
4181874298,4181874297,12,40.0,5
4181874297,683786371,12,40.0,5
683786371,683784037,12,40.0,5
683784037,14162916666,12,40.0,5
5130287858,5130287855,12,40.0,5
5130287855,3379019557,12,40.0,5
3379019557,4196314216,12,40.0,5
4196314216,5285388569,12,40.0,5
5285388569,666634845,12,40.0,5
666634845,3379019564,12,40.0,5
3379019564,4196314215,12,40.0,5
4196314215,4196314214,12,40.0,5
4196314214,666634833,12,40.0,5
666634833,4196314213,12,40.0,5
4196314213,3403158921,12,40.0,5
3403158921,666634705,12,40.0,5
666634705,4195820789,12,40.0,5
4195820789,3763267869,12,40.0,5
3763267869,3379019562,12,40.0,5
3379019562,4195820568,12,40.0,5
4195820568,666634818,12,40.0,5
666634818,666634814,12,40.0,5
666634814,3763265052,12,40.0,5
3763265052,666634809,12,40.0,5
666634809,4201555319,12,40.0,5
4201555319,4201555299,12,40.0,5
4201555299,4195820357,12,40.0,5
4195820357,4201554882,12,40.0,5
4201554882,666634800,12,40.0,5
666634800,4201554872,12,40.0,5
4201554872,666634796,12,40.0,5
666634796,3403158274,12,40.0,5
3403158274,666634794,12,40.0,5
666634794,3403158276,12,40.0,5
3403158276,666634790,12,40.0,5
666634790,10774471551,12,40.0,5
10774471551,666634626,12,40.0,5
667236858,667236857,12,40.0,5
667236857,4601054543,12,40.0,5
4601054543,4601054548,12,40.0,5
4601054548,4601054542,12,40.0,5
4601054542,667236855,12,40.0,5
667236855,11546249129,12,40.0,5
11546249129,673953790,12,40.0,5
673953790,673953694,12,40.0,5
673953694,6361262876,12,40.0,5
6361262876,11546228351,12,40.0,5
11546228351,11546251684,12,40.0,5
11546251684,667236851,12,40.0,5
667236851,667236850,12,40.0,5
667236850,4601054536,12,40.0,5
4601054536,620401951,12,40.0,5
620401951,620401950,12,40.0,5
620401950,4601054535,12,40.0,5
4601054535,3773066624,12,40.0,5
3773066624,620401949,12,40.0,5
620401949,3799707310,12,40.0,5
3799707310,4601054534,12,40.0,5
4601054534,11546177989,12,40.0,5
11546177989,3799707309,12,40.0,5
3799707309,4601054533,12,40.0,5
4601054533,620401948,12,40.0,5
620401948,620401946,12,40.0,5
620401946,3773066627,12,40.0,5
3773066627,620401942,12,40.0,5
620401942,4601054532,12,40.0,5
4601054532,620401941,12,40.0,5
620401941,4601054531,12,40.0,5
4601054531,620401940,12,40.0,5
620401940,2160927748,12,40.0,5
2160927748,3077739807,12,40.0,5
3077739807,2160927741,12,40.0,5
2160927741,2160927746,12,40.0,5
2160927746,2160927750,12,40.0,5
2160927750,2160927743,12,40.0,5
2160927743,2160927739,12,40.0,5
2160927739,1534165265,12,40.0,5
1534165265,1534165259,12,40.0,5
1534165259,206595133,12,40.0,5
206595133,3772792790,12,40.0,5
3772792790,3772792789,12,40.0,5
3772792789,206595296,12,40.0,5
206595296,620401972,12,40.0,5
620401972,6667981004,12,40.0,5
6667981004,3772792788,12,40.0,5
3772792788,5530403172,12,40.0,5
5530403172,5530403358,12,40.0,5
5530403358,206595246,12,40.0,5
206595246,5530403366,12,40.0,5
5530403366,3772792787,12,40.0,5
3772792787,206594737,12,40.0,5
206594737,3401480488,12,40.0,5
3401480488,3401480487,12,40.0,5
3401480487,3401480489,12,40.0,5
3401480489,319046172,12,40.0,5
319046172,673953642,12,40.0,5
673953642,676000837,12,40.0,5
676000837,3285620062,12,40.0,5
3285620062,3285620094,12,40.0,5
3285620094,3285620100,12,40.0,5
3285620100,3285620083,12,40.0,5
3285620083,676000917,12,40.0,5
258030072,258030071,12,40.0,5
258030071,3152504908,12,40.0,5
10219043297,334487078,12,40.0,5
334487078,10219043263,12,40.0,5
10219043263,10219043306,12,40.0,5
10219043306,10219043262,12,40.0,5
10219043262,1235750079,12,40.0,5
13673600187,3803005729,12,40.0,5
3803005729,675904191,12,40.0,5
675904191,675904179,12,40.0,5
675904179,13675281400,12,40.0,5
13675281400,675904181,12,40.0,5
313410279,5904513428,12,40.0,5
5904513428,1924788509,12,40.0,5
1924788509,11577976222,12,40.0,5
11577976222,10241722503,12,40.0,5
10241722503,1924788393,12,40.0,5
1924788393,10241722489,12,40.0,5
10241722489,3799580301,12,40.0,5
3799580301,11578007582,12,40.0,5
11578007582,1924788479,12,40.0,5
1924788479,3799581323,12,40.0,5
3362708340,2083191689,12,40.0,5
2083191689,3191510361,12,40.0,5
3191510361,3191510369,12,40.0,5
3191510369,619297728,12,40.0,5
619297728,2464933205,12,40.0,5
2464933205,3166483452,12,40.0,5
3166483452,3166483451,12,40.0,5
2131864634,2113233839,12,40.0,5
2113233839,2113233832,12,40.0,5
2113233832,2113241175,12,40.0,5
673885537,673885526,12,40.0,5
673885526,673885538,12,40.0,5
673885538,673885539,12,40.0,5
673885539,673885540,12,40.0,5
673885540,673885541,12,40.0,5
673885541,673885542,12,40.0,5
673885542,673885543,12,40.0,5
618542191,3988285713,12,40.0,5
3988285713,3988285712,12,40.0,5
670259942,5200965990,12,40.0,5
5200965990,252537958,12,40.0,5
7085654864,7085654863,12,40.0,5
7085654863,4515020728,12,40.0,5
4515020728,4515020731,12,40.0,5
4515020731,4515020727,12,40.0,5
4515020727,675890982,12,40.0,5
675890982,8572403327,12,40.0,5
8572403327,13697226471,12,40.0,5
13697226471,4515020732,12,40.0,5
4515020732,4515020734,12,40.0,5
4515020734,675890834,12,40.0,5
675890834,675890824,12,40.0,5
268931267,268931261,12,40.0,5
268931261,268931353,12,40.0,5
268931353,268931346,12,40.0,5
268931346,667278656,12,40.0,5
667278656,667278695,12,40.0,5
667278695,667278694,12,40.0,5
5340860662,10046367461,12,40.0,5
10046367461,5340873620,12,40.0,5
5340873620,644607799,12,40.0,5
644607799,644607796,12,40.0,5
2444061421,10259065895,12,40.0,5
10259065895,5216990505,12,40.0,5
5216990505,2444061419,12,40.0,5
2444061419,10259065906,12,40.0,5
10259065906,2444061416,12,40.0,5
2444061416,2444061415,12,40.0,5
2444061415,2444061413,12,40.0,5
2561001390,12404232778,12,40.0,5
12404232778,6754253285,12,40.0,5
6754253285,637478049,12,40.0,5
637478049,10173435501,12,40.0,5
10173435501,637478054,12,40.0,5
637478054,6754253181,12,40.0,5
6754253181,10173435503,12,40.0,5
10173435503,6754253178,12,40.0,5
6754253178,10173435502,12,40.0,5
10173435502,11515610894,12,40.0,5
11515610894,637478082,12,40.0,5
665267668,3150421793,12,40.0,5
3150421793,3150421792,12,40.0,5
3150421792,9740502139,12,40.0,5
9740502139,9462080180,12,40.0,5
9462080180,60796645,12,40.0,5
259652390,13683858369,12,40.0,5
13683858369,10125040156,12,40.0,5
10125040156,1985256154,12,40.0,5
1985256154,3892990741,12,40.0,5
3892990741,635778410,12,40.0,5
635778410,6991371457,12,40.0,5
6991371457,3185210190,12,40.0,5
3185210190,127658071,12,40.0,5
127658071,3185210187,12,40.0,5
3185210187,3993501525,12,40.0,5
3993501525,4077041335,12,40.0,5
4077041335,4077041334,12,40.0,5
10628115393,10628115394,12,40.0,5
10628115394,10628115395,12,40.0,5
10628115395,10628115396,12,40.0,5
10628115396,10628115397,12,40.0,5
10628115397,10628115398,12,40.0,5
10628115398,10628115399,12,40.0,5
13695751601,13695751612,12,40.0,5
13695751612,13695751610,12,40.0,5
13695751610,13695751611,12,40.0,5
1985244121,4281370289,12,40.0,5
4281370289,1985244119,12,40.0,5
1985244119,642970368,12,40.0,5
6234353209,976676997,12,40.0,5
2329101434,13676680279,12,40.0,5
13676680279,13680749348,12,40.0,5
13680749348,13676680281,12,40.0,5
13676680281,13680749349,12,40.0,5
13680749349,13676680280,12,40.0,5
13676680280,13680749347,12,40.0,5
13680749347,13676680282,12,40.0,5
13676680282,13676680283,12,40.0,5
13676680283,13680648358,12,40.0,5
12404232746,599129839,12,40.0,5
599129839,599129843,12,40.0,5
599129843,3822173052,12,40.0,5
3822173052,599129842,12,40.0,5
618312097,8528658013,12,40.0,5
8528658013,11546926692,12,40.0,5
11546926692,3774706017,12,40.0,5
3774706017,8528658012,12,40.0,5
8528658012,618312105,12,40.0,5
618312105,3774706019,12,40.0,5
3774706019,666903872,12,40.0,5
666903872,3774706043,12,40.0,5
3774706043,3774706046,12,40.0,5
3774706046,3774706045,12,40.0,5
3774706045,3774706044,12,40.0,5
3085648495,13698430247,12,40.0,5
13698430247,13698397489,12,40.0,5
13698397489,13698430248,12,40.0,5
13371119441,13371119440,12,40.0,5
13371119440,6366066182,12,40.0,5
6366066182,2015103091,12,40.0,5
2015103091,667775980,12,40.0,5
667775980,4086331230,12,40.0,5
4086331230,10660932963,12,40.0,5
13698430252,13698430212,12,40.0,5
13698430211,8708030334,12,40.0,5
8708030334,13698430214,12,40.0,5
13698430214,9465124703,12,40.0,5
9465124703,2049675490,12,40.0,5
2049675490,8708030335,12,40.0,5
8708030335,8502436728,12,40.0,5
8502436728,667756395,12,40.0,5
667756395,13699280610,12,40.0,5
13699280610,60796743,12,40.0,5
60796743,3742222523,12,40.0,5
3742222523,667756302,12,40.0,5
667756302,60796751,12,40.0,5
60796751,3742220433,12,40.0,5
3742220433,10208452728,12,40.0,5
10208452728,3742220437,12,40.0,5
9565070864,5037942619,12,40.0,5
206594222,3774751865,12,40.0,5
3774751865,9971831089,12,40.0,5
9971831089,10889096266,12,40.0,5
10889096266,3774751852,12,40.0,5
3774751852,635850065,12,40.0,5
635850065,9971831088,12,40.0,5
9971831088,673918207,12,40.0,5
673918207,635850084,12,40.0,5
635850084,673918212,12,40.0,5
673918212,9971831087,12,40.0,5
9971831087,269351909,12,40.0,5
269351909,3774751839,12,40.0,5
3774751839,9971831085,12,40.0,5
9971831085,3774751836,12,40.0,5
3774751836,9971831083,12,40.0,5
9971831083,268936779,12,40.0,5
268936779,9971831086,12,40.0,5
9971831086,9852894226,12,40.0,5
9852894226,5556873235,12,40.0,5
5556873235,12259350883,12,40.0,5
12259350883,269351913,12,40.0,5
269351913,61802647,12,40.0,5
61802647,1645509559,12,40.0,5
1645509559,1683120309,12,40.0,5
1683120309,64300078,12,40.0,5
64300078,10777608623,12,40.0,5
10777608623,1683120302,12,40.0,5
1683120302,10777608622,12,40.0,5
10777608622,1645509554,12,40.0,5
1645509554,643015409,12,40.0,5
643015409,259648489,12,40.0,5
259648489,643015422,12,40.0,5
643015422,667271940,12,40.0,5
3800051543,3800051534,12,40.0,5
3800051534,3800051527,12,40.0,5
4980010457,403874764,12,40.0,5
403874764,5006394422,12,40.0,5
5006394422,5006394421,12,40.0,5
5006394421,403874762,12,40.0,5
403874762,4979993293,12,40.0,5
4979993293,3594520180,12,40.0,5
3594520180,403874761,12,40.0,5
403874761,4348908953,12,40.0,5
4348908953,4348908950,12,40.0,5
4348908950,2365430003,12,40.0,5
2365430003,4979982721,12,40.0,5
4979982721,2365430004,12,40.0,5
2365430004,2365430005,12,40.0,5
2365430005,2365430006,12,40.0,5
2365430006,2365430007,12,40.0,5
2365430007,2365430009,12,40.0,5
2365430009,2365430010,12,40.0,5
2365430010,2365430016,12,40.0,5
2365430016,2365430018,12,40.0,5
2365430018,2365430019,12,40.0,5
2365430019,2365430020,12,40.0,5
14239787346,14239787344,12,40.0,5
14239787344,14239787345,12,40.0,5
3702142150,3702142137,12,40.0,5
3702142137,3702142138,12,40.0,5
3702142138,3702142140,12,40.0,5
12276950494,644610777,12,40.0,5
672777597,6409670838,12,40.0,5
6409670838,6409670836,12,40.0,5
6409670836,6409670843,12,40.0,5
6409670843,644610773,12,40.0,5
644610773,6661608929,12,40.0,5
6661608929,6659112952,12,40.0,5
6659112952,6659060534,12,40.0,5
6659060534,3192345681,12,40.0,5
3192345681,644610771,12,40.0,5
644610771,1144975950,12,40.0,5
1144975950,619176752,12,40.0,5
619176752,5152916556,12,40.0,5
5152916556,644610788,12,40.0,5
13683965566,4980201976,12,40.0,5
127658294,4798968764,12,40.0,5
4798968764,60796643,12,40.0,5
60796643,13684016491,12,40.0,5
13684016491,679008488,12,40.0,5
679008488,6658930228,12,40.0,5
6658930228,13690509392,12,40.0,5
13690509392,653453153,12,40.0,5
653453153,5510037836,12,40.0,5
5510037836,10089844685,12,40.0,5
10089844685,10660932931,12,40.0,5
10660932931,10089844686,12,40.0,5
5749689415,6661767520,12,40.0,5
6661767520,6661767522,12,40.0,5
6661767522,5749689417,12,40.0,5
5749689417,5749689418,12,40.0,5
5749689418,6661767519,12,40.0,5
6661767519,6661767536,12,40.0,5
6661767536,6661767526,12,40.0,5
6661767526,6661767527,12,40.0,5
6661767527,6661767528,12,40.0,5
11539552320,674570921,12,40.0,5
674570921,11849572273,12,40.0,5
11849572273,11849572274,12,40.0,5
11849572274,674570924,12,40.0,5
674570924,11849572272,12,40.0,5
11849572272,11539404354,12,40.0,5
11539404354,674570425,12,40.0,5
674570425,674570931,12,40.0,5
674570931,11849572270,12,40.0,5
11849572270,11849572269,12,40.0,5
11849572269,11849572271,12,40.0,5
11849572271,11849539568,12,40.0,5
11849539568,11849539567,12,40.0,5
11849539567,11849539566,12,40.0,5
11849539566,674570935,12,40.0,5
674570935,674570940,12,40.0,5
672819129,6421737385,12,40.0,5
6421737385,673885555,12,40.0,5
673885555,673885550,12,40.0,5
673885550,673885565,12,40.0,5
6631008137,6631008136,12,40.0,5
6631008136,6631008135,12,40.0,5
6631008135,6631008133,12,40.0,5
6631008133,6631008132,12,40.0,5
6631008132,6631008131,12,40.0,5
6631008131,11264401474,12,40.0,5
11264401474,6631008130,12,40.0,5
6631008130,14205774612,12,40.0,5
14205774612,670285100,12,40.0,5
670285100,670285101,12,40.0,5
670285101,670285103,12,40.0,5
670285103,642970401,12,40.0,5
642970401,642970400,12,40.0,5
642970400,2527545829,12,40.0,5
2527545829,2527545828,12,40.0,5
2527545828,670285108,12,40.0,5
670285108,6487553311,12,40.0,5
6487553311,642970396,12,40.0,5
642970396,1985244119,12,40.0,5
622355200,622355201,12,40.0,5
622355201,3774656194,12,40.0,5
3774656194,3774656196,12,40.0,5
3774656196,3774656195,12,40.0,5
653109542,13673101078,12,40.0,5
2418682202,1280061816,12,40.0,5
1280061816,1280061815,12,40.0,5
1280061815,1280061810,12,40.0,5
1280061810,1280061835,12,40.0,5
1280061835,13673393285,12,40.0,5
13673393285,13673393286,12,40.0,5
13673393286,13673393288,12,40.0,5
13673393288,13673393287,12,40.0,5
13673393287,13673393292,12,40.0,5
13673393292,13673393283,12,40.0,5
13673393283,13673393291,12,40.0,5
13673393291,13673393275,12,40.0,5
13673393275,13673393290,12,40.0,5
13673393290,13673393289,12,40.0,5
13673393289,13673393293,12,40.0,5
13673393293,13673393294,12,40.0,5
13673393294,13673393295,12,40.0,5
13673393295,13673393296,12,40.0,5
13673393296,13710172263,12,40.0,5
13710172263,13673393297,12,40.0,5
13698397495,13698430230,12,40.0,5
13698430230,13698430231,12,40.0,5
13698430231,13698430232,12,40.0,5
13698430232,13698430233,12,40.0,5
13698430233,13698430234,12,40.0,5
13698430234,13698430235,12,40.0,5
13698430245,13698430246,12,40.0,5
13698430246,13698430247,12,40.0,5
13698430248,13698430249,12,40.0,5
13698430249,6991295084,12,40.0,5
6991295084,13698430250,12,40.0,5
13698430250,13698430253,12,40.0,5
13698430253,13698430216,12,40.0,5
13698430216,13698430217,12,40.0,5
13698430217,13698397487,12,40.0,5
13698397487,13698397488,12,40.0,5
13698397488,9740502127,12,40.0,5
9740502127,5404429575,12,40.0,5
5404429575,13698397483,12,40.0,5
13698397483,637603507,12,40.0,5
637603507,1128191608,12,40.0,5
1128191608,5404429600,12,40.0,5
5404429600,1128188331,12,40.0,5
1128188331,3085648485,12,40.0,5
3085648485,13701084907,12,40.0,5
13701084907,644610766,12,40.0,5
644610766,191815063,12,40.0,5
191815063,7862388210,12,40.0,5
7862388210,262607615,12,40.0,5
262607615,262607614,12,40.0,5
262607614,644610694,12,40.0,5
644610694,644610695,12,40.0,5
644610695,13695412043,12,40.0,5
13695412043,13695412041,12,40.0,5
13695412041,13695412042,12,40.0,5
13695412042,13695412040,12,40.0,5
13695412040,13695412039,12,40.0,5
13695412039,644610702,12,40.0,5
644610702,644610703,12,40.0,5
644610703,644610704,12,40.0,5
644610704,3993586915,12,40.0,5
3993586915,644610705,12,40.0,5
644610705,13695751618,12,40.0,5
13695751618,644610708,12,40.0,5
644610708,644610679,12,40.0,5
2096385454,2096385455,12,40.0,5
2096385455,2131864642,12,40.0,5
2131864642,2034260136,12,40.0,5
3192341504,3192341505,12,40.0,5
673067147,673067169,12,40.0,5
673067169,4181833311,12,40.0,5
4181833311,4181833310,12,40.0,5
4181833310,4181833309,12,40.0,5
13506866656,13506866657,12,40.0,5
13506866657,13506866658,12,40.0,5
13506866658,13506866659,12,40.0,5
13506866659,13506866660,12,40.0,5
13506866660,3742220445,12,40.0,5
11578007864,11578007863,12,40.0,5
11578007863,11578007862,12,40.0,5
11578007862,11578007861,12,40.0,5
11578007861,11578007860,12,40.0,5
11578007860,11578007859,12,40.0,5
673885554,673885555,12,40.0,5
673885555,6421737385,12,40.0,5
6421737385,672819129,12,40.0,5
672819129,6661641486,12,40.0,5
6661641486,6661636483,12,40.0,5
6661636483,6661636482,12,40.0,5
6661636482,673882764,12,40.0,5
673882764,673885559,12,40.0,5
673885559,673885556,12,40.0,5
673885556,10100382483,12,40.0,5
10100382483,5490286082,12,40.0,5
5490286082,10100382516,12,40.0,5
10100382516,673885562,12,40.0,5
673885562,673882753,12,40.0,5
673882753,673882754,12,40.0,5
673882754,673882755,12,40.0,5
673882755,673882756,12,40.0,5
673882756,673882757,12,40.0,5
673882757,5309894465,12,40.0,5
5309894465,673882758,12,40.0,5
673882758,10209512211,12,40.0,5
10209512211,673882750,12,40.0,5
240378550,969057655,12,40.0,5
969057655,654176566,12,40.0,5
3401467561,599129847,12,40.0,5
599129847,10046834607,12,40.0,5
10046834607,1838453719,12,40.0,5
1838453719,1249807584,12,40.0,5
1249807584,1249801963,12,40.0,5
1249801963,60798029,12,40.0,5
60798029,1533913627,12,40.0,5
5602556765,60797422,12,40.0,5
1838453725,1838453718,12,40.0,5
1838453718,5024706575,12,40.0,5
5024706575,1838453731,12,40.0,5
1838453731,5024706577,12,40.0,5
5024706577,5024706578,12,40.0,5
674866752,674866754,12,40.0,5
674866754,639804463,12,40.0,5
639804463,674866760,12,40.0,5
3784224178,643017407,12,40.0,5
269351910,9740487158,12,40.0,5
9740487158,3822166039,12,40.0,5
3822166039,5556873228,12,40.0,5
5556873228,10565943921,12,40.0,5
10565943921,5556873233,12,40.0,5
5556873233,3774751881,12,40.0,5
3774751881,269351911,12,40.0,5
269351911,10777608621,12,40.0,5
3804259501,3804259497,12,40.0,5
3804259497,3804259496,12,40.0,5
3804259496,3804259494,12,40.0,5
3804259494,3804259491,12,40.0,5
3804259491,11762736411,12,40.0,5
11762736411,2105200708,12,40.0,5
2105200708,2105200703,12,40.0,5
2105200703,2105200718,12,40.0,5
2105200718,14211197182,12,40.0,5
14211197182,4692153526,12,40.0,5
4692153526,683786368,12,40.0,5
683786368,2105200701,12,40.0,5
2105200701,5864750061,12,40.0,5
5864750061,683786367,12,40.0,5
683786367,683786343,12,40.0,5
683786343,3979363128,12,40.0,5
3979363128,3979363127,12,40.0,5
3979363127,5864750060,12,40.0,5
5864750060,683786361,12,40.0,5
4032650236,4032650235,12,40.0,5
3150394238,3887415833,12,40.0,5
5783270662,5783270663,12,40.0,5
5783270663,5783270661,12,40.0,5
5783270661,673918225,12,40.0,5
673918225,642994312,12,40.0,5
642994312,268931390,12,40.0,5
268931390,3643759994,12,40.0,5
3643759994,3643759993,12,40.0,5
3643759993,268931393,12,40.0,5
268931393,268931397,12,40.0,5
268931397,3643759995,12,40.0,5
3643759995,3643759996,12,40.0,5
3643759996,129616067,12,40.0,5
6234044303,10243703019,12,40.0,5
10243703019,6234044304,12,40.0,5
6234044304,6234044287,12,40.0,5
6234044287,6658678810,12,40.0,5
6658678810,12875429374,12,40.0,5
12875429374,6234042657,12,40.0,5
6234042657,6234044313,12,40.0,5
6234044313,6234044288,12,40.0,5
6234044288,6234044307,12,40.0,5
6234044307,6234044308,12,40.0,5
6234044308,6234044314,12,40.0,5
6234044314,6233578624,12,40.0,5
6233578624,10243703015,12,40.0,5
10243703015,6233578625,12,40.0,5
6233578625,6233578627,12,40.0,5
6233578627,6233578613,12,40.0,5
6233578613,6233578629,12,40.0,5
6233578629,10243703010,12,40.0,5
10243703010,6233578621,12,40.0,5
1863456310,1863456303,12,40.0,5
1863456303,9837853788,12,40.0,5
6659112938,6659112941,12,40.0,5
6659112941,10023252744,12,40.0,5
10023252744,6659112943,12,40.0,5
6659112943,6659112946,12,40.0,5
6659112946,6659112948,12,40.0,5
6659112948,6659112951,12,40.0,5
6659112951,6659112953,12,40.0,5
3742220437,3742220438,12,40.0,5
13673292333,621993848,12,40.0,5
621993848,6517620151,12,40.0,5
6517620151,13673292332,12,40.0,5
13673292332,3808899008,12,40.0,5
3808899008,6517572675,12,40.0,5
6517572675,5136791095,12,40.0,5
5136791095,13673292331,12,40.0,5
13673292331,5136791097,12,40.0,5
5136791097,678343030,12,40.0,5
678343030,13673566377,12,40.0,5
13673566377,13675281398,12,40.0,5
13675281398,618309296,12,40.0,5
5087014970,5087014972,12,40.0,5
5087014972,681978187,12,40.0,5
681978187,5087014975,12,40.0,5
5087014975,5087014977,12,40.0,5
5087014977,5087014978,12,40.0,5
5087014978,5087014980,12,40.0,5
5087014980,681977893,12,40.0,5
681977893,10629337905,12,40.0,5
10629337905,10555850729,12,40.0,5
10555850729,681977803,12,40.0,5
681977803,681872075,12,40.0,5
681872075,5087014987,12,40.0,5
5087014987,5087014985,12,40.0,5
5087014985,10555850728,12,40.0,5
10555850728,681872145,12,40.0,5
642959784,642959782,12,40.0,5
642959782,642959781,12,40.0,5
642959781,642959780,12,40.0,5
1912464506,1912464473,12,40.0,5
1912464473,4077044433,12,40.0,5
4077044433,1912464491,12,40.0,5
1912464491,9918525554,12,40.0,5
9918525554,9918525553,12,40.0,5
9918525553,9918525552,12,40.0,5
9918525552,4879924495,12,40.0,5
4879924495,1912464471,12,40.0,5
1912464471,1912464500,12,40.0,5
1912464500,7436504555,12,40.0,5
7436504555,257871623,12,40.0,5
257871623,257871620,12,40.0,5
257871620,3340970984,12,40.0,5
3340970984,9918517206,12,40.0,5
9918517206,9918525526,12,40.0,5
9918525526,1185550538,12,40.0,5
1185550538,14038984029,12,40.0,5
14038984029,9918467771,12,40.0,5
9918467771,257871617,12,40.0,5
257871617,257871616,12,40.0,5
257871616,9918467770,12,40.0,5
9918467770,3340970987,12,40.0,5
3340970987,14235228841,12,40.0,5
14235228841,673072117,12,40.0,5
673072117,10996509860,12,40.0,5
10996509860,4181855501,12,40.0,5
4181855501,3340971194,12,40.0,5
3340971194,4181840610,12,40.0,5
4181840610,1185550600,12,40.0,5
1185550600,14235228844,12,40.0,5
14235228844,5310185228,12,40.0,5
5310185228,257871600,12,40.0,5
257871600,257871595,12,40.0,5
257871595,5310173991,12,40.0,5
5310173991,14088321228,12,40.0,5
14088321228,5310173992,12,40.0,5
5310173992,3340970982,12,40.0,5
3340970982,257871589,12,40.0,5
257871589,3340971202,12,40.0,5
3340971202,3340971207,12,40.0,5
3340971207,257871587,12,40.0,5
257871587,673072121,12,40.0,5
673882750,10209512211,12,40.0,5
10209512211,673882758,12,40.0,5
673882758,5309894465,12,40.0,5
5309894465,673882757,12,40.0,5
673882757,673882756,12,40.0,5
673882756,673882755,12,40.0,5
673882755,673882754,12,40.0,5
673882754,673882753,12,40.0,5
673882753,673885562,12,40.0,5
673885562,10100382516,12,40.0,5
10100382516,5490286082,12,40.0,5
5490286082,10100382483,12,40.0,5
10100382483,673885556,12,40.0,5
673885556,673885559,12,40.0,5
673885559,673882764,12,40.0,5
673882764,6661636482,12,40.0,5
6661636482,6661636483,12,40.0,5
6661636483,6661641486,12,40.0,5
6661641486,672819129,12,40.0,5
673882739,673882738,12,40.0,5
6991297240,6991297242,12,40.0,5
6991297242,6991297244,12,40.0,5
6991297244,6991297246,12,40.0,5
6991297246,6991297252,12,40.0,5
6991297252,6991297254,12,40.0,5
6991297254,269351933,12,40.0,5
269351933,269351932,12,40.0,5
269351932,269351931,12,40.0,5
269351931,269351930,12,40.0,5
269351930,269351929,12,40.0,5
269351929,5144593857,12,40.0,5
5144593857,269351928,12,40.0,5
269351928,269351927,12,40.0,5
269351927,11955087915,12,40.0,5
11955087915,2034206009,12,40.0,5
2034206009,252537806,12,40.0,5
10217285592,6289234293,12,40.0,5
6289234293,5217865784,12,40.0,5
5217865784,5217865786,12,40.0,5
3577917013,618500301,12,40.0,5
637478183,12404232756,12,40.0,5
12404232756,5480748632,12,40.0,5
599131267,4010627208,12,40.0,5
403816178,4485328017,12,40.0,5
4485328017,4485328016,12,40.0,5
4485328016,666634751,12,40.0,5
666634751,666634756,12,40.0,5
666634756,666634675,12,40.0,5
666634675,666634779,12,40.0,5
666634779,3379019561,12,40.0,5
3379019561,666634781,12,40.0,5
666634781,666634783,12,40.0,5
666634783,666634626,12,40.0,5
666634626,666634628,12,40.0,5
666634628,666634635,12,40.0,5
666634635,666634638,12,40.0,5
666634638,666634644,12,40.0,5
666634644,666634646,12,40.0,5
666634646,666634647,12,40.0,5
666634647,3804297255,12,40.0,5
3804297255,3804297256,12,40.0,5
3804297256,3403158282,12,40.0,5
3403158282,3804297261,12,40.0,5
1838419666,2077643771,12,40.0,5
2077643771,3774751880,12,40.0,5
3774751880,10296971157,12,40.0,5
10296971157,635164715,12,40.0,5
2049615733,13700217582,12,40.0,5
13700217582,3803009197,12,40.0,5
3803009197,13697331827,12,40.0,5
13697331827,3803009196,12,40.0,5
3803009196,13700217579,12,40.0,5
13700217579,127658560,12,40.0,5
3617752195,3343735990,12,40.0,5
191792698,7168916354,12,40.0,5
7168916354,599132988,12,40.0,5
599132988,9472244849,12,40.0,5
9472244849,6388455744,12,40.0,5
6388455744,13683158995,12,40.0,5
13683158995,599131273,12,40.0,5
599131273,667278654,12,40.0,5
7156026262,7156026261,12,40.0,5
7156026261,13700184465,12,40.0,5
13700184465,678259140,12,40.0,5
678259140,13676890500,12,40.0,5
13676890500,678259189,12,40.0,5
678259189,635779943,12,40.0,5
11135445520,654166212,12,40.0,5
654166212,5766339943,12,40.0,5
1838393520,1838393499,12,40.0,5
1838393499,666892416,12,40.0,5
666892416,3803018777,12,40.0,5
3803018777,3803018776,12,40.0,5
3803018776,13673600169,12,40.0,5
13673600169,666892420,12,40.0,5
6658817546,6658817550,12,40.0,5
6658817550,6658817548,12,40.0,5
6658817548,13680517510,12,40.0,5
13680517510,13680500732,12,40.0,5
13680500732,13680517511,12,40.0,5
13680517511,13680500734,12,40.0,5
13680500734,6658817549,12,40.0,5
403816072,403816066,12,40.0,5
403816066,10241727226,12,40.0,5
10241727226,13676883769,12,40.0,5
13676883769,5000284901,12,40.0,5
5000284901,3816441624,12,40.0,5
3816441624,313410279,12,40.0,5
10255186888,10255186877,12,40.0,5
10255186877,10255186878,12,40.0,5
10255186878,10255186879,12,40.0,5
10255186879,10255186880,12,40.0,5
10255186880,10255186881,12,40.0,5
9485422757,9485422756,12,40.0,5
9485422756,9485422755,12,40.0,5
9485422755,9485422754,12,40.0,5
9485422754,13677168918,12,40.0,5
13677168918,13677168919,12,40.0,5
13677168919,9485422751,12,40.0,5
9485422751,9485422750,12,40.0,5
9485422750,9485422749,12,40.0,5
9485422749,9485422748,12,40.0,5
9485422748,9485422747,12,40.0,5
9485422747,9485422768,12,40.0,5
9485422768,3340914404,12,40.0,5
3340914404,6258520698,12,40.0,5
6258520698,6258520697,12,40.0,5
6258520697,3340914402,12,40.0,5
3340914402,678255273,12,40.0,5
621993789,13673566705,12,40.0,5
13673566705,3803005997,12,40.0,5
3803005997,621997497,12,40.0,5
621997497,675904179,12,40.0,5
635795966,13710172243,12,40.0,5
13710172243,3803006232,12,40.0,5
3803006232,675889372,12,40.0,5
675889372,5424541444,12,40.0,5
5424541444,3803006233,12,40.0,5
2083152264,2083152249,12,40.0,5
2083152249,639804403,12,40.0,5
639804403,639804416,12,40.0,5
3742213237,253022199,12,40.0,5
253022199,3742213239,12,40.0,5
3742213239,6219761743,12,40.0,5
6219761743,268931155,12,40.0,5
268931155,268931195,12,40.0,5
268931195,253022224,12,40.0,5
253022224,253022230,12,40.0,5
253022230,127658727,12,40.0,5
240378551,240378552,12,40.0,5
240378552,3478604789,12,40.0,5
3478604789,9472908124,12,40.0,5
9472908124,4328944071,12,40.0,5
4328944071,9472908125,12,40.0,5
9472908125,4328944072,12,40.0,5
12857698287,12857698286,12,40.0,5
12857698286,3354435502,12,40.0,5
3354435502,683793322,12,40.0,5
683793322,3354437320,12,40.0,5
3354437320,5057792733,12,40.0,5
5057792733,3354435497,12,40.0,5
3354435497,3354435186,12,40.0,5
3354435186,683788971,12,40.0,5
683788971,5290309688,12,40.0,5
5290309688,4998134203,12,40.0,5
4998134203,4998134204,12,40.0,5
4998134204,5290309687,12,40.0,5
5290309687,5627560772,12,40.0,5
5627560772,5627560764,12,40.0,5
681898829,6234042657,12,40.0,5
6234044288,12875420561,12,40.0,5
12875420561,3988285709,12,40.0,5
3988285709,12875420559,12,40.0,5
12875420559,1839459830,12,40.0,5
1839459830,11006731940,12,40.0,5
11006731940,11006731941,12,40.0,5
11006731941,12875420557,12,40.0,5
12875420557,12875420556,12,40.0,5
12875420556,12875420555,12,40.0,5
12504399442,12504399443,12,40.0,5
12504399443,12504399444,12,40.0,5
12504399444,2382112597,12,40.0,5
2382112597,2382112598,12,40.0,5
2382112598,2382112594,12,40.0,5
2382112594,2382112583,12,40.0,5
2382112583,5895890301,12,40.0,5
5895890301,646906639,12,40.0,5
646906639,646906647,12,40.0,5
646906647,5895890300,12,40.0,5
5895890300,4213197060,12,40.0,5
4213197060,4213197271,12,40.0,5
4213197271,11726454420,12,40.0,5
11726454420,1147957794,12,40.0,5
1147957794,4212060297,12,40.0,5
4212060297,646906661,12,40.0,5
646906661,646906662,12,40.0,5
646906662,646906667,12,40.0,5
646906667,2034260187,12,40.0,5
2034260187,12100076465,12,40.0,5
12100076465,646906672,12,40.0,5
646906672,646906677,12,40.0,5
646906677,2034242895,12,40.0,5
2034242895,12100076459,12,40.0,5
12100076459,1147957791,12,40.0,5
1147957791,646913682,12,40.0,5
666896017,13673600186,12,40.0,5
13673600186,3803006351,12,40.0,5
3803006351,1838393522,12,40.0,5
11137496132,11137496131,12,40.0,5
11137496131,11137496130,12,40.0,5
11137496130,11137496134,12,40.0,5
11137496134,3773070276,12,40.0,5
3773070276,150994801,12,40.0,5
12992394473,12992394472,12,40.0,5
12992394472,12992394471,12,40.0,5
12992394471,12992394470,12,40.0,5
12992394470,12992394469,12,40.0,5
12992394469,12992394468,12,40.0,5
12992394468,642959738,12,40.0,5
642959738,642959708,12,40.0,5
642959708,12992777092,12,40.0,5
12992777092,642959709,12,40.0,5
642959709,642959710,12,40.0,5
642959710,642959756,12,40.0,5
642959756,642959755,12,40.0,5
642959755,642959754,12,40.0,5
642959754,642959752,12,40.0,5
673067066,3804259460,12,40.0,5
3804259460,3804259462,12,40.0,5
3804259462,3804259464,12,40.0,5
12404232746,2160910339,12,40.0,5
621993781,621993776,12,40.0,5
621993776,2152817006,12,40.0,5
2152817006,666872920,12,40.0,5
666872920,621993774,12,40.0,5
621993774,9924586660,12,40.0,5
9924586660,621993757,12,40.0,5
5818324545,969057658,12,40.0,5
969057658,5818324552,12,40.0,5
5818324552,969057655,12,40.0,5
240378550,3816448464,12,40.0,5
3816448464,10241722474,12,40.0,5
10241722474,654176570,12,40.0,5
654176570,403816147,12,40.0,5
403816147,240378549,12,40.0,5
240378549,8789346638,12,40.0,5
8789346638,11993083759,12,40.0,5
11993083759,3799580317,12,40.0,5
3799580317,403816148,12,40.0,5
403816148,654172782,12,40.0,5
654172782,240378548,12,40.0,5
240378548,6509418078,12,40.0,5
6509418078,6509418077,12,40.0,5
6509418077,10211868389,12,40.0,5
10211868389,4422645690,12,40.0,5
4422645690,6509418076,12,40.0,5
6509418076,403816149,12,40.0,5
403816149,4422645697,12,40.0,5
4422645697,6509418074,12,40.0,5
6509418074,4422645689,12,40.0,5
4422645689,10261690702,12,40.0,5
10261690702,6509418075,12,40.0,5
6509418075,61802472,12,40.0,5
13685134638,3192344311,12,40.0,5
3192344311,3192344312,12,40.0,5
3192344312,5292445086,12,40.0,5
5292445086,13683829310,12,40.0,5
13683829310,1480092668,12,40.0,5
1480092668,5250554648,12,40.0,5
5250554648,3192347723,12,40.0,5
3192347723,1480092694,12,40.0,5
3192347674,3192347725,12,40.0,5
3192347725,1480092685,12,40.0,5
4181840609,4181840610,12,40.0,5
4181840610,3340971194,12,40.0,5
3340971194,4181855501,12,40.0,5
4181855501,10996509860,12,40.0,5
10996509860,673072117,12,40.0,5
673072117,14235228841,12,40.0,5
14235228841,3340970987,12,40.0,5
3340970987,9918467770,12,40.0,5
9918467770,257871616,12,40.0,5
257871616,257871617,12,40.0,5
257871617,9918467771,12,40.0,5
9918467771,14038984029,12,40.0,5
14038984029,1185550538,12,40.0,5
1185550538,9918525526,12,40.0,5
9918525526,9918517206,12,40.0,5
9918517206,3340970984,12,40.0,5
3340970984,257871620,12,40.0,5
257871620,257871623,12,40.0,5
257871623,7436504555,12,40.0,5
7436504555,1912464500,12,40.0,5
1912464500,1912464490,12,40.0,5
1912464490,1912464480,12,40.0,5
1912464480,9918467762,12,40.0,5
9918467762,9918467761,12,40.0,5
9918467761,1912464509,12,40.0,5
1912464509,4077044429,12,40.0,5
4077044429,4879920439,12,40.0,5
4879920439,1912464519,12,40.0,5
1912464519,1912464483,12,40.0,5
1912464483,3942467945,12,40.0,5
3942467945,635166240,12,40.0,5
12100076472,2093030680,12,40.0,5
2093030680,10046535175,12,40.0,5
10046535175,696464252,12,40.0,5
10902062121,621954102,12,40.0,5
5087014965,681977976,12,40.0,5
681977976,3307465964,12,40.0,5
3307465964,10629315482,12,40.0,5
10629315482,681977743,12,40.0,5
681977743,1131862364,12,40.0,5
1131862364,618534020,12,40.0,5
618534020,618534023,12,40.0,5
618534023,3307465963,12,40.0,5
3307465963,10876916936,12,40.0,5
10876916936,6991389192,12,40.0,5
6991389192,653145978,12,40.0,5
9075697853,2304486097,12,40.0,5
2304486097,2304486095,12,40.0,5
2304486095,619224265,12,40.0,5
619224265,13684602357,12,40.0,5
13684602357,9468456342,12,40.0,5
9468456342,2083191852,12,40.0,5
2083191852,13679835515,12,40.0,5
13679835515,5363740457,12,40.0,5
5363740457,2083191856,12,40.0,5
2083191856,13684477254,12,40.0,5
13684477254,13684477271,12,40.0,5
13684477271,9468456341,12,40.0,5
9468456341,3538135690,12,40.0,5
3538135690,3645629482,12,40.0,5
3645629482,5184845299,12,40.0,5
5184845299,9468456340,12,40.0,5
9468456340,619224259,12,40.0,5
619224259,1863416592,12,40.0,5
1863416592,1863416596,12,40.0,5
1863416596,10268955082,12,40.0,5
10268955082,3922504214,12,40.0,5
3922504214,13654834517,12,40.0,5
13654834517,13654834518,12,40.0,5
13654834518,3922504217,12,40.0,5
3922504217,13654834519,12,40.0,5
13654834519,10268955084,12,40.0,5
10268955084,619224244,12,40.0,5
619224244,5240342858,12,40.0,5
5240342858,13654834520,12,40.0,5
13654834520,13654834521,12,40.0,5
13654834521,13654834522,12,40.0,5
13654834522,13654834523,12,40.0,5
13654834523,619224243,12,40.0,5
619224243,12831264021,12,40.0,5
12831264021,13654834524,12,40.0,5
13654834524,10268955086,12,40.0,5
10268955086,1863416597,12,40.0,5
1863416597,13654834525,12,40.0,5
13654834525,13654834526,12,40.0,5
13654834526,13654834527,12,40.0,5
13654834527,653145913,12,40.0,5
653145913,1863416573,12,40.0,5
11993083758,11993083759,12,40.0,5
619224223,10268955090,12,40.0,5
10268955090,6689536415,12,40.0,5
6689536415,1863416593,12,40.0,5
3922504210,1863416598,12,40.0,5
1863416598,13654834516,12,40.0,5
13654834516,1863416576,12,40.0,5
1863416576,10268955085,12,40.0,5
10268955085,3922504213,12,40.0,5
3922504213,1863416582,12,40.0,5
1863416582,10268955083,12,40.0,5
10268955083,1863416592,12,40.0,5
3645629484,3799955087,12,40.0,5
3799955087,3799955088,12,40.0,5
3799955088,3799955089,12,40.0,5
3799955089,3799955091,12,40.0,5
3799955091,3799955092,12,40.0,5
3799955092,3799955093,12,40.0,5
3799955093,2551996197,12,40.0,5
2551996197,3799955095,12,40.0,5
3799955095,3799955096,12,40.0,5
3799955096,3799955097,12,40.0,5
3799955097,3799955109,12,40.0,5
3799955109,3799955116,12,40.0,5
3799955116,3799955118,12,40.0,5
6277459304,3742192428,12,40.0,5
3799898181,9472503255,12,40.0,5
9472503255,9472503257,12,40.0,5
9472503257,9472503259,12,40.0,5
9472503259,9472503261,12,40.0,5
9472503261,9472503263,12,40.0,5
9472503263,9472503265,12,40.0,5
9472503265,9472503252,12,40.0,5
9472503252,9472503299,12,40.0,5
9472503299,9472503279,12,40.0,5
9472503279,3187821033,12,40.0,5
3187821033,3187821032,12,40.0,5
3187821032,3187822045,12,40.0,5
3187822045,3187822041,12,40.0,5
3187822041,3187822046,12,40.0,5
3187822046,3187822037,12,40.0,5
3187822037,6277612419,12,40.0,5
6277612419,3187822038,12,40.0,5
3187822038,6277612420,12,40.0,5
6277612420,6277612421,12,40.0,5
6277612421,3187822035,12,40.0,5
3187822035,3187822055,12,40.0,5
3187822055,3187822054,12,40.0,5
3187822054,4624583512,12,40.0,5
4624583512,3187822047,12,40.0,5
3187822047,3187822048,12,40.0,5
3187822048,3187822053,12,40.0,5
3187822053,3187822043,12,40.0,5
3187822043,3187822032,12,40.0,5
3187822032,6277612425,12,40.0,5
6277612425,3187822044,12,40.0,5
3187822044,6277612424,12,40.0,5
6277612424,313411340,12,40.0,5
313411340,6277612410,12,40.0,5
6277612410,6277612409,12,40.0,5
6277612409,6277612439,12,40.0,5
6277612439,5904513213,12,40.0,5
5904513213,10260948482,12,40.0,5
10260948482,6277612426,12,40.0,5
6277612426,6277612438,12,40.0,5
6277612438,654187177,12,40.0,5
654187177,6225816780,12,40.0,5
252537953,2122136861,12,40.0,5
2122136861,2122136858,12,40.0,5
2122136858,2122136859,12,40.0,5
13683707402,6233414084,12,40.0,5
6233414084,6233418786,12,40.0,5
6233418786,6233418789,12,40.0,5
6233418789,2094306170,12,40.0,5
2094306170,6233414078,12,40.0,5
6661830272,6661830273,12,40.0,5
2365430003,4214562002,12,40.0,5
4214562002,2124719294,12,40.0,5
2124719294,2124719302,12,40.0,5
2124719302,4979993291,12,40.0,5
4979993291,403874759,12,40.0,5
403874759,2096703171,12,40.0,5
2096703171,5764702492,12,40.0,5
5764702492,5764702493,12,40.0,5
5764702493,2096703505,12,40.0,5
2096703505,3861737918,12,40.0,5
3861737918,4979993286,12,40.0,5
4979993286,2096703265,12,40.0,5
2096703265,2096703248,12,40.0,5
2096703248,4979979559,12,40.0,5
4979979559,11577998256,12,40.0,5
11577998256,11577998255,12,40.0,5
11577998255,11577998254,12,40.0,5
11577998254,11577998253,12,40.0,5
11577998253,11577998252,12,40.0,5
11577998252,11577998251,12,40.0,5
11577998251,11577998250,12,40.0,5
11577998250,11577998249,12,40.0,5
11577998249,11577998248,12,40.0,5
11577998248,11577998247,12,40.0,5
11577998247,11695975071,12,40.0,5
2122149115,2122149085,12,40.0,5
2122149085,2122149078,12,40.0,5
2122149078,2122149090,12,40.0,5
618528183,6230885416,12,40.0,5
2365430010,2365432269,12,40.0,5
2365432269,2365432271,12,40.0,5
2365432271,2365432272,12,40.0,5
2365432272,2365432273,12,40.0,5
2365432273,2365432274,12,40.0,5
2365432274,2365432452,12,40.0,5
2365432452,2365432454,12,40.0,5
667237458,673936699,12,40.0,5
673936699,673936694,12,40.0,5
673936694,673936690,12,40.0,5
673936690,4645587106,12,40.0,5
4645587106,4645587105,12,40.0,5
4645587105,667237463,12,40.0,5
667237463,3784224187,12,40.0,5
3784224187,667237466,12,40.0,5
191794735,13665645051,12,40.0,5
13665645051,9876529503,12,40.0,5
9876529503,3164313475,12,40.0,5
3164313475,8557927573,12,40.0,5
8557927573,3164313473,12,40.0,5
3164313473,7081602427,12,40.0,5
7081602427,13646588678,12,40.0,5
13646588678,13646588676,12,40.0,5
13646588676,91030428,12,40.0,5
91030428,9936374593,12,40.0,5
9936374593,8557927574,12,40.0,5
8557927574,9279617806,12,40.0,5
9279617806,3825231376,12,40.0,5
3825231376,13646588665,12,40.0,5
13646588665,91030417,12,40.0,5
91030417,91030374,12,40.0,5
91030374,13646588643,12,40.0,5
13646588643,3164258600,12,40.0,5
3164258600,13646588648,12,40.0,5
13646588648,13646588647,12,40.0,5
13646588647,3164258599,12,40.0,5
3164258599,3164258595,12,40.0,5
3164258595,13646588646,12,40.0,5
13646588646,3164258593,12,40.0,5
3164258593,9936374591,12,40.0,5
9936374591,8944102122,12,40.0,5
8944102122,5341432335,12,40.0,5
5341432335,91030325,12,40.0,5
91030325,12564186493,12,40.0,5
12564186493,8557962578,12,40.0,5
8557962578,3164258588,12,40.0,5
3164258588,13656753639,12,40.0,5
13656753639,12564186527,12,40.0,5
12564186527,91030212,12,40.0,5
91030212,13656753632,12,40.0,5
13656753632,11183657166,12,40.0,5
11183657166,9468271505,12,40.0,5
9468271505,13656753633,12,40.0,5
13656753633,13656753634,12,40.0,5
13656753634,13656753635,12,40.0,5
13656753635,13656753636,12,40.0,5
13656753636,9468271507,12,40.0,5
9468271507,9936374586,12,40.0,5
9936374586,3825207097,12,40.0,5
3825207097,9422182499,12,40.0,5
9422182499,9936374579,12,40.0,5
9936374579,682740001,12,40.0,5
682740001,5058708135,12,40.0,5
5058708135,10267780309,12,40.0,5
10267780309,2681929358,12,40.0,5
2681929358,7461515517,12,40.0,5
7461515517,2722414073,12,40.0,5
2722414073,2405861997,12,40.0,5
2405861997,3822208390,12,40.0,5
3822208390,3822208389,12,40.0,5
3822208389,1624014511,12,40.0,5
1624014511,5432083892,12,40.0,5
5432083892,3610840030,12,40.0,5
654159861,4693091685,12,40.0,5
4693091685,7399840477,12,40.0,5
7399840477,7399840479,12,40.0,5
7399840479,7399840478,12,40.0,5
7399840478,1217563137,12,40.0,5
1217563137,3186403683,12,40.0,5
3186403683,403816008,12,40.0,5
403816008,7399840476,12,40.0,5
7399840476,682653433,12,40.0,5
682653433,682652875,12,40.0,5
682652875,3187945566,12,40.0,5
3187945566,3187945564,12,40.0,5
3187945564,3187945562,12,40.0,5
3187945562,3187945567,12,40.0,5
3187945567,3187945563,12,40.0,5
3187945563,4615573835,12,40.0,5
4615573835,403816007,12,40.0,5
403816007,1217563141,12,40.0,5
1217563141,654159865,12,40.0,5
654159865,9491622381,12,40.0,5
9491622381,9491622382,12,40.0,5
9491622382,1217563150,12,40.0,5
1217563150,1217563122,12,40.0,5
1217563122,654159864,12,40.0,5
654159864,9491622380,12,40.0,5
9491622380,3186529289,12,40.0,5
3186529289,9491622365,12,40.0,5
9491622365,9491622366,12,40.0,5
9491622366,9491622367,12,40.0,5
9491622367,9491622368,12,40.0,5
9491622368,9491622369,12,40.0,5
9491622369,9491622364,12,40.0,5
9491622364,9491622376,12,40.0,5
9491622376,9491622377,12,40.0,5
9491622377,9491622378,12,40.0,5
9491622378,403815995,12,40.0,5
403815995,403816016,12,40.0,5
403816016,403816017,12,40.0,5
403816017,7884277299,12,40.0,5
7884277299,1217563126,12,40.0,5
1217563126,5264072926,12,40.0,5
5264072926,5264072927,12,40.0,5
5264072927,5264072928,12,40.0,5
5264072928,5264072929,12,40.0,5
5264072929,5264072925,12,40.0,5
5264072925,2546744818,12,40.0,5
4201433905,681527278,12,40.0,5
681527278,681527267,12,40.0,5
681527267,681527397,12,40.0,5
681527397,681527395,12,40.0,5
681527395,681527393,12,40.0,5
681527393,681527391,12,40.0,5
681527391,6757772160,12,40.0,5
6757772160,6757772161,12,40.0,5
6757772161,6757772163,12,40.0,5
6757772163,6757772162,12,40.0,5
6757772162,3799580291,12,40.0,5
5138797403,1839445241,12,40.0,5
1839445241,1839445145,12,40.0,5
1839445145,599809023,12,40.0,5
599809023,3993490601,12,40.0,5
3993490601,13697386472,12,40.0,5
13697386472,599809022,12,40.0,5
599809022,599809021,12,40.0,5
599809021,9243057496,12,40.0,5
4709558104,2419545239,12,40.0,5
2419545239,5375536059,12,40.0,5
5375536059,679007194,12,40.0,5
679007194,3924374657,12,40.0,5
3924374657,127658294,12,40.0,5
4980010458,4980010460,12,40.0,5
206598008,674935133,12,40.0,5
674935133,1737436561,12,40.0,5
1737436561,206598048,12,40.0,5
206598048,3774582634,12,40.0,5
3774582634,3773087202,12,40.0,5
3773087202,3115205197,12,40.0,5
3115205197,1737436567,12,40.0,5
1737436567,1737436578,12,40.0,5
1737436578,7205862645,12,40.0,5
7205862645,11575760707,12,40.0,5
11575760707,7241425511,12,40.0,5
7241425511,7205862643,12,40.0,5
7205862643,7205862652,12,40.0,5
7205862652,7205862647,12,40.0,5
7205862647,7205862638,12,40.0,5
7205862638,7241425513,12,40.0,5
7241425513,7205862648,12,40.0,5
7205862648,7205862639,12,40.0,5
7205862639,1737436593,12,40.0,5
1737436593,11575760721,12,40.0,5
11575760721,1737485357,12,40.0,5
1737485357,208541239,12,40.0,5
208541239,622359215,12,40.0,5
622359215,1737485364,12,40.0,5
1737485364,1737485365,12,40.0,5
1737485365,674682470,12,40.0,5
674682470,1737485373,12,40.0,5
6260384155,1737485408,12,40.0,5
1737485408,256664026,12,40.0,5
256664026,6260384168,12,40.0,5
6260384168,6260384173,12,40.0,5
1737485405,1737485477,12,40.0,5
1737485477,256664034,12,40.0,5
256664034,678829717,12,40.0,5
678829717,678829718,12,40.0,5
678829718,3774656098,12,40.0,5
3774656098,11514220302,12,40.0,5
11514220302,256664041,12,40.0,5
256664041,11514220738,12,40.0,5
11514220738,5373602996,12,40.0,5
5373602996,256664043,12,40.0,5
256664043,11421813182,12,40.0,5
11421813182,625826078,12,40.0,5
625826078,3504289844,12,40.0,5
3504289844,674943881,12,40.0,5
674943881,256664047,12,40.0,5
2578254849,619140979,12,40.0,5
619140979,4264741377,12,40.0,5
4264741377,3942452786,12,40.0,5
3942452786,4264739945,12,40.0,5
4264739945,683784047,12,40.0,5
683784047,3942467941,12,40.0,5
3942467941,5340854053,12,40.0,5
5340854053,683784062,12,40.0,5
683784062,619140987,12,40.0,5
619140987,618530970,12,40.0,5
643015460,643015462,12,40.0,5
643015462,643015470,12,40.0,5
643015470,5583066120,12,40.0,5
5583066120,11619973611,12,40.0,5
11619973611,5583066119,12,40.0,5
5583066119,643015475,12,40.0,5
643015475,5583073922,12,40.0,5
3774656091,678833315,12,40.0,5
678833315,678833317,12,40.0,5
678833317,5105031010,12,40.0,5
5105031010,622359080,12,40.0,5
622359080,5105031013,12,40.0,5
5105031013,3521489608,12,40.0,5
1838393522,666892399,12,40.0,5
4621961795,678255513,12,40.0,5
678255513,678255514,12,40.0,5
620401928,3785753683,12,40.0,5
3785753683,4645536640,12,40.0,5
4645536640,673927843,12,40.0,5
673927843,3785753684,12,40.0,5
3785753684,4645536636,12,40.0,5
4645536636,673927839,12,40.0,5
673927839,673927845,12,40.0,5
678287428,678287427,12,40.0,5
678287427,13598223088,12,40.0,5
13598223088,5174530090,12,40.0,5
5174530090,5174530099,12,40.0,5
5174530099,5174530066,12,40.0,5
5174530066,5021356601,12,40.0,5
5021356601,670808661,12,40.0,5
670808661,5174530085,12,40.0,5
5174530085,670813556,12,40.0,5
670813556,5174530667,12,40.0,5
5174530667,670808586,12,40.0,5
670808586,127658870,12,40.0,5
127658870,3355414496,12,40.0,5
3355414496,2394811119,12,40.0,5
2394811119,620380125,12,40.0,5
3073783902,11572169112,12,40.0,5
11572169112,13676680287,12,40.0,5
13676680287,13702559882,12,40.0,5
13702559882,13702559886,12,40.0,5
9924586652,9924586651,12,40.0,5
667760313,667760312,12,40.0,5
1912464465,1912464468,12,40.0,5
1912464468,4879920441,12,40.0,5
4879920441,1912464466,12,40.0,5
1912464466,1912464464,12,40.0,5
675890435,2077643775,12,40.0,5
2077643775,666892400,12,40.0,5
666892400,2077643781,12,40.0,5
2077643781,666892399,12,40.0,5
666892399,2077643758,12,40.0,5
2077643758,2077643777,12,40.0,5
679012538,679012226,12,40.0,5
679012226,5309894425,12,40.0,5
5309894425,5639990401,12,40.0,5
5639990401,5309894429,12,40.0,5
5309894429,639689245,12,40.0,5
639689245,626494160,12,40.0,5
626494160,626494159,12,40.0,5
626494159,5639990403,12,40.0,5
5639990403,4180058613,12,40.0,5
4180058613,626494155,12,40.0,5
626494155,4180058614,12,40.0,5
4180058614,4180058616,12,40.0,5
4180058616,626494154,12,40.0,5
626494154,1144959907,12,40.0,5
1144959907,626494152,12,40.0,5
254033158,254033157,12,40.0,5
254033157,5637458746,12,40.0,5
5637458746,5637458748,12,40.0,5
5637458748,254033156,12,40.0,5
254033156,9112065871,12,40.0,5
9112065871,9112065870,12,40.0,5
9112065870,254033155,12,40.0,5
254033155,4177495971,12,40.0,5
4177495971,8585430745,12,40.0,5
8585430745,11578128619,12,40.0,5
11578128619,1144959883,12,40.0,5
1144959883,673996054,12,40.0,5
2034206238,2034206192,12,40.0,5
2034206192,4177526161,12,40.0,5
4177526161,2034206119,12,40.0,5
2034206119,2034206212,12,40.0,5
667236888,667236895,12,40.0,5
667236895,3785753699,12,40.0,5
3785753699,667236835,12,40.0,5
667236835,11575797433,12,40.0,5
11575797433,673921040,12,40.0,5
673921040,667236834,12,40.0,5
667236834,667236833,12,40.0,5
667236833,3785753697,12,40.0,5
3785753697,3785753696,12,40.0,5
3785753696,667236830,12,40.0,5
673066207,3521474941,12,40.0,5
3521474941,673066206,12,40.0,5
673066206,673066205,12,40.0,5
5373513489,5373513488,12,40.0,5
635166201,10239515741,12,40.0,5
10239515741,3574700134,12,40.0,5
3574700134,5818215693,12,40.0,5
5818215693,673080466,12,40.0,5
673080466,5818215694,12,40.0,5
5818215694,5818215699,12,40.0,5
5818215699,5818215697,12,40.0,5
5818215697,5818215698,12,40.0,5
5818215698,2394674139,12,40.0,5
2394674139,2394674134,12,40.0,5
2394674134,2394674136,12,40.0,5
2394674136,2394674131,12,40.0,5
9490499438,3799898181,12,40.0,5
3799898181,9472503256,12,40.0,5
9472503256,9490499444,12,40.0,5
9490499444,9472503258,12,40.0,5
9472503258,9490499447,12,40.0,5
9490499447,9472503260,12,40.0,5
9472503260,9490499449,12,40.0,5
9490499449,9472503262,12,40.0,5
9472503262,9490499452,12,40.0,5
9490499452,9472503264,12,40.0,5
9472503264,9490499441,12,40.0,5
9490499441,9472503301,12,40.0,5
9472503301,654187582,12,40.0,5
654187582,3187822049,12,40.0,5
3187822049,3186396769,12,40.0,5
3186396769,3186396765,12,40.0,5
3186396765,3186397991,12,40.0,5
3186397991,654187583,12,40.0,5
654187583,3187821086,12,40.0,5
3187821086,3187821074,12,40.0,5
3187821074,3186396764,12,40.0,5
3186396764,3186396778,12,40.0,5
3186396778,4890412445,12,40.0,5
4890412445,9472503279,12,40.0,5
266907986,13167532340,12,40.0,5
13167532340,618033109,12,40.0,5
618033109,3822140160,12,40.0,5
3822140160,3365511304,12,40.0,5
3365511304,14060744435,12,40.0,5
14060744435,1583879153,12,40.0,5
6661798461,13698740806,12,40.0,5
679012568,679012246,12,40.0,5
679012246,679012567,12,40.0,5
679012567,6513704654,12,40.0,5
6513704654,6541781950,12,40.0,5
6541781950,6541781231,12,40.0,5
6541781231,679012566,12,40.0,5
679012566,5309894410,12,40.0,5
5309894410,679012564,12,40.0,5
679012564,5309894429,12,40.0,5
2096703286,3507460640,12,40.0,5
3507460640,5635831329,12,40.0,5
5635831329,2034260140,12,40.0,5
2034260140,11021308446,12,40.0,5
11021308446,3799951103,12,40.0,5
3799951103,11021308444,12,40.0,5
11021308444,403816166,12,40.0,5
5285388589,4422637204,12,40.0,5
4422637204,696486298,12,40.0,5
696486298,4422637201,12,40.0,5
4422637201,4422637202,12,40.0,5
4422637202,3799951130,12,40.0,5
3799951130,696486273,12,40.0,5
696486273,696486285,12,40.0,5
5896038049,5896038048,12,40.0,5
403816078,403816077,12,40.0,5
403816077,240378551,12,40.0,5
240378551,240378550,12,40.0,5
275524524,275524505,12,40.0,5
275524505,672814601,12,40.0,5
672814601,642959800,12,40.0,5
642959800,275524465,12,40.0,5
275524465,642959772,12,40.0,5
642959772,642959807,12,40.0,5
642959807,275524378,12,40.0,5
275524378,619124156,12,40.0,5
619124156,4032641252,12,40.0,5
4032641252,4032650242,12,40.0,5
4032650242,4032641251,12,40.0,5
4032641251,5373001760,12,40.0,5
5373001760,10213607982,12,40.0,5
10213607982,619124149,12,40.0,5
2826701440,2826701443,12,40.0,5
2826701443,672787170,12,40.0,5
672787170,13695412080,12,40.0,5
13695412080,10889822756,12,40.0,5
10889822756,672787171,12,40.0,5
672787171,10889822757,12,40.0,5
10889822757,672787167,12,40.0,5
672787167,10889822758,12,40.0,5
10889822758,672787158,12,40.0,5
672787158,672787157,12,40.0,5
672787157,672787160,12,40.0,5
672787160,672787159,12,40.0,5
6661767520,5749689415,12,40.0,5
13657105454,13657105455,12,40.0,5
13657105455,4502191094,12,40.0,5
4502191094,4502191096,12,40.0,5
4502191096,10660932942,12,40.0,5
10660932942,10660932999,12,40.0,5
10660932999,10660932998,12,40.0,5
8585430747,8585430748,12,40.0,5
8585430748,11578128607,12,40.0,5
11578128607,8585430751,12,40.0,5
8585430751,8585430752,12,40.0,5
8585430752,8585430753,12,40.0,5
8585430753,8585430754,12,40.0,5
8585430754,8585430755,12,40.0,5
8585430755,8585430756,12,40.0,5
8585430756,8585430759,12,40.0,5
5768753575,3285358268,12,40.0,5
3285358268,3285358270,12,40.0,5
3285358270,3285358283,12,40.0,5
3285358283,5105031047,12,40.0,5
5105031047,3285358313,12,40.0,5
3285358313,3285358317,12,40.0,5
3285358317,3285358300,12,40.0,5
3285358300,3285358320,12,40.0,5
3285358320,3285358272,12,40.0,5
3285358272,3285358311,12,40.0,5
3285358311,3285358327,12,40.0,5
3285358327,8604545251,12,40.0,5
8604545251,3285358324,12,40.0,5
3285358324,622293249,12,40.0,5
622293249,622293248,12,40.0,5
622293248,3774491760,12,40.0,5
3774491760,1971892487,12,40.0,5
1971892487,622293246,12,40.0,5
622293246,674682397,12,40.0,5
674682397,1971892499,12,40.0,5
1971892499,622293245,12,40.0,5
622293245,13524212210,12,40.0,5
13524212210,3774585358,12,40.0,5
3774585358,13524199189,12,40.0,5
13524199189,11793745015,12,40.0,5
11793745015,11793745019,12,40.0,5
11793745019,3772793992,12,40.0,5
3772793992,676008044,12,40.0,5
676008044,3772795037,12,40.0,5
3772795037,3783072857,12,40.0,5
3783072857,3772779363,12,40.0,5
3772779363,622293242,12,40.0,5
622293242,3772778754,12,40.0,5
3772778754,622293241,12,40.0,5
622293241,3785775640,12,40.0,5
3785775640,13524199193,12,40.0,5
13524199193,676008063,12,40.0,5
676008063,3772794107,12,40.0,5
3772794107,674682693,12,40.0,5
674682693,622293238,12,40.0,5
622293238,622293237,12,40.0,5
622293237,622293235,12,40.0,5
622293235,676008062,12,40.0,5
676008062,3783072858,12,40.0,5
3783072858,3783072859,12,40.0,5
3783072859,3772759802,12,40.0,5
3772759802,622293231,12,40.0,5
622293231,674682668,12,40.0,5
674682668,674682671,12,40.0,5
674682671,3783072860,12,40.0,5
3783072860,674682638,12,40.0,5
674682638,3774656189,12,40.0,5
3774656189,3774706073,12,40.0,5
3774706073,622293227,12,40.0,5
622293227,3783072861,12,40.0,5
3783072861,622293226,12,40.0,5
622293226,129616390,12,40.0,5
13699267901,13699267902,12,40.0,5
13699267902,667775956,12,40.0,5
667775956,9002316814,12,40.0,5
673921050,5583066103,12,40.0,5
5583066103,673921052,12,40.0,5
673921052,11533212754,12,40.0,5
11533212754,673921053,12,40.0,5
673921053,5583066106,12,40.0,5
5583066106,673921054,12,40.0,5
643015453,643015603,12,40.0,5
643015603,11533260445,12,40.0,5
11533260445,11533260444,12,40.0,5
11533260444,11533260443,12,40.0,5
11533260443,11533260442,12,40.0,5
11533260442,5184793238,12,40.0,5
5184793238,5583066117,12,40.0,5
5583066117,5184793237,12,40.0,5
5184793237,5184793236,12,40.0,5
5184793236,5184793235,12,40.0,5
5184793235,3800084584,12,40.0,5
3800084584,643015593,12,40.0,5
643015593,643015590,12,40.0,5
643015590,5184793234,12,40.0,5
5184793234,643015588,12,40.0,5
643015588,3774704455,12,40.0,5
3774704455,3800051460,12,40.0,5
3800051460,643015582,12,40.0,5
643015582,3683616615,12,40.0,5
3683616615,3683616618,12,40.0,5
3683616618,3683669628,12,40.0,5
3683669628,3683669629,12,40.0,5
3683669629,6498542563,12,40.0,5
6498542563,643015738,12,40.0,5
643015738,5779906201,12,40.0,5
5779906201,643015747,12,40.0,5
643015747,2111944772,12,40.0,5
2111944772,5779906239,12,40.0,5
5779906239,2111944774,12,40.0,5
2111944774,643015742,12,40.0,5
643015742,643015740,12,40.0,5
643015740,673925001,12,40.0,5
673925001,673925013,12,40.0,5
673925013,12983235795,12,40.0,5
12983235795,12983235794,12,40.0,5
12983235794,673925023,12,40.0,5
3774656189,7248717688,12,40.0,5
7248717688,7248717687,12,40.0,5
7248717687,3774656188,12,40.0,5
3774656188,7248717689,12,40.0,5
7248717689,3774656186,12,40.0,5
3774656186,3774656185,12,40.0,5
9483005836,3187945986,12,40.0,5
3187945986,3187945982,12,40.0,5
3187945982,5904513440,12,40.0,5
5904513440,5904513441,12,40.0,5
5904513441,9483005842,12,40.0,5
9483005842,1475787295,12,40.0,5
1475787295,2394815243,12,40.0,5
2394815243,9396199881,12,40.0,5
9396199881,9485258135,12,40.0,5
9485258135,9485258127,12,40.0,5
9485258127,9485258136,12,40.0,5
9485258136,9485258129,12,40.0,5
9485258129,9485258130,12,40.0,5
9485258130,3816444787,12,40.0,5
3816444787,3816444773,12,40.0,5
3816444779,3816444789,12,40.0,5
3816444789,9485258187,12,40.0,5
9485258187,403815971,12,40.0,5
403815971,13676890486,12,40.0,5
13676890486,682685537,12,40.0,5
682685537,403815975,12,40.0,5
403815975,13367765274,12,40.0,5
13367765274,13367765273,12,40.0,5
13367765273,13367765272,12,40.0,5
13367765272,13367765271,12,40.0,5
13367765271,13367765455,12,40.0,5
13367765455,325663372,12,40.0,5
325663372,13676890487,12,40.0,5
13676890487,91031389,12,40.0,5
91031389,13676890488,12,40.0,5
13676890488,91031740,12,40.0,5
91031740,13367717337,12,40.0,5
13367717337,9936374608,12,40.0,5
9936374608,13367717338,12,40.0,5
13367717338,13367717339,12,40.0,5
13367717339,13367717336,12,40.0,5
13367717336,13367717335,12,40.0,5
13367717335,619245137,12,40.0,5
619245137,3339673502,12,40.0,5
3339673502,13367717334,12,40.0,5
13367717334,13367717333,12,40.0,5
13367717333,9473965630,12,40.0,5
9473965630,3764587040,12,40.0,5
3764587040,3764587039,12,40.0,5
3764587039,9473965631,12,40.0,5
9473965631,255258029,12,40.0,5
255258029,3199118537,12,40.0,5
3199118537,3922266701,12,40.0,5
3922266701,3186397566,12,40.0,5
3186397566,13367717346,12,40.0,5
13367717346,13367717345,12,40.0,5
13367717345,3922273775,12,40.0,5
3922273775,3922266671,12,40.0,5
3922266671,3922266722,12,40.0,5
3922266722,3922266697,12,40.0,5
3922266697,3141171386,12,40.0,5
3141171386,6498294706,12,40.0,5
6498294706,6498294707,12,40.0,5
6498294707,3922266713,12,40.0,5
3922266713,3781723200,12,40.0,5
3781723200,3781723189,12,40.0,5
3781723189,651703084,12,40.0,5
651703084,3822116979,12,40.0,5
3822116979,3822116980,12,40.0,5
3822116980,13406036406,12,40.0,5
13406036406,13406036405,12,40.0,5
13406036405,3824991119,12,40.0,5
3824991119,13367657837,12,40.0,5
13367657837,3781723175,12,40.0,5
3781723175,6227631930,12,40.0,5
6227631930,618700103,12,40.0,5
618700103,13406036404,12,40.0,5
13406036404,13406036403,12,40.0,5
13406036403,13406036402,12,40.0,5
13406036402,13405907888,12,40.0,5
13405907888,13405907889,12,40.0,5
13405907889,13405907890,12,40.0,5
13405907890,13405907891,12,40.0,5
13405907891,635791560,12,40.0,5
635791560,13405907881,12,40.0,5
13405907881,13405907880,12,40.0,5
13405907880,13405907879,12,40.0,5
13405907879,13405907878,12,40.0,5
13405907878,12408929743,12,40.0,5
12408929743,12408929742,12,40.0,5
12408929742,13405907882,12,40.0,5
13405907882,682722965,12,40.0,5
682722965,13405907877,12,40.0,5
13405907877,13405907883,12,40.0,5
13405907883,13405907884,12,40.0,5
13405907884,13405907885,12,40.0,5
13405907885,10267780310,12,40.0,5
10267780310,13680983612,12,40.0,5
13680983612,10833634924,12,40.0,5
10833634924,13405907886,12,40.0,5
13405907886,13656692418,12,40.0,5
13656692418,2681923859,12,40.0,5
2681923859,13656692419,12,40.0,5
13656692419,13656692420,12,40.0,5
13656692420,13656692421,12,40.0,5
13656692421,13656692432,12,40.0,5
13656692432,13656692414,12,40.0,5
13656692414,13656692422,12,40.0,5
13656692422,13656692423,12,40.0,5
13656692423,13366132462,12,40.0,5
13366132462,9936374578,12,40.0,5
9936374578,13656692430,12,40.0,5
13656692430,5058708135,12,40.0,5
5058708135,9936374580,12,40.0,5
9936374580,6537163555,12,40.0,5
6537163555,9936374585,12,40.0,5
9936374585,669217870,12,40.0,5
669217870,3825202164,12,40.0,5
3825202164,13656753625,12,40.0,5
13656753625,13656753626,12,40.0,5
13656753626,13656753627,12,40.0,5
13656753627,13656753628,12,40.0,5
13656753628,3825202161,12,40.0,5
3825202161,91030247,12,40.0,5
91030247,3825202158,12,40.0,5
3825202158,6537163557,12,40.0,5
6537163557,13656753640,12,40.0,5
13656753640,13656753641,12,40.0,5
13656753641,127658543,12,40.0,5
127658543,13680870885,12,40.0,5
13680870885,3164258586,12,40.0,5
3164258586,5341432334,12,40.0,5
5341432334,8572386982,12,40.0,5
8572386982,670802547,12,40.0,5
670802547,7153699537,12,40.0,5
7153699537,9936374592,12,40.0,5
9936374592,127658508,12,40.0,5
127658508,13646588645,12,40.0,5
13646588645,3164258591,12,40.0,5
3164258591,3164258589,12,40.0,5
3164258589,9468271423,12,40.0,5
9468271423,127658492,12,40.0,5
127658492,3164258603,12,40.0,5
3164258603,13646588642,12,40.0,5
13646588642,127658480,12,40.0,5
127658480,3825231378,12,40.0,5
3825231378,13646588664,12,40.0,5
13646588664,7424684314,12,40.0,5
7424684314,7153687881,12,40.0,5
7153687881,9936374594,12,40.0,5
9936374594,127658460,12,40.0,5
127658460,13646588675,12,40.0,5
13646588675,13646588677,12,40.0,5
13646588677,7081602426,12,40.0,5
7081602426,3164313471,12,40.0,5
3164313471,7833114755,12,40.0,5
7833114755,6717860678,12,40.0,5
6717860678,9876529502,12,40.0,5
9876529502,191794675,12,40.0,5
9468145020,2129033302,12,40.0,5
2129033302,9468145021,12,40.0,5
9468145021,9468145022,12,40.0,5
9468145022,130019052,12,40.0,5
130019052,9876529505,12,40.0,5
9876529505,9468073716,12,40.0,5
9468073716,13694276310,12,40.0,5
13694276310,8572391911,12,40.0,5
8572391911,635076595,12,40.0,5
635076595,1138078784,12,40.0,5
1138078784,1138079039,12,40.0,5
1138079039,2083191662,12,40.0,5
2083191662,4515020714,12,40.0,5
4515020714,4515020712,12,40.0,5
4515020712,13747123339,12,40.0,5
13747123339,9468145029,12,40.0,5
9468145029,13747292129,12,40.0,5
13747292129,4515020718,12,40.0,5
4515020718,13697294607,12,40.0,5
13697294607,8572366312,12,40.0,5
8572366312,13697226499,12,40.0,5
13697226499,2334120397,12,40.0,5
2334120397,4515020716,12,40.0,5
4515020716,10296971165,12,40.0,5
10296971165,4515020722,12,40.0,5
4515020722,620385688,12,40.0,5
620385688,3784216022,12,40.0,5
3784216022,4515020721,12,40.0,5
4515020721,666882270,12,40.0,5
666882270,13697226495,12,40.0,5
13697226495,3784216020,12,40.0,5
3784216020,635791684,12,40.0,5
635791684,620384473,12,40.0,5
620384473,4515020725,12,40.0,5
4515020725,9468145030,12,40.0,5
9468145030,3784216018,12,40.0,5
3784216018,7085654863,12,40.0,5
675890834,3784216024,12,40.0,5
3784216024,4515020739,12,40.0,5
4515020739,10290686034,12,40.0,5
10290686034,653109541,12,40.0,5
653109541,4515020736,12,40.0,5
4515020736,3784216025,12,40.0,5
3784216025,2652526898,12,40.0,5
2652526898,13385762900,12,40.0,5
13385762900,13385762898,12,40.0,5
13385762898,13385762899,12,40.0,5
13385762899,9464207934,12,40.0,5
9464207934,13385762897,12,40.0,5
13385762897,2925773140,12,40.0,5
2925773140,13385762896,12,40.0,5
13385762896,9464207933,12,40.0,5
9464207933,2925773142,12,40.0,5
2925773142,9936374607,12,40.0,5
9936374607,665214513,12,40.0,5
618027759,13385824597,12,40.0,5
13385824597,13385824596,12,40.0,5
13385824596,618263083,12,40.0,5
618263083,3645603981,12,40.0,5
3645603981,3764711932,12,40.0,5
3764711932,618263112,12,40.0,5
618263112,626490981,12,40.0,5
626490981,1963939807,12,40.0,5
1434072697,13673566345,12,40.0,5
13673566345,3803005395,12,40.0,5
3803005395,675967512,12,40.0,5
675967512,675967505,12,40.0,5
675967505,675967516,12,40.0,5
675967516,3803003413,12,40.0,5
4177493994,13695412065,12,40.0,5
13695412065,13695412064,12,40.0,5
13695412064,4177493995,12,40.0,5
4177493995,4177493998,12,40.0,5
4177493998,4177493999,12,40.0,5
4177493999,252537808,12,40.0,5
3205658277,3205658278,12,40.0,5
3205658278,2320511884,12,40.0,5
2320511884,2320511886,12,40.0,5
2320511886,4804993176,12,40.0,5
4804993176,2320511894,12,40.0,5
2320511894,2320511882,12,40.0,5
2320511882,2320511880,12,40.0,5
2320511880,2320511890,12,40.0,5
2320511890,2320511893,12,40.0,5
2320511893,9075697859,12,40.0,5
319877252,637570060,12,40.0,5
637570060,675967389,12,40.0,5
675967389,191792843,12,40.0,5
191792843,599132990,12,40.0,5
667756367,5759326234,12,40.0,5
5759326234,60796740,12,40.0,5
3742192428,10208452721,12,40.0,5
10208452721,6517807161,12,40.0,5
6517807161,642982064,12,40.0,5
642982064,60796774,12,40.0,5
60796774,6517796985,12,40.0,5
6517796985,621993855,12,40.0,5
621993855,5105301823,12,40.0,5
5105301823,60796779,12,40.0,5
60796779,667755377,12,40.0,5
667755377,60796767,12,40.0,5
60796767,2154044165,12,40.0,5
2154044165,667755378,12,40.0,5
667755378,3822160463,12,40.0,5
3822160463,10661045861,12,40.0,5
10661045861,3416291126,12,40.0,5
5602539618,621954106,12,40.0,5
599131016,9740487164,12,40.0,5
9740487164,599131018,12,40.0,5
5398149768,5398105332,12,40.0,5
5398105332,5203938965,12,40.0,5
618532491,2096519114,12,40.0,5
2096519114,2096519112,12,40.0,5
637453238,12018848077,12,40.0,5
12018848077,12018848075,12,40.0,5
12018848075,12018848074,12,40.0,5
12018848074,12018848076,12,40.0,5
12018848076,637453399,12,40.0,5
252537808,4177493999,12,40.0,5
4177493999,4177493998,12,40.0,5
4177493998,4177493995,12,40.0,5
4177493995,13695412064,12,40.0,5
13695412064,13695412065,12,40.0,5
13695412065,4177493994,12,40.0,5
2034206233,2034206009,12,40.0,5
3191464509,7053757657,12,40.0,5
7053757657,13680517514,12,40.0,5
681829716,7846642742,12,40.0,5
7846642742,7846642741,12,40.0,5
7846642741,7846642739,12,40.0,5
7846642739,618540094,12,40.0,5
618540094,7846642728,12,40.0,5
7846642728,618540088,12,40.0,5
618540088,4967062984,12,40.0,5
4967062984,4967062988,12,40.0,5
4967062988,618540085,12,40.0,5
618540085,618540084,12,40.0,5
618540084,618540082,12,40.0,5
618540082,618540081,12,40.0,5
618540081,1428435494,12,40.0,5
1428435494,618540079,12,40.0,5
618540079,4967062996,12,40.0,5
4967062996,4967062997,12,40.0,5
4967062997,4967062999,12,40.0,5
4967062999,5216939985,12,40.0,5
5216939985,13728044663,12,40.0,5
13728044663,1428435487,12,40.0,5
1428435487,681770219,12,40.0,5
681770219,4967063006,12,40.0,5
4967063006,618540071,12,40.0,5
618540071,4832774950,12,40.0,5
4832774950,5220461436,12,40.0,5
5220461436,4967063012,12,40.0,5
4967063012,6233578635,12,40.0,5
6233578635,13683965531,12,40.0,5
257871578,673069787,12,40.0,5
673069787,673069786,12,40.0,5
673069786,673069785,12,40.0,5
673069785,673069788,12,40.0,5
635164942,302755020,12,40.0,5
302755020,4374470922,12,40.0,5
4374470922,302755011,12,40.0,5
302755011,302755010,12,40.0,5
302755010,302755009,12,40.0,5
302755009,11537100261,12,40.0,5
11537100261,4374470917,12,40.0,5
4374470917,670258835,12,40.0,5
670258835,5045624933,12,40.0,5
5045624933,670258832,12,40.0,5
670258832,670258831,12,40.0,5
670258831,5373513516,12,40.0,5
5373513516,5373513518,12,40.0,5
5373513518,670258839,12,40.0,5
9501449118,9501423513,12,40.0,5
9501423513,9501423512,12,40.0,5
9501423512,10768107798,12,40.0,5
10768107798,10768107795,12,40.0,5
10768107795,10768107794,12,40.0,5
10768107794,10768107793,12,40.0,5
10768107793,10768107792,12,40.0,5
10768107792,13697317259,12,40.0,5
13697317259,10768107797,12,40.0,5
127658062,5333484028,12,40.0,5
5333484028,3187956578,12,40.0,5
3187956578,3832039364,12,40.0,5
3832039364,3832039362,12,40.0,5
3832039362,9415532345,12,40.0,5
9415532345,3832039360,12,40.0,5
3832039360,13683818543,12,40.0,5
13683818543,13683818537,12,40.0,5
13683818537,5333484030,12,40.0,5
5333484030,3832039758,12,40.0,5
3832039758,5333484032,12,40.0,5
5333484032,3187956581,12,40.0,5
3187956581,3832039358,12,40.0,5
3832039358,5333484034,12,40.0,5
5333484034,4077041337,12,40.0,5
4077041337,5333484036,12,40.0,5
5333484036,5333484042,12,40.0,5
5333484042,3832039366,12,40.0,5
3832039366,5333484044,12,40.0,5
5333484044,5333484040,12,40.0,5
5333484040,5333484038,12,40.0,5
5333484038,10125040157,12,40.0,5
10125040157,3832039760,12,40.0,5
3832039760,3185210184,12,40.0,5
3185210184,127658071,12,40.0,5
127658071,3185210191,12,40.0,5
3185210191,618542173,12,40.0,5
618542173,618542177,12,40.0,5
618542177,10175609358,12,40.0,5
10175609358,618542179,12,40.0,5
618542179,3988285713,12,40.0,5
3988285713,618542191,12,40.0,5
618542191,618542192,12,40.0,5
618542192,6233414069,12,40.0,5
6233414069,3942440109,12,40.0,5
3942440109,2145046042,12,40.0,5
2145046042,13684827288,12,40.0,5
13684827288,645091738,12,40.0,5
11328438858,13684827290,12,40.0,5
13684827290,13683648294,12,40.0,5
13683648294,11328438857,12,40.0,5
11328438857,11328438856,12,40.0,5
11328438856,11328438855,12,40.0,5
11328438855,11328438854,12,40.0,5
644621600,1144959788,12,40.0,5
1144959788,13701027715,12,40.0,5
13701027715,644621622,12,40.0,5
644621622,4099979604,12,40.0,5
4099979604,644621621,12,40.0,5
644621621,13701027714,12,40.0,5
13701027714,644621620,12,40.0,5
644621620,644621619,12,40.0,5
644621619,644621617,12,40.0,5
644621617,644621615,12,40.0,5
644621615,9918962194,12,40.0,5
9918962194,9918962193,12,40.0,5
9918962193,644621614,12,40.0,5
644621614,9918962192,12,40.0,5
9918962192,644621613,12,40.0,5
644621613,644621612,12,40.0,5
5896038063,5896038062,12,40.0,5
5896038062,5896038061,12,40.0,5
5896038061,5896038060,12,40.0,5
5896038060,5896038059,12,40.0,5
5896038059,5896038058,12,40.0,5
5896038058,5896038057,12,40.0,5
5896038057,5896038056,12,40.0,5
5896038056,4979960760,12,40.0,5
4979960760,696486273,12,40.0,5
696486273,3799951130,12,40.0,5
3799951130,4422637202,12,40.0,5
4422637202,4422637201,12,40.0,5
4422637201,696486298,12,40.0,5
4582456540,6366215046,12,40.0,5
673953592,6667989399,12,40.0,5
6667989399,673953594,12,40.0,5
673953594,3285592592,12,40.0,5
3285592592,3285592609,12,40.0,5
3285592609,3285592593,12,40.0,5
3285592593,673953625,12,40.0,5
673953625,3782918106,12,40.0,5
3782918106,331459353,12,40.0,5
3164393649,10157282029,12,40.0,5
10157282029,671371603,12,40.0,5
671371603,6388455752,12,40.0,5
6388455752,13015714562,12,40.0,5
13015714562,653109310,12,40.0,5
653109310,9756534678,12,40.0,5
9756534678,618281743,12,40.0,5
618281743,127658786,12,40.0,5
127658786,259648460,12,40.0,5
259648460,12810953727,12,40.0,5
12810953727,10219028108,12,40.0,5
10219028108,127658797,12,40.0,5
127658797,10135024709,12,40.0,5
10135024709,3355414184,12,40.0,5
3355414184,10137950666,12,40.0,5
10137950666,3355414495,12,40.0,5
3355414495,127658816,12,40.0,5
127658816,10219037645,12,40.0,5
10219037645,10219028103,12,40.0,5
10219028103,255671532,12,40.0,5
255671532,1138078695,12,40.0,5
1138078695,13676158875,12,40.0,5
13676158875,3355414181,12,40.0,5
3355414181,13676158870,12,40.0,5
13676158870,3355414185,12,40.0,5
3355414185,10127328359,12,40.0,5
10127328359,10137794086,12,40.0,5
10137794086,3355414192,12,40.0,5
3355414192,10605451588,12,40.0,5
10605451588,1138078857,12,40.0,5
1138078857,3822220586,12,40.0,5
6661817250,6661817254,12,40.0,5
6661817254,6661817252,12,40.0,5
6661817252,6661817257,12,40.0,5
302755020,635164942,12,40.0,5
2668636321,6524306624,12,40.0,5
6524306624,2094306218,12,40.0,5
2094306218,13684827296,12,40.0,5
13684827296,6530555254,12,40.0,5
270333433,3166490033,12,40.0,5
3166490033,3166490029,12,40.0,5
3166490029,3166490028,12,40.0,5
3166490028,682081122,12,40.0,5
682081122,10793137766,12,40.0,5
10793137766,13684023331,12,40.0,5
13684023331,653129375,12,40.0,5
653129375,3166490026,12,40.0,5
3166490026,3166490031,12,40.0,5
3166490031,682081263,12,40.0,5
682081263,270333454,12,40.0,5
270333454,681816487,12,40.0,5
681816456,5217001465,12,40.0,5
599137123,13700217596,12,40.0,5
13700217596,599137111,12,40.0,5
599137111,672161194,12,40.0,5
672161194,10962860165,12,40.0,5
10962860165,2160901125,12,40.0,5
10160878169,3645522557,12,40.0,5
3645522557,13680517310,12,40.0,5
13680517310,4047096092,12,40.0,5
4047096092,10107620995,12,40.0,5
1912464464,1912464466,12,40.0,5
1912464466,4879920441,12,40.0,5
4879920441,4879920440,12,40.0,5
12741244278,12741244279,12,40.0,5
12741244279,3774751795,12,40.0,5
3774751795,7172781651,12,40.0,5
7172781651,3774751794,12,40.0,5
3774751794,7172781639,12,40.0,5
7172781639,3774751793,12,40.0,5
3774751793,672600055,12,40.0,5
672600055,281864794,12,40.0,5
1684767626,2481055424,12,40.0,5
2481055424,2481055425,12,40.0,5
2481055425,2481055427,12,40.0,5
2481055427,2481055429,12,40.0,5
2481055429,2481055431,12,40.0,5
2481055431,2481055441,12,40.0,5
2481055441,2481055446,12,40.0,5
2481055446,13453436346,12,40.0,5
13453436346,2481055448,12,40.0,5
2481055448,2481055450,12,40.0,5
2481055450,2481055451,12,40.0,5
681871970,681872145,12,40.0,5
681872145,10555850728,12,40.0,5
10555850728,5087014985,12,40.0,5
5087014985,5087014987,12,40.0,5
5087014987,681872075,12,40.0,5
681872075,681977803,12,40.0,5
681977803,681978099,12,40.0,5
681978099,681978077,12,40.0,5
681978077,12757151948,12,40.0,5
12757151948,3799897956,12,40.0,5
3799897956,3799898157,12,40.0,5
3799898157,6754111771,12,40.0,5
6754111771,6754111769,12,40.0,5
673924823,673924830,12,40.0,5
13676680288,13680101708,12,40.0,5
13680101708,6234353070,12,40.0,5
6234353070,13680101709,12,40.0,5
13680101709,3164334808,12,40.0,5
3164334808,13680749289,12,40.0,5
13680749289,635909834,12,40.0,5
1147957821,1147957793,12,40.0,5
1147957793,1147957835,12,40.0,5
7625469735,7625469734,12,40.0,5
5656625039,5656625024,12,40.0,5
5656625024,639804448,12,40.0,5
5217865787,6289234295,12,40.0,5
6289234295,9740487209,12,40.0,5
9740487209,5217865790,12,40.0,5
13698430235,6219761761,12,40.0,5
6219761761,2625442477,12,40.0,5
2625442477,6219761762,12,40.0,5
6219761762,644618534,12,40.0,5
644618534,3340896688,12,40.0,5
3340896688,3340898295,12,40.0,5
3340898295,4061971343,12,40.0,5
4061971343,3340898294,12,40.0,5
3340898294,8661757950,12,40.0,5
8661757950,644618526,12,40.0,5
644618526,6219761768,12,40.0,5
6219761768,6219761769,12,40.0,5
6219761769,667777121,12,40.0,5
667777121,644618524,12,40.0,5
644618524,13699046785,12,40.0,5
13699046785,11064272977,12,40.0,5
11064272977,2015103090,12,40.0,5
2015103090,644618521,12,40.0,5
644618521,3799979975,12,40.0,5
3799979975,667775975,12,40.0,5
667775975,667775953,12,40.0,5
667775953,13699267902,12,40.0,5
5556846127,5556846128,12,40.0,5
9547857711,642994302,12,40.0,5
642994302,642994303,12,40.0,5
642994303,3742323057,12,40.0,5
3742323057,3742323059,12,40.0,5
3742323059,672613461,12,40.0,5
672613461,3742323063,12,40.0,5
3742323063,678656321,12,40.0,5
678656321,678693865,12,40.0,5
678693865,672613443,12,40.0,5
672613443,269351924,12,40.0,5
269351924,7037743640,12,40.0,5
7037743640,6277491043,12,40.0,5
3774751855,3774751802,12,40.0,5
3774751802,5590829436,12,40.0,5
5590829436,3774751801,12,40.0,5
673918236,1683146667,12,40.0,5
10241722490,10241722491,12,40.0,5
672789715,5042731881,12,40.0,5
5042731881,672789714,12,40.0,5
672789714,5042731879,12,40.0,5
5042731879,672789713,12,40.0,5
2320511890,3608427407,12,40.0,5
672819132,2527564196,12,40.0,5
2527564196,679017371,12,40.0,5
9291504377,3073680145,12,40.0,5
3073680145,3073676030,12,40.0,5
3073676030,3825059831,12,40.0,5
9291504380,13676891361,12,40.0,5
13676891361,13676891360,12,40.0,5
13676891360,13676891362,12,40.0,5
13676891362,13676891363,12,40.0,5
13676891363,13676891364,12,40.0,5
13676891364,13676891365,12,40.0,5
13676891365,2826701490,12,40.0,5
2826701490,13676891367,12,40.0,5
13676891367,13676891359,12,40.0,5
13676891359,2826701491,12,40.0,5
2826701491,10593426530,12,40.0,5
10593426530,91031813,12,40.0,5
91031813,10241694488,12,40.0,5
10241694488,3191723184,12,40.0,5
3191723184,2826701494,12,40.0,5
2826701494,91031812,12,40.0,5
91031812,10823525651,12,40.0,5
10823525651,91031788,12,40.0,5
91031788,10823525649,12,40.0,5
10823525649,13676744631,12,40.0,5
13676744631,403816057,12,40.0,5
403816057,2394811103,12,40.0,5
2394811103,2394811175,12,40.0,5
2394811175,403816058,12,40.0,5
403816058,403816059,12,40.0,5
1985256157,1985256177,12,40.0,5
674593779,674593783,12,40.0,5
2093029550,6661231984,12,40.0,5
6661231984,9406697423,12,40.0,5
9406697423,9406697418,12,40.0,5
9406697418,6661231983,12,40.0,5
6661231983,9406697422,12,40.0,5
9406697422,9406697419,12,40.0,5
9406697419,9406656416,12,40.0,5
9406656416,2093029547,12,40.0,5
2093029547,9406697421,12,40.0,5
9406697421,9406697420,12,40.0,5
9406697420,9406697417,12,40.0,5
9406697417,2093029548,12,40.0,5
2093029548,696458427,12,40.0,5
696458427,13685109981,12,40.0,5
13685109981,6661231977,12,40.0,5
6661231977,696458446,12,40.0,5
696458446,696458445,12,40.0,5
696458445,6661231974,12,40.0,5
6661231974,696458440,12,40.0,5
696458440,6661231964,12,40.0,5
6661231964,6661231965,12,40.0,5
6661231965,6661231970,12,40.0,5
6661231970,6661231968,12,40.0,5
6661231968,696458437,12,40.0,5
696458437,696458436,12,40.0,5
696458436,696458434,12,40.0,5
696458434,10246030774,12,40.0,5
10246030774,10246030775,12,40.0,5
10246030775,10246030769,12,40.0,5
10246030769,3799951096,12,40.0,5
3799951096,10246030770,12,40.0,5
10246030770,10246030771,12,40.0,5
10246030771,10246030772,12,40.0,5
10246030772,10246030773,12,40.0,5
10629315504,3307465962,12,40.0,5
3307465962,3307465965,12,40.0,5
3307465965,3307465963,12,40.0,5
3307465963,618534023,12,40.0,5
618534023,618534020,12,40.0,5
618534020,1131862364,12,40.0,5
681977743,10629315482,12,40.0,5
10629315482,3307465964,12,40.0,5
3307465964,681977976,12,40.0,5
681977976,5087014965,12,40.0,5
5087014965,5087014967,12,40.0,5
5087014967,5087014969,12,40.0,5
5087014969,5087014970,12,40.0,5
1877145473,1877145470,12,40.0,5
1877145470,5152674646,12,40.0,5
5152674646,4011680780,12,40.0,5
696458427,653148592,12,40.0,5
9490499443,9490499442,12,40.0,5
9490499442,9490499445,12,40.0,5
9490499445,9490499437,12,40.0,5
9490499437,9490499435,12,40.0,5
9490499435,9490499434,12,40.0,5
9490499434,9490499433,12,40.0,5
9490499433,9490499432,12,40.0,5
9490499432,9490499431,12,40.0,5
9490499431,9490499430,12,40.0,5
9490499430,9490499450,12,40.0,5
9490499450,9490499429,12,40.0,5
9490499429,9490499428,12,40.0,5
9490499428,9490499427,12,40.0,5
9490499427,11577989231,12,40.0,5
11577989231,11577989228,12,40.0,5
11577989228,10861445061,12,40.0,5
10861445061,11577989229,12,40.0,5
11577989229,11577989230,12,40.0,5
11577989230,1217563151,12,40.0,5
1217563151,654155329,12,40.0,5
654155329,9485258189,12,40.0,5
9485258189,3186401712,12,40.0,5
3186401712,654155328,12,40.0,5
654155328,3186401710,12,40.0,5
3186401710,3186401713,12,40.0,5
3186401713,3186401711,12,40.0,5
3186401711,654155327,12,40.0,5
654155327,3186416538,12,40.0,5
3186416538,654155326,12,40.0,5
654155326,3186416546,12,40.0,5
3186416546,1296776258,12,40.0,5
1296776258,3186416532,12,40.0,5
3186416532,654155325,12,40.0,5
654155325,3186416541,12,40.0,5
3186416541,3186416536,12,40.0,5
3186416536,1296776596,12,40.0,5
1296776596,3186416547,12,40.0,5
3186416547,654155324,12,40.0,5
654155324,3186416544,12,40.0,5
3186416544,1296776297,12,40.0,5
1296776297,3186416531,12,40.0,5
3186416531,3186416524,12,40.0,5
3186416524,654155323,12,40.0,5
654155323,3186416540,12,40.0,5
3186416540,3186416533,12,40.0,5
3186416533,654155322,12,40.0,5
654155322,3186416526,12,40.0,5
3186416526,654155321,12,40.0,5
654155321,3186416542,12,40.0,5
3186416542,3186416528,12,40.0,5
3186416528,3186504909,12,40.0,5
3186504909,3186416525,12,40.0,5
3186416525,3186416545,12,40.0,5
3186416545,1296776214,12,40.0,5
1296776214,2310688405,12,40.0,5
2310688405,654155320,12,40.0,5
654155320,1296776484,12,40.0,5
1296776484,654155319,12,40.0,5
654155319,1296776158,12,40.0,5
1296776158,1296776435,12,40.0,5
1296776435,4825716368,12,40.0,5
4825716368,4825716369,12,40.0,5
4825716369,1134621881,12,40.0,5
1134621881,3186505817,12,40.0,5
3186505817,9473563048,12,40.0,5
9473563048,654155316,12,40.0,5
654155316,3186505827,12,40.0,5
3186505827,3186505823,12,40.0,5
3186505823,11575732200,12,40.0,5
11575732200,3186505826,12,40.0,5
3186505826,3186505821,12,40.0,5
3186505821,6524875322,12,40.0,5
6524875322,6524875321,12,40.0,5
6524875321,654155313,12,40.0,5
654155313,654155312,12,40.0,5
654155312,654155311,12,40.0,5
654155311,2648621779,12,40.0,5
2648621779,9473563049,12,40.0,5
9473563049,6524875323,12,40.0,5
6524875323,2648621788,12,40.0,5
2648621788,9473563050,12,40.0,5
9473563050,9490477475,12,40.0,5
9490477475,2648621785,12,40.0,5
2648621785,3187948966,12,40.0,5
3187948966,3187948967,12,40.0,5
3187948967,682739974,12,40.0,5
682739974,10833634925,12,40.0,5
10833634925,3123590480,12,40.0,5
3123590480,3123590482,12,40.0,5
3123590482,13680761861,12,40.0,5
13680761861,11802303578,12,40.0,5
11802303578,3110411569,12,40.0,5
3110411569,13680761863,12,40.0,5
13680761863,618723096,12,40.0,5
618723096,13680761866,12,40.0,5
13680761866,2648621778,12,40.0,5
2648621778,9485460898,12,40.0,5
9485460898,9485460890,12,40.0,5
9485460890,13694415418,12,40.0,5
13694415418,3123590475,12,40.0,5
3123590475,3123590474,12,40.0,5
3123590474,9485460899,12,40.0,5
9485460899,3825014161,12,40.0,5
3825014161,618723087,12,40.0,5
618723087,12475363008,12,40.0,5
12475363008,13694736344,12,40.0,5
13694736344,13161425512,12,40.0,5
13161425512,9422242837,12,40.0,5
9422242837,7264023281,12,40.0,5
7264023281,12509299547,12,40.0,5
12509299547,3123590469,12,40.0,5
3123590469,12564186528,12,40.0,5
12564186528,3343766423,12,40.0,5
3343766423,9468271511,12,40.0,5
9468271511,9468271509,12,40.0,5
9468271509,9468271510,12,40.0,5
9468271510,6537163563,12,40.0,5
6537163563,9468271507,12,40.0,5
9468271507,13656753622,12,40.0,5
13656753622,13656753623,12,40.0,5
13656753623,13656753624,12,40.0,5
13656753624,669217870,12,40.0,5
8585430759,8585430756,12,40.0,5
8585430756,8585430755,12,40.0,5
8585430755,8585430754,12,40.0,5
8585430754,8585430753,12,40.0,5
8585430753,8585430752,12,40.0,5
8585430752,8585430751,12,40.0,5
8585430751,11578128607,12,40.0,5
11578128607,8585430748,12,40.0,5
1998285660,1998285659,12,40.0,5
1998285659,13946648285,12,40.0,5
13946648285,1998285655,12,40.0,5
1998285655,1998285654,12,40.0,5
1998285654,1998285648,12,40.0,5
1998285648,1998285664,12,40.0,5
1998285664,1998285661,12,40.0,5
1998285661,1998285649,12,40.0,5
1998285649,1998285653,12,40.0,5
670274066,2135866898,12,40.0,5
2135866898,2135866892,12,40.0,5
2135866892,2135866904,12,40.0,5
5782039086,5782039082,12,40.0,5
5782039082,5782039081,12,40.0,5
5782039081,5782039077,12,40.0,5
5782039077,5782039080,12,40.0,5
5782039080,10181863596,12,40.0,5
10181863596,5782039078,12,40.0,5
7053715743,7053715742,12,40.0,5
7053715742,10260948419,12,40.0,5
10260948419,13680648336,12,40.0,5
13680648336,7053715738,12,40.0,5
13149604064,13149604065,12,40.0,5
13676744660,13676744661,12,40.0,5
13676744661,13676744662,12,40.0,5
13676744662,13676744663,12,40.0,5
13676744663,10183033120,12,40.0,5
10183033120,10183033119,12,40.0,5
10183033119,10183033118,12,40.0,5
10183033118,10183033117,12,40.0,5
10183033117,10183022316,12,40.0,5
10183022316,10183022315,12,40.0,5
10183022315,10183022314,12,40.0,5
10183022314,10183022313,12,40.0,5
10183022313,10183033133,12,40.0,5
10183033133,10183033136,12,40.0,5
10183033136,10183033135,12,40.0,5
10183033135,5261493130,12,40.0,5
5261493130,5261493133,12,40.0,5
5261493133,5261493134,12,40.0,5
5261493134,5261493135,12,40.0,5
5261493135,5261493137,12,40.0,5
5261493137,5261493138,12,40.0,5
653145913,13654834528,12,40.0,5
13654834528,3645629489,12,40.0,5
3645629489,13654834529,12,40.0,5
13654834529,13654834530,12,40.0,5
13654834530,619224235,12,40.0,5
619224235,13656274792,12,40.0,5
13656274792,1863416603,12,40.0,5
1863416603,1863416575,12,40.0,5
1863416575,13654834531,12,40.0,5
13654834531,13654834537,12,40.0,5
13654834537,12434683854,12,40.0,5
12434683854,13679835507,12,40.0,5
13679835507,13653424952,12,40.0,5
13653424952,10268955088,12,40.0,5
10268955088,11577869653,12,40.0,5
11577869653,13653424951,12,40.0,5
13653424951,13653424948,12,40.0,5
13653424948,13653424949,12,40.0,5
13653424949,619224230,12,40.0,5
619224230,13653424950,12,40.0,5
13653424950,13653424938,12,40.0,5
13653424938,13653424939,12,40.0,5
13653424939,13653424940,12,40.0,5
13653424940,13653424925,12,40.0,5
13653424925,13653424941,12,40.0,5
13653424941,13653424942,12,40.0,5
13653424942,13653424926,12,40.0,5
13653424926,13653424927,12,40.0,5
13653424927,10261690687,12,40.0,5
10261690687,619224226,12,40.0,5
1432228140,6365304959,12,40.0,5
6365304959,6365304961,12,40.0,5
6365304961,6365304962,12,40.0,5
6365304962,6365304963,12,40.0,5
6365304963,5498091810,12,40.0,5
5498091810,5498091808,12,40.0,5
5498091808,5498091807,12,40.0,5
5498091807,5498091805,12,40.0,5
5498091805,5498091803,12,40.0,5
5498091803,5498091802,12,40.0,5
5498091802,5498091801,12,40.0,5
5498091801,5498091800,12,40.0,5
5498091800,5498091797,12,40.0,5
5498091797,5498091796,12,40.0,5
667271926,643015416,12,40.0,5
643015416,9740487162,12,40.0,5
9740487162,643015414,12,40.0,5
6233414067,653114103,12,40.0,5
653114103,13684023324,12,40.0,5
13684023324,653114102,12,40.0,5
653114102,6233414075,12,40.0,5
6233414075,6233414073,12,40.0,5
6233414073,13683707404,12,40.0,5
7846642755,681829716,12,40.0,5
618540085,618540142,12,40.0,5
618540142,2143724561,12,40.0,5
2143724561,681871729,12,40.0,5
681871729,681872201,12,40.0,5
681872201,13691672312,12,40.0,5
13691672312,2143724571,12,40.0,5
2143724571,618540135,12,40.0,5
618540135,4967062975,12,40.0,5
4967062975,619274591,12,40.0,5
619274591,619274598,12,40.0,5
619274598,10555850726,12,40.0,5
10555850726,653129387,12,40.0,5
653129387,13681389469,12,40.0,5
13681389469,4967063019,12,40.0,5
4967063019,619274771,12,40.0,5
619274771,635914022,12,40.0,5
635914022,5346264089,12,40.0,5
5346264089,3166483451,12,40.0,5
3166483451,3166483452,12,40.0,5
3166483452,2464933205,12,40.0,5
2464933205,619297728,12,40.0,5
619297728,4967063429,12,40.0,5
4967063429,14240458363,12,40.0,5
14240458363,619274824,12,40.0,5
10285465358,10285465357,12,40.0,5
10285465357,10285465359,12,40.0,5
10285465359,10285465356,12,40.0,5
10285465356,10285465355,12,40.0,5
10285465355,10285465354,12,40.0,5
13697058063,13697058060,12,40.0,5
13697058060,13697058061,12,40.0,5
13697058061,13697058062,12,40.0,5
13697058062,13697058064,12,40.0,5
620401928,3785753680,12,40.0,5
3785753680,5529987915,12,40.0,5
5529987915,5529987914,12,40.0,5
5529987914,5529987913,12,40.0,5
5057792828,14237926052,12,40.0,5
14237926052,696519991,12,40.0,5
696519991,14233448192,12,40.0,5
14233448192,696522394,12,40.0,5
696522394,14233448190,12,40.0,5
14233448190,3804259535,12,40.0,5
3804259535,14237926044,12,40.0,5
14237926044,14237926045,12,40.0,5
14237926045,12857692625,12,40.0,5
12857692625,618530965,12,40.0,5
618530965,618530964,12,40.0,5
618530964,5290309673,12,40.0,5
5290309673,618530962,12,40.0,5
618530962,4692184302,12,40.0,5
4692184302,5627560762,12,40.0,5
5627560762,14237926036,12,40.0,5
14237926036,618530960,12,40.0,5
618530960,618530958,12,40.0,5
5556873245,5556873244,12,40.0,5
5340860663,5340860664,12,40.0,5
5340860664,644607616,12,40.0,5
644607616,5340860661,12,40.0,5
5340860661,5340860662,12,40.0,5
5340860662,644607646,12,40.0,5
13698430238,3530981228,12,40.0,5
3530981228,60796694,12,40.0,5
60796694,13371119443,12,40.0,5
13371119443,4324781730,12,40.0,5
4324781730,60796691,12,40.0,5
60796691,3799979970,12,40.0,5
3799979970,1447088863,12,40.0,5
1447088863,1447088864,12,40.0,5
1447088864,3799979973,12,40.0,5
3799979973,60796688,12,40.0,5
60796688,644617048,12,40.0,5
644617048,3799979974,12,40.0,5
3799979974,60796682,12,40.0,5
60796682,13695902264,12,40.0,5
13695902264,60796676,12,40.0,5
60796676,4324745329,12,40.0,5
4324745329,4047124001,12,40.0,5
4348909107,4348909100,12,40.0,5
4348909100,4348909101,12,40.0,5
4348909101,4348909099,12,40.0,5
4348909099,4348909098,12,40.0,5
4348909098,10168197336,12,40.0,5
10168197336,646917555,12,40.0,5
646917555,403874845,12,40.0,5
403874845,1432228149,12,40.0,5
1432228149,403874847,12,40.0,5
403874847,1432228153,12,40.0,5
1432228153,403874849,12,40.0,5
403874849,403874850,12,40.0,5
403874850,4348909090,12,40.0,5
4348909090,4348909094,12,40.0,5
4348909094,683788951,12,40.0,5
683788951,4348908942,12,40.0,5
4348908942,403874852,12,40.0,5
403874852,618531662,12,40.0,5
618531662,1432228156,12,40.0,5
1432228156,618531660,12,40.0,5
10660932992,4478291048,12,40.0,5
4478291048,644617043,12,40.0,5
644617043,3799979995,12,40.0,5
5997058612,5997058610,12,40.0,5
5997058610,5997058609,12,40.0,5
6661830263,642959668,12,40.0,5
642959668,642959669,12,40.0,5
642959669,4191853172,12,40.0,5
4191853172,642959670,12,40.0,5
642959670,4191853167,12,40.0,5
5623978558,4196594952,12,40.0,5
4196594952,4196594964,12,40.0,5
4196594964,4196596195,12,40.0,5
4196596195,5623978562,12,40.0,5
5623978562,5623978563,12,40.0,5
5623978563,5623978557,12,40.0,5
5623978557,5623978560,12,40.0,5
5623978560,5623978556,12,40.0,5
5623978556,4196596541,12,40.0,5
4196596541,4196596780,12,40.0,5
4196596780,4194590273,12,40.0,5
4194590273,696486247,12,40.0,5
696486247,6629664869,12,40.0,5
6629664869,6629664870,12,40.0,5
6629664870,696486243,12,40.0,5
2082347909,1533913595,12,40.0,5
1533913595,9936301536,12,40.0,5
9936301536,1533913609,12,40.0,5
1533913609,1533913612,12,40.0,5
1533913612,1533913594,12,40.0,5
1533913594,12402598681,12,40.0,5
12402598681,3772994153,12,40.0,5
3772994153,3401467697,12,40.0,5
3401467697,3785849866,12,40.0,5
10216720041,10216720040,12,40.0,5
10216720040,10216720039,12,40.0,5
10216720039,10216720038,12,40.0,5
13676891377,619259584,12,40.0,5
619259584,10264231201,12,40.0,5
10264231201,10264231202,12,40.0,5
5510051039,5510051040,12,40.0,5
599129848,637440489,12,40.0,5
637440489,3401467557,12,40.0,5
3401467557,10046834606,12,40.0,5
10046834606,637449502,12,40.0,5
637449502,9817525837,12,40.0,5
9817525837,637453385,12,40.0,5
637453385,637453336,12,40.0,5
637453336,637453303,12,40.0,5
637453303,11436595566,12,40.0,5
11436595566,637478369,12,40.0,5
5552546564,5552546540,12,40.0,5
5552546540,5552546539,12,40.0,5
2117504905,13684883006,12,40.0,5
13684883006,2117504907,12,40.0,5
2117504907,682081011,12,40.0,5
682081011,682080938,12,40.0,5
682080938,618540269,12,40.0,5
618540269,618540267,12,40.0,5
618540267,10793137790,12,40.0,5
10793137790,618540270,12,40.0,5
618540270,5217000509,12,40.0,5
5217000509,618540096,12,40.0,5
618540096,7846642739,12,40.0,5
7846642739,7846642741,12,40.0,5
7846642741,7846642742,12,40.0,5
7846642742,681829716,12,40.0,5
681829716,13681389465,12,40.0,5
13681389465,3922496569,12,40.0,5
3922496569,7846642767,12,40.0,5
7846642767,681829703,12,40.0,5
681829703,2094311014,12,40.0,5
681829696,7846642760,12,40.0,5
11549242414,11549242415,12,40.0,5
11549242415,11549242416,12,40.0,5
11549242416,11549242417,12,40.0,5
11549242417,11549242418,12,40.0,5
11549242418,11549242419,12,40.0,5
11549242419,11549242420,12,40.0,5
11549242420,11549242421,12,40.0,5
11549242421,11549242422,12,40.0,5
11549242422,11549242429,12,40.0,5
11549242429,11549242430,12,40.0,5
11549242430,11549242431,12,40.0,5
11549242431,2122160669,12,40.0,5
635850065,635850057,12,40.0,5
635850057,5556846132,12,40.0,5
5556846132,9852869241,12,40.0,5
9852869241,5556846134,12,40.0,5
5556846134,9852869240,12,40.0,5
9852869240,635850041,12,40.0,5
635850041,5556846124,12,40.0,5
5556846124,3774751869,12,40.0,5
3774751869,9852869243,12,40.0,5
9852869243,5556846122,12,40.0,5
5556846122,9852869242,12,40.0,5
9852869242,5556844620,12,40.0,5
5556844620,3774751872,12,40.0,5
3774751872,5556844619,12,40.0,5
5556844619,5556844618,12,40.0,5
10789392526,10789392527,12,40.0,5
10789392527,10789376987,12,40.0,5
10789376987,10789392528,12,40.0,5
696486290,12504409601,12,40.0,5
12504409601,403816166,12,40.0,5
403816166,11021308442,12,40.0,5
11021308442,2382112583,12,40.0,5
635850074,3774751872,12,40.0,5
12759376229,12759376230,12,40.0,5
12759376230,12759376231,12,40.0,5
12759376231,12759376232,12,40.0,5
12759376232,12759376233,12,40.0,5
12759376233,673885561,12,40.0,5
673885561,8275025694,12,40.0,5
8275025694,10100382515,12,40.0,5
10100382515,673885562,12,40.0,5
683789981,683789980,12,40.0,5
683789980,13278963935,12,40.0,5
13278963935,3921611151,12,40.0,5
3921611151,3921611153,12,40.0,5
3921611153,683789978,12,40.0,5
683789978,3921611155,12,40.0,5
3921611155,3921611360,12,40.0,5
3921611360,683789977,12,40.0,5
683789977,13278963902,12,40.0,5
13278963902,3921611366,12,40.0,5
3921611366,2034260142,12,40.0,5
2034260142,13278963901,12,40.0,5
13278963901,3921611379,12,40.0,5
3921611379,2034260179,12,40.0,5
2034260179,4196269325,12,40.0,5
4196269325,4196269331,12,40.0,5
4196269331,3921611383,12,40.0,5
3921611383,2034260117,12,40.0,5
2034260117,2034260139,12,40.0,5
619035543,3707432962,12,40.0,5
3707432962,11936463294,12,40.0,5
11936463294,619035545,12,40.0,5
619035545,3800084598,12,40.0,5
3800084598,619035546,12,40.0,5
619035546,10209524810,12,40.0,5
10209524810,3800084599,12,40.0,5
3800084599,619035547,12,40.0,5
619035547,4580748384,12,40.0,5
4580748384,6429323913,12,40.0,5
6429323913,6429323914,12,40.0,5
6429323914,10209524812,12,40.0,5
10209524812,6429323915,12,40.0,5
6429323915,10209524813,12,40.0,5
10209524813,4580748380,12,40.0,5
4580748380,4580748379,12,40.0,5
4580748379,4580748378,12,40.0,5
4580748378,672789730,12,40.0,5
672789730,10209524814,12,40.0,5
10209524814,10209525546,12,40.0,5
10209525546,5042552546,12,40.0,5
5042552546,5042552545,12,40.0,5
5042552545,6429323920,12,40.0,5
6429323920,5042552547,12,40.0,5
5042552547,672789732,12,40.0,5
672789732,672789733,12,40.0,5
672789733,672789734,12,40.0,5
672789734,13946648290,12,40.0,5
13946648290,672789713,12,40.0,5
4099996466,4099996465,12,40.0,5
4099996465,4099996464,12,40.0,5
4099996464,4099996463,12,40.0,5
11998828310,11998828309,12,40.0,5
11998828309,3774585362,12,40.0,5
3774585362,3774585361,12,40.0,5
3774585361,206598008,12,40.0,5
206598008,1737436560,12,40.0,5
1737436560,674935015,12,40.0,5
674935015,206597456,12,40.0,5
206597456,5701733850,12,40.0,5
5701733850,674935131,12,40.0,5
674935131,5701630872,12,40.0,5
5701630872,1737436559,12,40.0,5
1737436559,5701630871,12,40.0,5
5701630871,5701601327,12,40.0,5
5701601327,206597400,12,40.0,5
206597400,4600967362,12,40.0,5
4600967362,4600967363,12,40.0,5
4600967363,208541211,12,40.0,5
208541211,4600975361,12,40.0,5
4600975361,3774585395,12,40.0,5
3774585395,3774585394,12,40.0,5
3774585394,3773087199,12,40.0,5
3773087199,3774451479,12,40.0,5
3774451479,4600975366,12,40.0,5
4600975366,1838475764,12,40.0,5
1838475764,674682382,12,40.0,5
674682382,11998828305,12,40.0,5
11998828305,5105031060,12,40.0,5
5105031060,5105031058,12,40.0,5
5105031058,3774656089,12,40.0,5
3774656089,208541195,12,40.0,5
208541195,3782918104,12,40.0,5
3782918104,1825438376,12,40.0,5
1825438376,639894586,12,40.0,5
639894586,208541199,12,40.0,5
208541199,3785844978,12,40.0,5
3785844978,674935126,12,40.0,5
674935126,5768744921,12,40.0,5
5768744921,150994688,12,40.0,5
150994688,150994689,12,40.0,5
150994689,10209263666,12,40.0,5
10209263666,1593195452,12,40.0,5
1593195452,4600984155,12,40.0,5
4600984155,3772775332,12,40.0,5
3772775332,60798033,12,40.0,5
60798033,1825441925,12,40.0,5
1825441925,10209285395,12,40.0,5
10209285395,3785841438,12,40.0,5
3785841438,3785841435,12,40.0,5
3785841435,3785841433,12,40.0,5
3785841433,673953625,12,40.0,5
2082347822,1838453693,12,40.0,5
1838453693,1838453696,12,40.0,5
1838453696,3772792771,12,40.0,5
3772792771,3772792772,12,40.0,5
3772792772,1838453735,12,40.0,5
1838453735,3772792773,12,40.0,5
3772792773,1838453705,12,40.0,5
129616390,129616399,12,40.0,5
129616399,11549427041,12,40.0,5
11549427041,11549427040,12,40.0,5
11549427040,678592129,12,40.0,5
678592129,3774706072,12,40.0,5
3774706072,3785775647,12,40.0,5
7862385412,3804259483,12,40.0,5
3804259483,3574700136,12,40.0,5
3574700136,662848128,12,40.0,5
662848128,635166201,12,40.0,5
9740487199,3648987772,12,40.0,5
3648987772,7037636250,12,40.0,5
7037636250,10125040153,12,40.0,5
10125040153,3649036760,12,40.0,5
3649036760,3648987749,12,40.0,5
3648987749,3648987776,12,40.0,5
3648987776,621809106,12,40.0,5
621809106,672789768,12,40.0,5
672789768,4177464785,12,40.0,5
4177464785,5205505667,12,40.0,5
5205505667,621809117,12,40.0,5
621809117,621809119,12,40.0,5
621809119,621809121,12,40.0,5
621809121,621809123,12,40.0,5
621809123,621809126,12,40.0,5
621809126,679010365,12,40.0,5
679010365,672791513,12,40.0,5
672791513,621809130,12,40.0,5
621809130,621809133,12,40.0,5
621809133,621809134,12,40.0,5
621809134,621809137,12,40.0,5
621809137,621809139,12,40.0,5
621809139,5272778233,12,40.0,5
5272778233,621809143,12,40.0,5
621809143,621809145,12,40.0,5
621809145,5203927561,12,40.0,5
5203927561,5105301797,12,40.0,5
5105301797,7490524763,12,40.0,5
7490524763,672793835,12,40.0,5
672793835,672793828,12,40.0,5
6517807162,6517807161,12,40.0,5
191816795,13697381388,12,40.0,5
13697381388,13697381389,12,40.0,5
13697381389,13697381397,12,40.0,5
13697381397,1839445237,12,40.0,5
1839445237,9981050834,12,40.0,5
9981050834,6658760271,12,40.0,5
6658760271,13700252423,12,40.0,5
13700252423,1839445122,12,40.0,5
1839445122,269351942,12,40.0,5
269351942,10213593074,12,40.0,5
10213593074,1839445238,12,40.0,5
1839445238,13697381400,12,40.0,5
13697381400,10213593081,12,40.0,5
10213593081,675891019,12,40.0,5
675891019,13697382907,12,40.0,5
13697382907,13697382910,12,40.0,5
13697382910,13697382912,12,40.0,5
13697382912,675890767,12,40.0,5
675890767,6520270956,12,40.0,5
6520270956,6520280607,12,40.0,5
6520280607,666852574,12,40.0,5
666852574,13697382922,12,40.0,5
13697382922,3164393669,12,40.0,5
3164393669,6524681178,12,40.0,5
6524681178,13700191701,12,40.0,5
13700191701,13700186386,12,40.0,5
13700186386,6524681169,12,40.0,5
6524681169,10185041602,12,40.0,5
10185041602,6524681168,12,40.0,5
6524681168,13673061494,12,40.0,5
13673061494,6524681176,12,40.0,5
253026147,626487870,12,40.0,5
626487870,10962925279,12,40.0,5
5309894479,8988044091,12,40.0,5
8988044091,5309894481,12,40.0,5
5309894481,3354499640,12,40.0,5
8791800914,8791800915,12,40.0,5
8791800915,8791800917,12,40.0,5
8791800917,8791800918,12,40.0,5
8791800918,8791800906,12,40.0,5
8791800906,2105422632,12,40.0,5
2105422632,2105422624,12,40.0,5
2105422624,2105422630,12,40.0,5
2105422630,2105422621,12,40.0,5
2105422621,2105422629,12,40.0,5
2105422629,2105422616,12,40.0,5
2105422616,2105422620,12,40.0,5
2105422620,8791800929,12,40.0,5
8791800929,8791800928,12,40.0,5
8791800928,8791800927,12,40.0,5
8791800927,8791800926,12,40.0,5
8791800926,8791800414,12,40.0,5
8791800414,8791800413,12,40.0,5
8791800413,8791800411,12,40.0,5
675967437,13673566393,12,40.0,5
13673566393,675967434,12,40.0,5
696486298,4422637203,12,40.0,5
672600071,672600072,12,40.0,5
672600072,7172781646,12,40.0,5
7172781646,672614223,12,40.0,5
672614223,7172781645,12,40.0,5
7172781645,2247695840,12,40.0,5
2247695840,672600056,12,40.0,5
672600056,12480223373,12,40.0,5
12480223373,3774751793,12,40.0,5
10771363401,10771363400,12,40.0,5
2135866891,2135866900,12,40.0,5
2135866900,2135866894,12,40.0,5
5377719211,5377719210,12,40.0,5
8953004950,1863416594,12,40.0,5
1863416594,13656274787,12,40.0,5
13656274787,3205658323,12,40.0,5
3205658323,3188125401,12,40.0,5
3188125401,3205658324,12,40.0,5
3205658324,3205658325,12,40.0,5
10901554710,642994318,12,40.0,5
653109314,269202156,12,40.0,5
269202156,269202175,12,40.0,5
259648460,5329755098,12,40.0,5
5329755098,259648461,12,40.0,5
259648461,9756534587,12,40.0,5
9756534587,10142973545,12,40.0,5
10142973545,13655160274,12,40.0,5
13655160274,653109542,12,40.0,5
13673101078,13673101077,12,40.0,5
13673101077,11572104682,12,40.0,5
11572104682,1839459799,12,40.0,5
1839459799,6517999311,12,40.0,5
6517999311,666881127,12,40.0,5
666881127,2083191641,12,40.0,5
2083191641,599137111,12,40.0,5
599137111,13700217596,12,40.0,5
13700217596,599137123,12,40.0,5
599137123,653109536,12,40.0,5
653109536,3164317408,12,40.0,5
3164317408,3164317406,12,40.0,5
3164317406,9626413728,12,40.0,5
9626413728,9460815100,12,40.0,5
10964746215,7440676381,12,40.0,5
7440676381,599141396,12,40.0,5
599141396,5135402997,12,40.0,5
5135402997,599141398,12,40.0,5
599141398,5135402998,12,40.0,5
5135402998,654187244,12,40.0,5
654187244,3799693334,12,40.0,5
3799693334,654187273,12,40.0,5
654187273,599141499,12,40.0,5
599141499,654187274,12,40.0,5
654187274,3799693335,12,40.0,5
3799693335,654187275,12,40.0,5
673066192,673066191,12,40.0,5
403816166,11021308444,12,40.0,5
11021308444,3799951103,12,40.0,5
3799951103,11021308446,12,40.0,5
11021308446,2034260140,12,40.0,5
2034260140,5635831329,12,40.0,5
5635831329,3507460640,12,40.0,5
3507460640,2096703286,12,40.0,5
2096703286,4422642578,12,40.0,5
4422642578,3403158259,12,40.0,5
3403158259,403816175,12,40.0,5
403816175,4196790310,12,40.0,5
4196790310,403816177,12,40.0,5
403816177,2034260133,12,40.0,5
403874803,1144976012,12,40.0,5
1144976012,5006394435,12,40.0,5
5006394435,5498033642,12,40.0,5
5498033642,5895590315,12,40.0,5
5895590315,403874872,12,40.0,5
403874901,5057792819,12,40.0,5
5057792819,5057792820,12,40.0,5
5057792820,5057792818,12,40.0,5
5057792818,683788958,12,40.0,5
683788958,11192208779,12,40.0,5
11192208779,11192208780,12,40.0,5
11192208780,618531425,12,40.0,5
618531425,14213970395,12,40.0,5
14213970395,14213989405,12,40.0,5
14213989405,5057792823,12,40.0,5
5057792823,5057792824,12,40.0,5
5057792824,618531423,12,40.0,5
618531423,14213989403,12,40.0,5
14213989403,5057792826,12,40.0,5
5057792826,683788950,12,40.0,5
683788950,618531421,12,40.0,5
618531421,14213989409,12,40.0,5
14213989409,618531420,12,40.0,5
618531420,5057792827,12,40.0,5
5057792827,3804259540,12,40.0,5
3804259540,14237926054,12,40.0,5
14237926054,14237926053,12,40.0,5
14237926053,618531418,12,40.0,5
618531418,3804259542,12,40.0,5
3804259542,696519989,12,40.0,5
696519989,618531416,12,40.0,5
618531416,696519991,12,40.0,5
5627560772,5627560771,12,40.0,5
5627560771,5627560769,12,40.0,5
5627560769,5627560768,12,40.0,5
5627560768,5627560765,12,40.0,5
5530403138,5530403136,12,40.0,5
5530403136,5530403140,12,40.0,5
5530403140,3774585424,12,40.0,5
3774585424,5530403137,12,40.0,5
5530403137,3774585423,12,40.0,5
3774585423,3774585422,12,40.0,5
3774585422,1838453795,12,40.0,5
1838453795,1838453741,12,40.0,5
1838453741,1534165257,12,40.0,5
1534165257,3772792791,12,40.0,5
4645587121,5530267126,12,40.0,5
5530267126,620402034,12,40.0,5
620402034,5530267143,12,40.0,5
5530267143,620402035,12,40.0,5
620402035,620402036,12,40.0,5
620402036,620402037,12,40.0,5
620402037,620402038,12,40.0,5
620402038,620401936,12,40.0,5
620401936,667236849,12,40.0,5
667236849,667236873,12,40.0,5
667236873,4645587109,12,40.0,5
4645587109,3785753682,12,40.0,5
3785753682,667236872,12,40.0,5
667236872,667236871,12,40.0,5
667236871,667236870,12,40.0,5
667236870,667236869,12,40.0,5
667236869,667236868,12,40.0,5
667236868,667236867,12,40.0,5
667236867,667236858,12,40.0,5
667236858,667237458,12,40.0,5
667237458,9073253560,12,40.0,5
9073253560,9073253561,12,40.0,5
9073253561,667236848,12,40.0,5
667236848,667236861,12,40.0,5
667236861,667236862,12,40.0,5
667236862,5567198355,12,40.0,5
5567198355,667236863,12,40.0,5
667236863,5567198356,12,40.0,5
5567198356,5567198358,12,40.0,5
5567198358,673924803,12,40.0,5
673924803,5567198357,12,40.0,5
5567198357,667236865,12,40.0,5
667236865,5567204806,12,40.0,5
5567204806,3774704438,12,40.0,5
3774704438,5567198344,12,40.0,5
5567198344,643015786,12,40.0,5
259648501,643015807,12,40.0,5
643015807,3774705974,12,40.0,5
3774705974,643015809,12,40.0,5
643015809,672600058,12,40.0,5
672600058,7172781674,12,40.0,5
7172781674,672600059,12,40.0,5
672600059,1526644640,12,40.0,5
1526644640,7172781675,12,40.0,5
7172781675,7172781676,12,40.0,5
7172781676,7172781677,12,40.0,5
7172781677,672600062,12,40.0,5
1985244127,1985244126,12,40.0,5
9075697861,2105371083,12,40.0,5
2105371083,3205658335,12,40.0,5
3205658335,6497421176,12,40.0,5
6497421176,3205658333,12,40.0,5
3205658333,13684477255,12,40.0,5
13684477255,2320511888,12,40.0,5
2320511888,5363740466,12,40.0,5
5363740466,13684477259,12,40.0,5
13684477259,13684477260,12,40.0,5
6340092028,3772792771,12,40.0,5
3772792771,1838453696,12,40.0,5
1838453696,1838453693,12,40.0,5
1838453693,2082347822,12,40.0,5
654155327,3186401711,12,40.0,5
3186401711,3186401713,12,40.0,5
3186401713,3186401710,12,40.0,5
3186401710,654155328,12,40.0,5
654155328,3186401712,12,40.0,5
3186401712,9485258189,12,40.0,5
9485258189,654155329,12,40.0,5
654155329,1217563151,12,40.0,5
1217563151,654155330,12,40.0,5
654155330,654155331,12,40.0,5
654155331,654155332,12,40.0,5
654155332,1217563136,12,40.0,5
1217563136,10861445063,12,40.0,5
10861445063,10861445062,12,40.0,5
10861445062,10861445064,12,40.0,5
10861445064,9490499425,12,40.0,5
9490499425,9490499451,12,40.0,5
9490499451,9490499448,12,40.0,5
9490499448,9490499446,12,40.0,5
673936699,667237458,12,40.0,5
5006394463,5006394495,12,40.0,5
3774656173,674682680,12,40.0,5
674682680,5372777033,12,40.0,5
5372777033,674682678,12,40.0,5
674682678,674682677,12,40.0,5
674682677,3799707316,12,40.0,5
3799707316,674682676,12,40.0,5
674682676,674682687,12,40.0,5
674682687,5372777027,12,40.0,5
5372777027,3799707318,12,40.0,5
3799707318,5372777025,12,40.0,5
5372777025,3799707317,12,40.0,5
3799707317,674682690,12,40.0,5
674682690,3799707319,12,40.0,5
3799707319,674682688,12,40.0,5
674682688,622355205,12,40.0,5
622355205,622355204,12,40.0,5
622355204,674938974,12,40.0,5
674938974,622355203,12,40.0,5
622355203,3774656196,12,40.0,5
3774656196,3774656194,12,40.0,5
3774656194,622355201,12,40.0,5
622355201,622355200,12,40.0,5
4077049362,673069767,12,40.0,5
673069767,10209512205,12,40.0,5
10209512205,673069766,12,40.0,5
673069766,10209512206,12,40.0,5
10209512206,673069765,12,40.0,5
673069765,6459227686,12,40.0,5
6459227686,13417507400,12,40.0,5
13417507400,13417507399,12,40.0,5
13417507399,6459227685,12,40.0,5
13684477272,3538135690,12,40.0,5
3538135690,9468456341,12,40.0,5
9468456341,13684477271,12,40.0,5
13684477271,13684477254,12,40.0,5
13684477254,2083191856,12,40.0,5
2083191856,5363740457,12,40.0,5
1428449259,618500301,12,40.0,5
618500301,3577917013,12,40.0,5
3577917013,4504963663,12,40.0,5
4504963663,2066330715,12,40.0,5
2066330715,3577917014,12,40.0,5
3577917014,2066330714,12,40.0,5
2066330714,2066330703,12,40.0,5
2131864632,652533088,12,40.0,5
652533088,3964896716,12,40.0,5
3964896716,674684731,12,40.0,5
674684731,8502436773,12,40.0,5
8502436773,13683965572,12,40.0,5
13683965572,3993542122,12,40.0,5
3993542122,8701260444,12,40.0,5
8701260444,3192341980,12,40.0,5
3192341980,4980201968,12,40.0,5
4980201968,644610790,12,40.0,5
644610790,617747854,12,40.0,5
617747854,2375440699,12,40.0,5
2375440699,13683965554,12,40.0,5
13683965554,2375440698,12,40.0,5
2375440698,5136285977,12,40.0,5
5136285977,13683965517,12,40.0,5
13683965517,13683965518,12,40.0,5
13683965518,5345582364,12,40.0,5
5345582364,13683965553,12,40.0,5
13683965553,13683965552,12,40.0,5
13683965552,13683965551,12,40.0,5
13683965551,13683965550,12,40.0,5
10798690576,10798690575,12,40.0,5
10798690575,3742213227,12,40.0,5
3742213227,3742213226,12,40.0,5
5340854089,5340854088,12,40.0,5
5340854088,5375247932,12,40.0,5
5375247932,5340854086,12,40.0,5
10046834606,3401467557,12,40.0,5
3401467557,599129845,12,40.0,5
1838453792,11518427117,12,40.0,5
11518427117,1838453691,12,40.0,5
1838453691,10628115404,12,40.0,5
10628115404,1533913602,12,40.0,5
1533913602,9936301534,12,40.0,5
9936301534,50422994,12,40.0,5
50422994,9936301537,12,40.0,5
9936301537,1838453702,12,40.0,5
1683151522,10261639632,12,40.0,5
10261639632,3822160729,12,40.0,5
3822160729,4465122459,12,40.0,5
4465122459,5590849207,12,40.0,5
5590849207,4465447321,12,40.0,5
4465447321,599131250,12,40.0,5
599131250,5590842534,12,40.0,5
5590842534,10090375997,12,40.0,5
10090375997,9465114922,12,40.0,5
9465114922,9465114923,12,40.0,5
9465114923,4466550125,12,40.0,5
4466550125,4466584036,12,40.0,5
4466584036,3800084605,12,40.0,5
3800084605,259648474,12,40.0,5
259648474,3822160733,12,40.0,5
3822160733,5783270663,12,40.0,5
5783270661,5783270659,12,40.0,5
5783270659,5783270656,12,40.0,5
5783270656,5783270655,12,40.0,5
5425923140,4985254037,12,40.0,5
4985254037,4985254038,12,40.0,5
4985254038,4985254040,12,40.0,5
4985254040,672613438,12,40.0,5
672613438,3742323081,12,40.0,5
3742323081,3742323079,12,40.0,5
3742323079,3742323078,12,40.0,5
3742323078,3742323077,12,40.0,5
3742323077,10740616709,12,40.0,5
678714010,6459238045,12,40.0,5
6459238045,6459238044,12,40.0,5
6459238044,678714146,12,40.0,5
678714146,6459238042,12,40.0,5
6459238042,6459238043,12,40.0,5
6459238043,5105301789,12,40.0,5
250731057,10216158819,12,40.0,5
10216158819,3166156578,12,40.0,5
3166156578,10216158837,12,40.0,5
10216158837,302755020,12,40.0,5
302755020,1128190964,12,40.0,5
1128190964,670252395,12,40.0,5
670252395,670252393,12,40.0,5
670252393,331448623,12,40.0,5
331448623,5045614433,12,40.0,5
5045614433,3354646305,12,40.0,5
3354646305,250731133,12,40.0,5
250731133,3774751711,12,40.0,5
3774751711,6018645839,12,40.0,5
6018645839,5045618382,12,40.0,5
5045618382,670252388,12,40.0,5
670252388,5373603026,12,40.0,5
5373603026,5373513510,12,40.0,5
5373513510,275520231,12,40.0,5
2476842884,2476842885,12,40.0,5
2476842885,2476842889,12,40.0,5
2476842889,6514081262,12,40.0,5
6514081262,2476842896,12,40.0,5
2476842896,2476842898,12,40.0,5
2476842898,5047064526,12,40.0,5
5047064526,5047064525,12,40.0,5
5047064525,6443464117,12,40.0,5
5340854066,5340854065,12,40.0,5
5340854065,683786355,12,40.0,5
683786355,683786356,12,40.0,5
683786356,5340854075,12,40.0,5
5340854075,4181874300,12,40.0,5
4181874300,4181874301,12,40.0,5
4181874301,4181874302,12,40.0,5
4181874302,683784040,12,40.0,5
683784040,683784024,12,40.0,5
683784024,3172219431,12,40.0,5
3172219431,5340854043,12,40.0,5
5340854043,3172219426,12,40.0,5
3172219426,683784026,12,40.0,5
683784026,3172219432,12,40.0,5
3172219432,3172219442,12,40.0,5
3172219442,3172219436,12,40.0,5
3172219436,683784007,12,40.0,5
4513240970,4513240962,12,40.0,5
4513240962,191814403,12,40.0,5
127657445,2826701434,12,40.0,5
2826701434,127657461,12,40.0,5
127657461,1683204291,12,40.0,5
1683204291,127657469,12,40.0,5
127657469,2826701437,12,40.0,5
2826701437,2826701436,12,40.0,5
2826701436,667757057,12,40.0,5
667757057,127657490,12,40.0,5
127657490,127657566,12,40.0,5
127657566,127657584,12,40.0,5
127657584,127657595,12,40.0,5
127657595,642981996,12,40.0,5
642981996,127657607,12,40.0,5
127657607,127657624,12,40.0,5
127657624,6661681539,12,40.0,5
6661681539,642982059,12,40.0,5
642982059,1792664495,12,40.0,5
9740487173,129616067,12,40.0,5
129616067,3643759996,12,40.0,5
3643759996,3643759995,12,40.0,5
3643759995,268931397,12,40.0,5
268931397,268931393,12,40.0,5
268931393,3643759993,12,40.0,5
3643759993,3643759994,12,40.0,5
3643759994,268931390,12,40.0,5
268931390,642994312,12,40.0,5
642994312,673918225,12,40.0,5
673918225,5783270661,12,40.0,5
13677168977,3988271819,12,40.0,5
3988271819,1280868420,12,40.0,5
1280868420,1280868419,12,40.0,5
654148521,11578003928,12,40.0,5
2135832111,4452280166,12,40.0,5
4452280166,2135832122,12,40.0,5
674682681,3774491790,12,40.0,5
3774491790,3774656171,12,40.0,5
3774656171,674682680,12,40.0,5
674682676,674682675,12,40.0,5
674682675,5372777031,12,40.0,5
5372777031,674682674,12,40.0,5
674682674,5372777030,12,40.0,5
5372777030,674682673,12,40.0,5
674682673,5372777029,12,40.0,5
5372777029,5372777028,12,40.0,5
5372777028,208541321,12,40.0,5
256664047,3504289834,12,40.0,5
3504289834,5635154180,12,40.0,5
5635154180,674943816,12,40.0,5
674943816,3504289827,12,40.0,5
3504289827,5635154189,12,40.0,5
5635154189,674943787,12,40.0,5
674943787,5635154186,12,40.0,5
5635154186,5635161924,12,40.0,5
5635161924,5635159212,12,40.0,5
5635159212,5635161923,12,40.0,5
5635161923,5635161922,12,40.0,5
5635161922,5635159218,12,40.0,5
5028062402,672777638,12,40.0,5
672777638,672777639,12,40.0,5
672777639,672777601,12,40.0,5
672777601,1144975928,12,40.0,5
1144975928,672777597,12,40.0,5
672777597,5028030264,12,40.0,5
5028030264,5028030262,12,40.0,5
5028030262,644610777,12,40.0,5
644610777,12276950494,12,40.0,5
3339929667,3339929654,12,40.0,5
3339929654,3339929660,12,40.0,5
3339929660,9695346258,12,40.0,5
9695346258,3339929672,12,40.0,5
10749741394,5133502747,12,40.0,5
5133502747,4047124003,12,40.0,5
4047124003,60796650,12,40.0,5
191814043,253022302,12,40.0,5
60796645,3830183073,12,40.0,5
3830183073,5626805943,12,40.0,5
5626805943,13684016488,12,40.0,5
13684016488,5375536069,12,40.0,5
5375536069,4980204815,12,40.0,5
4980204815,10230717958,12,40.0,5
10230717958,5194441199,12,40.0,5
5194441199,5764660038,12,40.0,5
5764660038,11021721338,12,40.0,5
11021721338,13683965575,12,40.0,5
13683965575,11021721337,12,40.0,5
13683858302,6658923277,12,40.0,5
6658923277,6658923279,12,40.0,5
6658923279,6658923281,12,40.0,5
6658923281,3353596901,12,40.0,5
3353596901,3343688203,12,40.0,5
3343688203,13684016489,12,40.0,5
13684016489,653453156,12,40.0,5
653453156,653453157,12,40.0,5
653453157,11175787424,12,40.0,5
11175787424,13684016490,12,40.0,5
13684016490,653453153,12,40.0,5
8791800411,8791800409,12,40.0,5
8791800409,8791800408,12,40.0,5
8791800408,8791800407,12,40.0,5
8791800407,8791800406,12,40.0,5
8791800406,8791800404,12,40.0,5
8791800404,8791800403,12,40.0,5
8791800403,8791800402,12,40.0,5
13676744658,3799736772,12,40.0,5
3799736772,5785426878,12,40.0,5
5785426878,3799736775,12,40.0,5
3799736775,3937903239,12,40.0,5
3937903239,10129746903,12,40.0,5
10129746903,6277581708,12,40.0,5
6277581708,13610295753,12,40.0,5
13610295753,13610295752,12,40.0,5
13610295752,3556451792,12,40.0,5
3556451792,13610295751,12,40.0,5
13610295751,3556451791,12,40.0,5
3556451791,13610295750,12,40.0,5
13610295750,13610295749,12,40.0,5
13610295749,13610295748,12,40.0,5
13610295748,91031922,12,40.0,5
91031922,13610295747,12,40.0,5
13610295747,3949425363,12,40.0,5
3949425363,10268955047,12,40.0,5
10268955047,3538150718,12,40.0,5
3538150718,10268955038,12,40.0,5
10268955038,3538180787,12,40.0,5
3538180787,10268955041,12,40.0,5
8943920963,618543041,12,40.0,5
618543041,13684023320,12,40.0,5
13684023320,618543058,12,40.0,5
618543058,5590589725,12,40.0,5
5590589725,5590589724,12,40.0,5
5590589724,13712828141,12,40.0,5
13712828141,618543069,12,40.0,5
618543069,618543084,12,40.0,5
618543084,5590588310,12,40.0,5
5590588310,5590588312,12,40.0,5
5590588312,5590588306,12,40.0,5
5590588306,618543091,12,40.0,5
618543091,618543095,12,40.0,5
618543095,618543098,12,40.0,5
618543098,3891743778,12,40.0,5
3891743778,618543103,12,40.0,5
618543103,5292445087,12,40.0,5
5292445087,618543108,12,40.0,5
618543108,618543111,12,40.0,5
618543111,13683965537,12,40.0,5
13683965537,1128187477,12,40.0,5
1128187477,3800051506,12,40.0,5
3800051506,618543116,12,40.0,5
618543116,618543123,12,40.0,5
618543123,13684023319,12,40.0,5
13684023319,618543130,12,40.0,5
618543130,9824751932,12,40.0,5
9824751932,9824751931,12,40.0,5
9824751931,5292445091,12,40.0,5
5292445091,8502436776,12,40.0,5
8502436776,11563765028,12,40.0,5
11563765028,11563765029,12,40.0,5
11563765029,8502436779,12,40.0,5
8502436779,11563765030,12,40.0,5
11563765030,11563765031,12,40.0,5
11563765031,11563765032,12,40.0,5
11563765032,8502436782,12,40.0,5
8502436786,4980173407,12,40.0,5
4980173407,618543132,12,40.0,5
618543132,618543142,12,40.0,5
618543142,1428440345,12,40.0,5
1428440345,1428440343,12,40.0,5
1428440343,5590608785,12,40.0,5
5590608785,4793220508,12,40.0,5
4793220508,5296898207,12,40.0,5
5296898207,2094344675,12,40.0,5
2094344675,3893006993,12,40.0,5
3893006993,2094344663,12,40.0,5
2094344663,5296893434,12,40.0,5
5296893434,2094344669,12,40.0,5
2094344669,10100569598,12,40.0,5
10100569598,5192500709,12,40.0,5
5192500709,2094344650,12,40.0,5
8168340537,3324639381,12,40.0,5
3324639381,3324639402,12,40.0,5
3324639402,3324639386,12,40.0,5
3324639386,2648621873,12,40.0,5
2648621873,2648621875,12,40.0,5
2648621875,3324640462,12,40.0,5
646872994,13684883021,12,40.0,5
13684883021,646873055,12,40.0,5
646873055,646873054,12,40.0,5
646873054,10869997345,12,40.0,5
10869997345,646873053,12,40.0,5
646873053,646873049,12,40.0,5
646873049,646873043,12,40.0,5
646873043,646873039,12,40.0,5
646873039,646873035,12,40.0,5
646873035,1128191637,12,40.0,5
1128191637,13712828143,12,40.0,5
13712828143,13712828142,12,40.0,5
13712828142,5027306638,12,40.0,5
5027306638,13683829313,12,40.0,5
13683829313,646873031,12,40.0,5
646873031,13712828144,12,40.0,5
13712828144,13683829312,12,40.0,5
13683829312,13712828145,12,40.0,5
13712828145,13683829311,12,40.0,5
13683829311,646873027,12,40.0,5
646873027,646873023,12,40.0,5
646873023,403875000,12,40.0,5
403875000,403874998,12,40.0,5
403874998,5240348442,12,40.0,5
5240348442,5240354038,12,40.0,5
5240354038,5250554646,12,40.0,5
5250554646,403874994,12,40.0,5
403874994,6491520713,12,40.0,5
6491520713,5340918617,12,40.0,5
5340918617,403874990,12,40.0,5
673925023,12983235794,12,40.0,5
12983235794,12983235795,12,40.0,5
12983235795,673925013,12,40.0,5
673925013,673925001,12,40.0,5
673925001,643015740,12,40.0,5
643015740,643015742,12,40.0,5
681770264,2304483440,12,40.0,5
2304483440,681770266,12,40.0,5
3507460642,3324641762,12,40.0,5
3324641762,696486388,12,40.0,5
696486388,3324641763,12,40.0,5
3324641763,3169294182,12,40.0,5
3169294182,3169294174,12,40.0,5
3169294174,4198300789,12,40.0,5
4198300789,3144249422,12,40.0,5
3144249422,3144249423,12,40.0,5
3144249423,3144249421,12,40.0,5
3144249421,3144249424,12,40.0,5
3144249424,3324642766,12,40.0,5
3324642766,3144249425,12,40.0,5
3144249425,3169294196,12,40.0,5
3169294196,3799580343,12,40.0,5
3799580343,3169294192,12,40.0,5
3169294192,3169294197,12,40.0,5
3169294197,3169294195,12,40.0,5
3169294195,3169294171,12,40.0,5
3169294171,3169294169,12,40.0,5
3169294169,3169294188,12,40.0,5
3169294188,3169294194,12,40.0,5
3169294194,3169294191,12,40.0,5
3169294191,3169294185,12,40.0,5
3169294185,3169294187,12,40.0,5
3169294187,3169294193,12,40.0,5
3169294193,3169294175,12,40.0,5
3169294175,8621126062,12,40.0,5
8621126062,3169294184,12,40.0,5
3169294184,3169294189,12,40.0,5
3169294189,3169294173,12,40.0,5
3169294173,3169294181,12,40.0,5
3169294181,696495686,12,40.0,5
696495686,4195688767,12,40.0,5
4195688767,4195926969,12,40.0,5
4195926969,3799951145,12,40.0,5
3799951145,3799951147,12,40.0,5
3799951147,696495688,12,40.0,5
696495688,3799951148,12,40.0,5
3799951148,6438329702,12,40.0,5
6438329702,3799951150,12,40.0,5
3799951150,3799951152,12,40.0,5
3799951152,6438351622,12,40.0,5
6438351622,3799951259,12,40.0,5
3799951259,4195930789,12,40.0,5
4195930789,4195926985,12,40.0,5
4195926985,4195926982,12,40.0,5
4195926982,6438329707,12,40.0,5
6438329707,4195926983,12,40.0,5
4195926983,4195930790,12,40.0,5
4195930790,4195930799,12,40.0,5
4195930799,6438329706,12,40.0,5
6438329706,3799951263,12,40.0,5
3799951263,3799951266,12,40.0,5
3799951266,4195522087,12,40.0,5
4195522087,6438329705,12,40.0,5
6438329705,6438329704,12,40.0,5
6438329704,6438329703,12,40.0,5
6438329703,6438351623,12,40.0,5
6438351623,3799951265,12,40.0,5
3799951265,4195935618,12,40.0,5
208541235,674682395,12,40.0,5
674682395,208541230,12,40.0,5
208541230,3285358316,12,40.0,5
3285358316,3285358323,12,40.0,5
3285358323,674682624,12,40.0,5
674682624,1737436611,12,40.0,5
1737436611,7205862637,12,40.0,5
7205862637,7205862638,12,40.0,5
3774751872,5556844620,12,40.0,5
5556844620,9852869242,12,40.0,5
9852869242,5556846122,12,40.0,5
5556846122,9852869243,12,40.0,5
9852869243,3774751869,12,40.0,5
3774751869,5556846124,12,40.0,5
5556846124,635850041,12,40.0,5
635850041,11508180758,12,40.0,5
11508180758,635850040,12,40.0,5
635850040,9740487166,12,40.0,5
9740487166,10175735574,12,40.0,5
10175735574,667276053,12,40.0,5
127658294,2410566473,12,40.0,5
2410566473,2410566474,12,40.0,5
2410566474,2409510166,12,40.0,5
2409510166,13684023312,12,40.0,5
13684023312,2419528174,12,40.0,5
2419528174,2419532403,12,40.0,5
2419532403,2419528176,12,40.0,5
2419528176,13684023315,12,40.0,5
13684023315,127658282,12,40.0,5
127658282,13684023316,12,40.0,5
13684023316,5635884175,12,40.0,5
5635884175,5635884177,12,40.0,5
5635884177,679007206,12,40.0,5
679007206,127658062,12,40.0,5
666634751,666634892,12,40.0,5
666634892,3149032175,12,40.0,5
3149032175,5057771694,12,40.0,5
3774585359,3774585358,12,40.0,5
5105301797,5105301796,12,40.0,5
5105301796,5105301795,12,40.0,5
5105301795,5105301794,12,40.0,5
5105301794,5105301792,12,40.0,5
5105301792,5105301791,12,40.0,5
11575648753,11575648752,12,40.0,5
11575648752,3521489602,12,40.0,5
403874793,5895890287,12,40.0,5
5895890287,2131864629,12,40.0,5
2131864629,646913689,12,40.0,5
646913689,3921611404,12,40.0,5
3192307878,3192307876,12,40.0,5
3192307876,3192307875,12,40.0,5
3192307875,6463918943,12,40.0,5
6463918943,10629475721,12,40.0,5
10629475721,619274621,12,40.0,5
635914020,13684231352,12,40.0,5
13684231352,10008475596,12,40.0,5
10008475596,4967063439,12,40.0,5
4967063439,13683965522,12,40.0,5
13683965522,4967063440,12,40.0,5
4967063440,127658263,12,40.0,5
127658263,3931631400,12,40.0,5
3931631400,681782185,12,40.0,5
681782185,3931631399,12,40.0,5
3931631399,3191512761,12,40.0,5
3191512761,3191696091,12,40.0,5
3191696091,3191696093,12,40.0,5
3191696093,3191696092,12,40.0,5
3191696092,6233578657,12,40.0,5
6233578657,3191696090,12,40.0,5
3191696090,6233578638,12,40.0,5
6233578638,13684023328,12,40.0,5
13684023328,3191696089,12,40.0,5
13546701911,13685109990,12,40.0,5
13685109990,13546701910,12,40.0,5
13546701910,13546701909,12,40.0,5
13546701909,13546701908,12,40.0,5
13546701908,13546701907,12,40.0,5
13546701907,13546701906,12,40.0,5
13546701906,13546701905,12,40.0,5
13546701905,13546701904,12,40.0,5
13546701904,13546701903,12,40.0,5
13546701903,13546701902,12,40.0,5
13546701902,13546701901,12,40.0,5
13546701901,13546695600,12,40.0,5
13546695600,13546695599,12,40.0,5
13546695599,13546695598,12,40.0,5
5635830999,5635831322,12,40.0,5
3993586934,7281025765,12,40.0,5
7281025765,3993586936,12,40.0,5
3993586936,3993586937,12,40.0,5
3993586937,3993586939,12,40.0,5
3993586939,191815063,12,40.0,5
667240615,11540284752,12,40.0,5
672817130,621805055,12,40.0,5
10100382471,10100382472,12,40.0,5
8528705488,325908700,12,40.0,5
325908700,325908741,12,40.0,5
325908741,6277491029,12,40.0,5
6277491029,6277491026,12,40.0,5
6277491026,325908812,12,40.0,5
325908812,325908880,12,40.0,5
325908880,10559884976,12,40.0,5
10559884976,10559884975,12,40.0,5
10559884975,662875913,12,40.0,5
681872201,5087014982,12,40.0,5
6487553327,6487553307,12,40.0,5
6487553307,6487553324,12,40.0,5
6487553324,6487553333,12,40.0,5
6487553333,6487553319,12,40.0,5
6487553319,6487553330,12,40.0,5
6487553330,6487553311,12,40.0,5
681898829,4967063017,12,40.0,5
4967063017,2394811094,12,40.0,5
2394811094,681899150,12,40.0,5
681899150,681899138,12,40.0,5
681899138,681899126,12,40.0,5
681899126,4557437470,12,40.0,5
4557437470,4967063015,12,40.0,5
4967063015,681899202,12,40.0,5
681899202,681899191,12,40.0,5
2320511882,2320511894,12,40.0,5
2320511894,4804993176,12,40.0,5
4804993176,2320511886,12,40.0,5
2320511886,2320511884,12,40.0,5
2320511884,3205658278,12,40.0,5
3205658278,3205658276,12,40.0,5
3205658276,3205658329,12,40.0,5
3205658329,2320511888,12,40.0,5
2320511888,13684477261,12,40.0,5
13684477261,3205658296,12,40.0,5
3205658296,13684477266,12,40.0,5
13684477266,3205658322,12,40.0,5
3205658322,13684477256,12,40.0,5
13684477256,3188345264,12,40.0,5
3188345264,3188125401,12,40.0,5
3188125401,3205658323,12,40.0,5
3205658323,13656274787,12,40.0,5
13656274787,1863416594,12,40.0,5
1863416590,10593426534,12,40.0,5
3799579122,13656274786,12,40.0,5
13656274786,13656274785,12,40.0,5
13656274785,3799579123,12,40.0,5
3799579123,3799579124,12,40.0,5
3799579124,3799579126,12,40.0,5
3799579126,3799579127,12,40.0,5
3799579127,11578034508,12,40.0,5
11578034508,11578034507,12,40.0,5
11578034507,3799579128,12,40.0,5
3799579128,12036170781,12,40.0,5
5904513418,5904513400,12,40.0,5
12543026769,12543026770,12,40.0,5
12543026770,12543026771,12,40.0,5
12543026771,12543026772,12,40.0,5
12543026772,12543026773,12,40.0,5
12543026773,5904513475,12,40.0,5
5904513475,5904513458,12,40.0,5
5904513458,324703461,12,40.0,5
324703461,10294712739,12,40.0,5
10294712739,7884277317,12,40.0,5
7884277317,2826701858,12,40.0,5
2826701858,7884277316,12,40.0,5
7884277316,7884277315,12,40.0,5
7884277315,7884277314,12,40.0,5
3362701038,127659328,12,40.0,5
127659328,662866641,12,40.0,5
662866641,13673061497,12,40.0,5
13673061497,13673061498,12,40.0,5
13673061498,13673061499,12,40.0,5
13673061499,13673061500,12,40.0,5
13673061500,10137867364,12,40.0,5
10137867364,1138078905,12,40.0,5
1138078905,13676159092,12,40.0,5
13676159092,1138078602,12,40.0,5
1138078602,13673101012,12,40.0,5
13673101012,651263576,12,40.0,5
619195381,4011686936,12,40.0,5
4011686936,9748084475,12,40.0,5
9748084475,4011680781,12,40.0,5
4011680781,2083152230,12,40.0,5
2083152230,10264696072,12,40.0,5
10264696072,9963269016,12,40.0,5
9963269016,127660840,12,40.0,5
670245668,674943858,12,40.0,5
674943858,5635123600,12,40.0,5
5635123600,5635123599,12,40.0,5
5635123599,5635123558,12,40.0,5
5635123558,5635123592,12,40.0,5
5635123592,5635123588,12,40.0,5
5635123588,5635123585,12,40.0,5
5635123585,5635123579,12,40.0,5
5635123579,674943816,12,40.0,5
2094422544,403875113,12,40.0,5
403875113,403875115,12,40.0,5
403875115,14162916655,12,40.0,5
14162916655,403875116,12,40.0,5
403875116,1447121108,12,40.0,5
1447121108,403875127,12,40.0,5
403875127,1447121106,12,40.0,5
1447121106,1447121105,12,40.0,5
1447121105,403875117,12,40.0,5
7456021975,7456021974,12,40.0,5
7456021974,667756619,12,40.0,5
667756619,667756618,12,40.0,5
667756618,2034206128,12,40.0,5
2034206128,5759362467,12,40.0,5
5759362467,2826701471,12,40.0,5
2826701471,2826701473,12,40.0,5
2826701473,127657322,12,40.0,5
127657322,5759362469,12,40.0,5
5759362469,13698430206,12,40.0,5
13698430206,8708030327,12,40.0,5
8708030327,60796731,12,40.0,5
60796731,13698430208,12,40.0,5
5498091775,5498091773,12,40.0,5
5498091773,5498091772,12,40.0,5
5498091772,5498091771,12,40.0,5
5498091771,5498091770,12,40.0,5
5498091770,5498091768,12,40.0,5
5105030925,5105030923,12,40.0,5
5105030923,5105030924,12,40.0,5
5105030924,693004104,12,40.0,5
693004104,3504273399,12,40.0,5
3504273399,3504273397,12,40.0,5
3504273397,3504273400,12,40.0,5
3504273400,3504273401,12,40.0,5
3504273401,3804176382,12,40.0,5
3804176382,3804176381,12,40.0,5
3804176381,3804176380,12,40.0,5
3804176380,5105006114,12,40.0,5
5105006114,678829731,12,40.0,5
678829731,678829730,12,40.0,5
678829730,678829729,12,40.0,5
678829729,5105006112,12,40.0,5
5105006112,678829728,12,40.0,5
678829728,678829727,12,40.0,5
678829727,9075842337,12,40.0,5
9075842337,678829715,12,40.0,5
678829715,250734838,12,40.0,5
250734838,4464365192,12,40.0,5
4464365192,5105006107,12,40.0,5
5105006107,3504273408,12,40.0,5
3504273408,3504273407,12,40.0,5
3504273407,3504273409,12,40.0,5
3504273409,3504273415,12,40.0,5
3504273415,250734837,12,40.0,5
250734837,3774656110,12,40.0,5
3774656110,3504273410,12,40.0,5
3504273410,3521489605,12,40.0,5
3521489605,3504273411,12,40.0,5
3504273411,250734836,12,40.0,5
250734836,3504273413,12,40.0,5
3504273413,3504273412,12,40.0,5
3504273412,3521489601,12,40.0,5
3521489601,4464365191,12,40.0,5
4464365191,256664025,12,40.0,5
256664025,6260384164,12,40.0,5
6260384164,6260384161,12,40.0,5
6260384161,3504273414,12,40.0,5
3504273414,256664027,12,40.0,5
256664027,1737485406,12,40.0,5
1737485406,1737485408,12,40.0,5
1737485408,6260384150,12,40.0,5
61802753,13697381363,12,40.0,5
13697381363,13697381364,12,40.0,5
13697381364,7832569726,12,40.0,5
7832569726,7832550477,12,40.0,5
7832550477,3993490607,12,40.0,5
3993490607,9439076212,12,40.0,5
9439076212,3993490606,12,40.0,5
3993490606,9439076206,12,40.0,5
9439076206,1280044912,12,40.0,5
1280044912,269202338,12,40.0,5
269202338,10555850719,12,40.0,5
10555850719,208540781,12,40.0,5
208540781,4742498233,12,40.0,5
4742498233,7832550472,12,40.0,5
7832550472,4742498234,12,40.0,5
4742498234,1278079598,12,40.0,5
1278079598,1346379037,12,40.0,5
9628046175,9628046176,12,40.0,5
9628046176,9628046177,12,40.0,5
9628046177,4197383665,12,40.0,5
4197383665,10157282027,12,40.0,5
10157282027,3164393649,12,40.0,5
10219037645,10219037644,12,40.0,5
10219037644,10219037643,12,40.0,5
10219037643,10219037642,12,40.0,5
10219037642,10219037641,12,40.0,5
10219037641,10219037656,12,40.0,5
10219037656,10219037658,12,40.0,5
10219037658,10219037661,12,40.0,5
10219037661,10219037640,12,40.0,5
10219037640,10219037639,12,40.0,5
10219037639,10219037662,12,40.0,5
10219037662,10219037638,12,40.0,5
10219037638,10219037637,12,40.0,5
10219037637,10219037663,12,40.0,5
10219037663,10219037655,12,40.0,5
10219037655,10219037636,12,40.0,5
10219037636,10219037635,12,40.0,5
10219037635,10219037634,12,40.0,5
10219037634,653108582,12,40.0,5
10219510696,10219510688,12,40.0,5
10219510688,5132921204,12,40.0,5
5132921204,5132921206,12,40.0,5
5132921206,5132921208,12,40.0,5
5132921208,253022195,12,40.0,5
253022195,253022194,12,40.0,5
253022194,13673329605,12,40.0,5
13673329605,5132921207,12,40.0,5
5132921207,13673329606,12,40.0,5
13673329606,667775890,12,40.0,5
667775890,621993870,12,40.0,5
621993870,678343020,12,40.0,5
678343020,3648636845,12,40.0,5
3648636845,3648636841,12,40.0,5
3648636841,8708030391,12,40.0,5
8708030391,2160837298,12,40.0,5
2122149090,2122149078,12,40.0,5
2122149078,2122149085,12,40.0,5
2122149085,2122149115,12,40.0,5
3785849866,3401467693,12,40.0,5
3401467693,5396433043,12,40.0,5
5396433043,676001071,12,40.0,5
676001071,3782918113,12,40.0,5
3782918113,3785844735,12,40.0,5
3785844735,11137522166,12,40.0,5
11137522166,3785844742,12,40.0,5
3785844742,639894741,12,40.0,5
639894741,11137496141,12,40.0,5
11137496141,3785844744,12,40.0,5
3785844744,3785844743,12,40.0,5
13695447813,13695447812,12,40.0,5
13695447812,13695447801,12,40.0,5
13695447801,13695447811,12,40.0,5
13695447811,13695447810,12,40.0,5
13695447810,13695447809,12,40.0,5
13695447809,13695447808,12,40.0,5
13695447808,13695447807,12,40.0,5
13695447807,13695447806,12,40.0,5
13695447806,13695447805,12,40.0,5
13695447805,13695447804,12,40.0,5
13695447804,13695447803,12,40.0,5
13695447803,13695447802,12,40.0,5
13695447802,13695447818,12,40.0,5
13695447818,13695447819,12,40.0,5
5105301788,5105301789,12,40.0,5
678833328,678833327,12,40.0,5
678833327,11506471183,12,40.0,5
11506471183,678833325,12,40.0,5
678833325,6119436591,12,40.0,5
6119436591,6119436592,12,40.0,5
6119436592,11506471172,12,40.0,5
11506471172,678833322,12,40.0,5
678833322,5105031002,12,40.0,5
5105031002,5105030997,12,40.0,5
5105030997,5105031000,12,40.0,5
5105031000,5105030998,12,40.0,5
5105030998,678833320,12,40.0,5
678833320,678833330,12,40.0,5
678833330,6119434354,12,40.0,5
6119434354,6119434353,12,40.0,5
6119434353,3774656105,12,40.0,5
3774656105,3774656108,12,40.0,5
3774656108,3774656109,12,40.0,5
3774656109,3774656110,12,40.0,5
6945545891,6945545890,12,40.0,5
3115205199,3115205198,12,40.0,5
3115205198,6119434376,12,40.0,5
6119434376,3115205197,12,40.0,5
642959711,670260664,12,40.0,5
670260664,4860279712,12,40.0,5
4860279712,11994641701,12,40.0,5
11994641701,11994641702,12,40.0,5
11994641702,670259941,12,40.0,5
13295798346,13295798347,12,40.0,5
13295798347,3804259459,12,40.0,5
3804259459,13295798359,12,40.0,5
13295798359,670306349,12,40.0,5
670306349,670306350,12,40.0,5
670306350,6691822253,12,40.0,5
6691822253,3804259458,12,40.0,5
3804259458,6691822254,12,40.0,5
6691822254,6691822252,12,40.0,5
6691822252,3804259457,12,40.0,5
3804259457,670306357,12,40.0,5
670306357,5864778325,12,40.0,5
5864778325,3804259152,12,40.0,5
3800084623,7457244983,12,40.0,5
7457244983,7457255785,12,40.0,5
7457255785,10838664754,12,40.0,5
10838664754,7457244981,12,40.0,5
7457244981,9459452039,12,40.0,5
9459452039,9459452040,12,40.0,5
9459452040,9459452041,12,40.0,5
9459452041,9459452042,12,40.0,5
9459452042,9459452043,12,40.0,5
5635172130,5635172129,12,40.0,5
5635172129,674943881,12,40.0,5
674943881,3504289844,12,40.0,5
3504289844,625826078,12,40.0,5
625826078,11421813182,12,40.0,5
11421813182,256664043,12,40.0,5
256664043,5373602996,12,40.0,5
5373602996,11514220738,12,40.0,5
11514220738,256664041,12,40.0,5
256664041,11514220302,12,40.0,5
11514220302,3774656098,12,40.0,5
3774656098,678829718,12,40.0,5
678829718,678829717,12,40.0,5
678829717,256664034,12,40.0,5
256664034,1737485477,12,40.0,5
1737485477,1737485405,12,40.0,5
1737485405,1737485399,12,40.0,5
1737485399,1737485396,12,40.0,5
1737485396,1737485395,12,40.0,5
1737485395,6260384173,12,40.0,5
6260384173,6260384168,12,40.0,5
6260384168,256664026,12,40.0,5
256664026,1737485408,12,40.0,5
621954102,5583059989,12,40.0,5
5583059989,5583059988,12,40.0,5
5583059988,5583059991,12,40.0,5
5583059991,10112832218,12,40.0,5
10112832218,635850180,12,40.0,5
7085690885,7085684184,12,40.0,5
3785844744,2082347822,12,40.0,5
2082347822,11137522162,12,40.0,5
11137522162,11137522164,12,40.0,5
11137522164,621940816,12,40.0,5
621940816,3785753661,12,40.0,5
3785753661,3785753660,12,40.0,5
3785753660,1838453721,12,40.0,5
1838453721,4600989701,12,40.0,5
4600989701,673953602,12,40.0,5
673953602,150994801,12,40.0,5
150994801,3782918112,12,40.0,5
3782918112,3285619126,12,40.0,5
3285619126,1999647798,12,40.0,5
1999647798,6668001747,12,40.0,5
6668001747,3773070275,12,40.0,5
3773070275,3782918107,12,40.0,5
3782918107,678591992,12,40.0,5
678591992,150994802,12,40.0,5
150994802,3774585427,12,40.0,5
3774585427,331459353,12,40.0,5
331459353,3782918106,12,40.0,5
3782918106,673953625,12,40.0,5
673953625,3785841433,12,40.0,5
3785841433,3785841435,12,40.0,5
3785841435,3785841438,12,40.0,5
3785841438,10209285395,12,40.0,5
10209285395,1825441925,12,40.0,5
1825441925,60798033,12,40.0,5
60798033,3772775332,12,40.0,5
3772775332,4600984155,12,40.0,5
4600984155,1593195452,12,40.0,5
1593195452,10209263666,12,40.0,5
150994688,5768744921,12,40.0,5
5768744921,674935126,12,40.0,5
674935126,3785844978,12,40.0,5
3785844978,208541199,12,40.0,5
208541199,639894586,12,40.0,5
639894586,1825438376,12,40.0,5
1825438376,3782918104,12,40.0,5
3782918104,208541195,12,40.0,5
208541195,5768744920,12,40.0,5
5768744920,208541203,12,40.0,5
208541203,674682360,12,40.0,5
674682360,5768765000,12,40.0,5
5768765000,674682361,12,40.0,5
674682361,5768765006,12,40.0,5
5768765006,674682362,12,40.0,5
674682362,5768765005,12,40.0,5
5768765005,674682363,12,40.0,5
674682363,10209263678,12,40.0,5
10209263678,5768764990,12,40.0,5
5768764990,5768752748,12,40.0,5
5768752748,5768765001,12,40.0,5
5768765001,3773087182,12,40.0,5
3773087182,3773087180,12,40.0,5
91031771,324702666,12,40.0,5
324702666,2394815246,12,40.0,5
2394815246,91032431,12,40.0,5
91032431,324700963,12,40.0,5
324700963,10008729490,12,40.0,5
10008729490,324700964,12,40.0,5
324700964,9483005836,12,40.0,5
3187945982,9396236369,12,40.0,5
9396236369,5904513450,12,40.0,5
5904513450,9396236370,12,40.0,5
9396236370,5904513452,12,40.0,5
5904513452,13676890483,12,40.0,5
13676890483,5904513454,12,40.0,5
10008729505,10008729498,12,40.0,5
10008729498,13677261240,12,40.0,5
13677261240,13677261241,12,40.0,5
13677261241,13677261242,12,40.0,5
13677261242,13677261243,12,40.0,5
13677261243,13677261244,12,40.0,5
1431528226,13712706528,12,40.0,5
13712706528,6365297954,12,40.0,5
6365297954,6365297953,12,40.0,5
6365297953,6365297950,12,40.0,5
6365297950,6365297949,12,40.0,5
6365297949,6365297948,12,40.0,5
6365297948,6365297947,12,40.0,5
4967065462,681782501,12,40.0,5
681782501,13683707433,12,40.0,5
13683707433,127658086,12,40.0,5
127658086,13712828149,12,40.0,5
13712828149,10768596505,12,40.0,5
10768596505,4077041333,12,40.0,5
4077041333,13683965519,12,40.0,5
13683965519,270333402,12,40.0,5
270333402,2124794394,12,40.0,5
2124794394,2124794395,12,40.0,5
2124794395,4061947667,12,40.0,5
4061947667,270333409,12,40.0,5
270333409,10629326905,12,40.0,5
10629326905,127658045,12,40.0,5
678343035,13673292329,12,40.0,5
1131883011,10563454676,12,40.0,5
10563454676,10563454677,12,40.0,5
10563454677,10563454678,12,40.0,5
10563454678,10563454679,12,40.0,5
10563454679,10563454680,12,40.0,5
10563454680,13656611459,12,40.0,5
621993855,13506866651,12,40.0,5
13506866651,13506866649,12,40.0,5
13506866649,6517657664,12,40.0,5
6517657664,621993838,12,40.0,5
621993838,7461764542,12,40.0,5
7461764542,6517640100,12,40.0,5
6517640100,667755910,12,40.0,5
667755910,667755906,12,40.0,5
667755906,667755908,12,40.0,5
667755908,667755907,12,40.0,5
13683818579,13683818580,12,40.0,5
13683818580,13683818581,12,40.0,5
13683818581,13683818582,12,40.0,5
13683818582,2034242893,12,40.0,5
2034242893,2034242902,12,40.0,5
2034242902,5264510452,12,40.0,5
5264510452,618543111,12,40.0,5
626493434,626493435,12,40.0,5
626493435,673067059,12,40.0,5
673067059,626493436,12,40.0,5
2105420881,2105420893,12,40.0,5
672600067,643015809,12,40.0,5
643015809,3774705974,12,40.0,5
3774705974,643015807,12,40.0,5
643015807,259648501,12,40.0,5
3521489605,3521489596,12,40.0,5
3521489596,11549427042,12,40.0,5
11549427042,3521489594,12,40.0,5
3521489594,11506471145,12,40.0,5
11506471145,3521489595,12,40.0,5
3521489595,11549427044,12,40.0,5
11549427044,6119434359,12,40.0,5
6119434359,3521489607,12,40.0,5
3521489607,6119434360,12,40.0,5
6119434360,6119434363,12,40.0,5
6119434363,3774656104,12,40.0,5
3774656104,3774656103,12,40.0,5
3774656103,3521489598,12,40.0,5
3521489598,3521489597,12,40.0,5
3521489597,11506438067,12,40.0,5
4527676073,403815995,12,40.0,5
403815995,9491622378,12,40.0,5
9491622378,9491622370,12,40.0,5
9491622370,9491622371,12,40.0,5
9491622371,9491622372,12,40.0,5
9491622372,9491622373,12,40.0,5
9491622373,9491622374,12,40.0,5
9491622374,9491622386,12,40.0,5
9491622386,9491622375,12,40.0,5
9491622375,9491622379,12,40.0,5
9491622379,9560237825,12,40.0,5
9560237825,9491622385,12,40.0,5
9491622385,9491622384,12,40.0,5
9491622384,9491622383,12,40.0,5
9491622383,654159864,12,40.0,5
3186529289,9491622363,12,40.0,5
9491622363,9139284600,12,40.0,5
9139284600,3186547449,12,40.0,5
3186547449,681537098,12,40.0,5
681537098,403815996,12,40.0,5
403815996,681537102,12,40.0,5
681537102,3186529291,12,40.0,5
3186529291,3186529292,12,40.0,5
3186529292,3186529276,12,40.0,5
3186529276,3186529269,12,40.0,5
3186529269,3186529272,12,40.0,5
3186529272,3186529283,12,40.0,5
3186529283,3186529265,12,40.0,5
3186529265,3186396757,12,40.0,5
3186396757,3893849739,12,40.0,5
3893849739,3893849750,12,40.0,5
3893849750,12062438416,12,40.0,5
12062438416,12062438410,12,40.0,5
12062438410,12062438412,12,40.0,5
12062438412,13406048177,12,40.0,5
13406048177,12062438411,12,40.0,5
12062438411,3186396758,12,40.0,5
3186396758,6548824546,12,40.0,5
6548824546,681537156,12,40.0,5
681537156,3307487922,12,40.0,5
3307487922,324703432,12,40.0,5
324703432,3799898172,12,40.0,5
3799898172,3799581324,12,40.0,5
3799581324,654172185,12,40.0,5
654172185,654193251,12,40.0,5
654193251,654193250,12,40.0,5
654193250,324703284,12,40.0,5
324703284,599141445,12,40.0,5
599141445,654193249,12,40.0,5
654193249,11054392520,12,40.0,5
11054392520,3528785030,12,40.0,5
3528785030,5916583534,12,40.0,5
5916583534,5904513276,12,40.0,5
5904513276,5904513234,12,40.0,5
5904513234,5916583536,12,40.0,5
673882742,673882745,12,40.0,5
673882745,673882744,12,40.0,5
2527552706,2527552705,12,40.0,5
2527552705,2527552704,12,40.0,5
2527552704,2527552703,12,40.0,5
5424881747,5590829448,12,40.0,5
5340918900,5340918901,12,40.0,5
5340918901,3192347707,12,40.0,5
3192347707,3192347708,12,40.0,5
1480092694,3192347723,12,40.0,5
3192347723,5250554648,12,40.0,5
5250554648,1480092668,12,40.0,5
1480092668,13683829310,12,40.0,5
13683829310,13683829309,12,40.0,5
13683829309,13684883031,12,40.0,5
13684883031,13684883032,12,40.0,5
13684883032,403875000,12,40.0,5
403875000,646873023,12,40.0,5
646873023,646873027,12,40.0,5
646873027,13683829311,12,40.0,5
13683829311,13712828145,12,40.0,5
13712828145,13683829312,12,40.0,5
13683829312,13712828144,12,40.0,5
13712828144,646873031,12,40.0,5
646873031,13683829313,12,40.0,5
13683829313,5027306638,12,40.0,5
5027306638,13712828142,12,40.0,5
13712828142,13712828143,12,40.0,5
13712828143,1128191637,12,40.0,5
1128191637,646873035,12,40.0,5
646873035,646873039,12,40.0,5
646873039,646873043,12,40.0,5
646873043,646873049,12,40.0,5
646873049,646873053,12,40.0,5
646873053,10869997345,12,40.0,5
10869997345,646873054,12,40.0,5
646873054,646873055,12,40.0,5
646873055,13684883021,12,40.0,5
13684883021,646872994,12,40.0,5
619274824,6234044312,12,40.0,5
6234044312,6234042642,12,40.0,5
6234042642,6234042654,12,40.0,5
619274820,6658678809,12,40.0,5
653145885,13685134610,12,40.0,5
13685134610,6757772123,12,40.0,5
6757772123,6757772125,12,40.0,5
6757772125,6757772127,12,40.0,5
6757772127,6757772128,12,40.0,5
679012220,1425727502,12,40.0,5
1425727502,1425727501,12,40.0,5
1425727501,1425727500,12,40.0,5
1425727500,679012222,12,40.0,5
679012222,679012226,12,40.0,5
673069781,673069782,12,40.0,5
673069782,4181833321,12,40.0,5
4181833321,10100382510,12,40.0,5
10100382510,10100382511,12,40.0,5
10100382511,10100382508,12,40.0,5
10100382508,10100382507,12,40.0,5
10100382507,10100382506,12,40.0,5
678833313,678833314,12,40.0,5
678833314,6119434378,12,40.0,5
6119434378,3774656091,12,40.0,5
5087014967,5087014965,12,40.0,5
653145913,653145911,12,40.0,5
653145911,11575691897,12,40.0,5
11575691897,11575691898,12,40.0,5
11575691898,11575691899,12,40.0,5
667756306,667756302,12,40.0,5
673069789,3340971205,12,40.0,5
3340971205,673072121,12,40.0,5
673072121,257871587,12,40.0,5
257871587,3340971207,12,40.0,5
3340971207,3340971202,12,40.0,5
3340971202,257871589,12,40.0,5
257871589,3340970982,12,40.0,5
3340970982,5310173992,12,40.0,5
5310173992,14088321228,12,40.0,5
14088321228,14088321225,12,40.0,5
14088321225,14088321226,12,40.0,5
14088321226,14088321227,12,40.0,5
667761521,667761522,12,40.0,5
667761522,13698430231,12,40.0,5
1144975887,2091825115,12,40.0,5
2091825115,2091825123,12,40.0,5
2091825123,2091825132,12,40.0,5
2091825132,2091825103,12,40.0,5
2091825103,2091825102,12,40.0,5
681537149,3307487919,12,40.0,5
3307487919,3307487921,12,40.0,5
3307487921,3307487922,12,40.0,5
13438053320,13438053319,12,40.0,5
6991557032,6991557034,12,40.0,5
6991557034,6991557035,12,40.0,5
6991557035,5624288738,12,40.0,5
5624288738,1280138190,12,40.0,5
1280138190,13695007794,12,40.0,5
13695007794,13695007795,12,40.0,5
13695007795,3084193565,12,40.0,5
3084193565,7934004775,12,40.0,5
7934004775,3084209257,12,40.0,5
3084209257,6991523979,12,40.0,5
6991523979,13727994380,12,40.0,5
13727994380,10089844691,12,40.0,5
10089844691,10660932981,12,40.0,5
10660932981,10660932982,12,40.0,5
10660932982,4061963549,12,40.0,5
4061963549,644618519,12,40.0,5
644618519,667775975,12,40.0,5
667775975,3799979975,12,40.0,5
3799979975,644618521,12,40.0,5
644618521,2015103090,12,40.0,5
2015103090,11064272977,12,40.0,5
11064272977,13699046785,12,40.0,5
13699046785,644618524,12,40.0,5
644618524,667777121,12,40.0,5
667777121,6219761769,12,40.0,5
6219761769,6219761768,12,40.0,5
6219761768,644618526,12,40.0,5
644618526,8661757950,12,40.0,5
8661757950,3340898294,12,40.0,5
3340898294,4061971343,12,40.0,5
13698430235,621817310,12,40.0,5
13695751603,13695751602,12,40.0,5
13695751602,13695751601,12,40.0,5
674059403,4177496994,12,40.0,5
4177496994,4177496995,12,40.0,5
4177496995,674059425,12,40.0,5
674059425,1144959805,12,40.0,5
1144959805,4177494018,12,40.0,5
4177494018,674059427,12,40.0,5
621993757,9924586660,12,40.0,5
9924586660,621993774,12,40.0,5
621993774,666872920,12,40.0,5
666872920,2152817006,12,40.0,5
2152817006,621993776,12,40.0,5
621993776,621993781,12,40.0,5
621993781,9243218786,12,40.0,5
9243218786,9243218759,12,40.0,5
9243218759,9243218784,12,40.0,5
621997497,9243218782,12,40.0,5
9243218782,666872888,12,40.0,5
6661943577,6661943579,12,40.0,5
6661943579,6661943581,12,40.0,5
275524670,275524661,12,40.0,5
275524661,6536415192,12,40.0,5
1683146667,673918236,12,40.0,5
673918236,10889096289,12,40.0,5
10889096289,3774751854,12,40.0,5
3774751854,3774751853,12,40.0,5
5373001753,5373001754,12,40.0,5
673075505,4452265841,12,40.0,5
191799826,13385824594,12,40.0,5
13385824594,6272039681,12,40.0,5
6272039681,13385824593,12,40.0,5
13385824593,3617752200,12,40.0,5
3617752200,3617752193,12,40.0,5
3617752193,1963939805,12,40.0,5
1963939805,13385824591,12,40.0,5
13385824591,13385824592,12,40.0,5
13385824592,3164371478,12,40.0,5
11577998215,11577998214,12,40.0,5
11577998214,11577998213,12,40.0,5
11577998213,11577998212,12,40.0,5
11577998212,11577998211,12,40.0,5
11577998211,11577998210,12,40.0,5
11577998210,11577998209,12,40.0,5
11577998209,11577998208,12,40.0,5
11577998208,11577998207,12,40.0,5
11577998207,11577998206,12,40.0,5
11577998206,11577998205,12,40.0,5
11577998205,11577998204,12,40.0,5
11577998204,11577998203,12,40.0,5
11577998203,11577998202,12,40.0,5
11577998202,11577998201,12,40.0,5
11577998201,11577998200,12,40.0,5
11577998200,11577998199,12,40.0,5
11577998199,11577998198,12,40.0,5
11577998198,11577998197,12,40.0,5
11577998197,11577998196,12,40.0,5
11577998196,11577998195,12,40.0,5
11577998195,11577998194,12,40.0,5
11577998194,11577998193,12,40.0,5
11577998193,11577998192,12,40.0,5
11577998192,11577998191,12,40.0,5
11577998191,11577998190,12,40.0,5
11577998190,11577998189,12,40.0,5
11577998189,11577998188,12,40.0,5
11577998188,11577998187,12,40.0,5
11577998187,11577998186,12,40.0,5
11577998186,11577998185,12,40.0,5
11577998185,2096703159,12,40.0,5
2096703159,2096703213,12,40.0,5
2096703213,2096703191,12,40.0,5
2096703191,4196963475,12,40.0,5
4196963475,2096703234,12,40.0,5
2096703234,4979979562,12,40.0,5
4979979562,3149032175,12,40.0,5
3149032175,666634892,12,40.0,5
666634892,666634751,12,40.0,5
302755011,670255620,12,40.0,5
670255620,5264563340,12,40.0,5
5264563340,5264563343,12,40.0,5
5264563343,5264563344,12,40.0,5
5264563344,11670603202,12,40.0,5
11670603202,5264563346,12,40.0,5
5264563346,670255630,12,40.0,5
3800051504,13683818585,12,40.0,5
13683818585,13683818590,12,40.0,5
13683818590,5590588298,12,40.0,5
5590588298,5590588301,12,40.0,5
5590588301,3166497493,12,40.0,5
3702142128,3702142130,12,40.0,5
3702142130,9409210376,12,40.0,5
9409210376,9409210375,12,40.0,5
9409210375,3702142132,12,40.0,5
3702142132,6509461542,12,40.0,5
6509461542,3702142135,12,40.0,5
252537964,11670603201,12,40.0,5
11670603201,11670603200,12,40.0,5
11670603200,3713376147,12,40.0,5
3713376147,3713376145,12,40.0,5
3713376145,11670603198,12,40.0,5
11670603198,11670603199,12,40.0,5
11670603199,3713376144,12,40.0,5
3713376144,11670603197,12,40.0,5
11670603197,11670603194,12,40.0,5
11670603194,3713376143,12,40.0,5
3713376143,3713376141,12,40.0,5
3713376141,11670603195,12,40.0,5
11670603195,3713376140,12,40.0,5
3713376140,11670603196,12,40.0,5
11670603196,3713376139,12,40.0,5
3713376139,11670603193,12,40.0,5
11670603193,3713376138,12,40.0,5
3713376138,11670603192,12,40.0,5
11670603192,11670603191,12,40.0,5
11670603191,3713376136,12,40.0,5
3713376136,11670603188,12,40.0,5
2091833876,2091833847,12,40.0,5
2091833847,2091833860,12,40.0,5
2091833860,2091833877,12,40.0,5
2091833877,2091833873,12,40.0,5
3774705961,3683616610,12,40.0,5
3683616610,3683616609,12,40.0,5
3683616609,3683616613,12,40.0,5
3683616613,3683616624,12,40.0,5
3683616624,3576845868,12,40.0,5
3576845868,643015663,12,40.0,5
643015663,4985254025,12,40.0,5
4985254025,4985254026,12,40.0,5
4985254026,4985254027,12,40.0,5
4985254027,643015665,12,40.0,5
643015665,643015669,12,40.0,5
643015669,643015671,12,40.0,5
643015671,643015673,12,40.0,5
643015673,4985254029,12,40.0,5
4985254029,4985254028,12,40.0,5
4985254028,643015675,12,40.0,5
643015675,643015677,12,40.0,5
643015677,643015678,12,40.0,5
2091833872,2091833871,12,40.0,5
2091833871,2091833867,12,40.0,5
2091833867,2091833866,12,40.0,5
2091833866,2091833849,12,40.0,5
6757772125,6757772124,12,40.0,5
3921611433,3921611459,12,40.0,5
3921611459,5637252397,12,40.0,5
5637252397,3921611457,12,40.0,5
3921611457,666634683,12,40.0,5
666634683,666634675,12,40.0,5
10209285410,10209285408,12,40.0,5
10209285408,3772775335,12,40.0,5
3772775335,5544411440,12,40.0,5
5544411440,10209263676,12,40.0,5
10209263676,3772775334,12,40.0,5
10127328359,10127328365,12,40.0,5
10127328365,1138078969,12,40.0,5
1138078969,255671535,12,40.0,5
255671535,255671534,12,40.0,5
255671534,10219028104,12,40.0,5
10219028104,255671532,12,40.0,5
13683648296,13683648297,12,40.0,5
13683648297,13683648298,12,40.0,5
2394815251,2342929429,12,40.0,5
2342929429,1252119891,12,40.0,5
1252119891,1252119883,12,40.0,5
1252119883,13696201587,12,40.0,5
13696201587,2394815225,12,40.0,5
2394815225,1252119889,12,40.0,5
1252119889,1252119887,12,40.0,5
1252119887,1252119888,12,40.0,5
1252119888,403816037,12,40.0,5
653145895,13685134613,12,40.0,5
13685134613,6757772130,12,40.0,5
6757772130,6757772131,12,40.0,5
6757772131,6757772133,12,40.0,5
6757772133,6757772134,12,40.0,5
6757772134,6757772136,12,40.0,5
6757772136,6757772141,12,40.0,5
5498124190,5498124191,12,40.0,5
5498124191,2096399412,12,40.0,5
2096399412,5498124189,12,40.0,5
5498124189,2096399374,12,40.0,5
2096399374,2096399421,12,40.0,5
2096399421,2096399356,12,40.0,5
2096399356,2096399463,12,40.0,5
2096399463,2096399341,12,40.0,5
2096399341,2096399430,12,40.0,5
2096399430,2096399454,12,40.0,5
2096399454,2096399337,12,40.0,5
2096399337,2096399451,12,40.0,5
2096399451,2096399441,12,40.0,5
2096399441,2096399350,12,40.0,5
2096399350,4215712060,12,40.0,5
4215712060,646913698,12,40.0,5
646913698,5498091767,12,40.0,5
5498091767,5498091759,12,40.0,5
5498091759,646913708,12,40.0,5
646913708,5498091765,12,40.0,5
5498091765,646913711,12,40.0,5
646913711,4678475825,12,40.0,5
4678475825,646913661,12,40.0,5
3192347690,646892401,12,40.0,5
646892401,3192347675,12,40.0,5
3192347675,3192347705,12,40.0,5
3192347705,646892410,12,40.0,5
646892410,1480092668,12,40.0,5
13683829310,5292445086,12,40.0,5
5292445086,3192344312,12,40.0,5
3192344312,3192344311,12,40.0,5
3192344311,13685134638,12,40.0,5
5916583535,5904513234,12,40.0,5
5904513234,5904513279,12,40.0,5
5904513279,5904513280,12,40.0,5
5904513280,5904513281,12,40.0,5
5904513281,10260948478,12,40.0,5
10260948478,5904513282,12,40.0,5
5904513282,5904513250,12,40.0,5
5904513250,5916540712,12,40.0,5
5916540712,5904513242,12,40.0,5
5904513242,5904513243,12,40.0,5
5904513243,5904513251,12,40.0,5
5904513251,5904513283,12,40.0,5
5904513283,5904513284,12,40.0,5
5904513284,654193258,12,40.0,5
654193258,654193256,12,40.0,5
654193256,10738667595,12,40.0,5
10738667595,6277612435,12,40.0,5
6277612435,10738667589,12,40.0,5
10738667589,6277612437,12,40.0,5
6277612437,10260948481,12,40.0,5
10260948481,5904513214,12,40.0,5
5904513214,6277612441,12,40.0,5
6277612441,6277612442,12,40.0,5
6277612442,6277612443,12,40.0,5
6277612443,10260948483,12,40.0,5
10260948483,6277612427,12,40.0,5
6277612427,6277612411,12,40.0,5
6277612411,6277612412,12,40.0,5
6277612412,6277612413,12,40.0,5
6277612413,6277612414,12,40.0,5
6277612414,6277612415,12,40.0,5
6277612415,313411340,12,40.0,5
313411340,6277612424,12,40.0,5
6277612424,3187822044,12,40.0,5
3187822044,6277612425,12,40.0,5
6277612425,3187822032,12,40.0,5
3187822032,3187822043,12,40.0,5
3187822043,3187822053,12,40.0,5
3187822053,3187822048,12,40.0,5
3187822048,3187822052,12,40.0,5
3187822052,3187822050,12,40.0,5
3187822050,3187822040,12,40.0,5
3187822040,3187822042,12,40.0,5
3187822042,6277612422,12,40.0,5
6277612422,6277612423,12,40.0,5
6277612423,3187822036,12,40.0,5
3187822036,6277612418,12,40.0,5
6277612418,3187822033,12,40.0,5
3187822033,3187822045,12,40.0,5
3187822045,3187821032,12,40.0,5
3187821032,3187821033,12,40.0,5
3187821033,9472503279,12,40.0,5
9472503279,9472503299,12,40.0,5
9472503299,9472503252,12,40.0,5
9472503252,9472503265,12,40.0,5
9472503265,9472503263,12,40.0,5
9472503263,9472503262,12,40.0,5
2135846137,2135846150,12,40.0,5
2135846150,1144959889,12,40.0,5
619122230,619122231,12,40.0,5
619122231,12018224126,12,40.0,5
12018224126,619122232,12,40.0,5
619122232,10094480195,12,40.0,5
10094480195,670253221,12,40.0,5
670253221,619122235,12,40.0,5
666634756,12099764561,12,40.0,5
12099764561,12099764560,12,40.0,5
12099764560,12099836348,12,40.0,5
12099836348,12099836347,12,40.0,5
12099836347,12099836346,12,40.0,5
12099836346,12099836345,12,40.0,5
12099836345,12099836344,12,40.0,5
12099836344,12099836343,12,40.0,5
12099836343,12099764559,12,40.0,5
12099764559,12099836342,12,40.0,5
12099836342,12099836341,12,40.0,5
12099836341,12099836340,12,40.0,5
673080430,673080419,12,40.0,5
673080419,673080420,12,40.0,5
12831264023,12831264022,12,40.0,5
5639990401,5309894425,12,40.0,5
5309894425,679012226,12,40.0,5
679012226,679012538,12,40.0,5
266907981,5042552551,12,40.0,5
5042552551,1863871392,12,40.0,5
1863871392,1863871400,12,40.0,5
1863871400,1863871411,12,40.0,5
1863871411,5042598567,12,40.0,5
5042598567,5042598565,12,40.0,5
5042598565,1863871418,12,40.0,5
1863871418,5042598564,12,40.0,5
5042598564,1863871426,12,40.0,5
1863871426,313441154,12,40.0,5
313441154,4010685248,12,40.0,5
4010685248,6661648727,12,40.0,5
6661648727,672798175,12,40.0,5
672798175,672802180,12,40.0,5
672802180,619035569,12,40.0,5
619035569,12778361682,12,40.0,5
12778361682,619035576,12,40.0,5
619035576,619035575,12,40.0,5
619035575,672802242,12,40.0,5
672802242,127660889,12,40.0,5
127660889,7037743607,12,40.0,5
3683616609,3683616610,12,40.0,5
3683616610,4985254024,12,40.0,5
4985254024,4985254023,12,40.0,5
12983235796,2385251643,12,40.0,5
2385251643,2083118600,12,40.0,5
2083118600,643015772,12,40.0,5
403874990,3800051528,12,40.0,5
3800051528,3800051519,12,40.0,5
3800051519,3800051517,12,40.0,5
3800051517,5264412217,12,40.0,5
5264412217,13712828146,12,40.0,5
13712828146,13712828147,12,40.0,5
13712828147,5264412218,12,40.0,5
5264412218,3800051510,12,40.0,5
3800051510,3800051507,12,40.0,5
3800051507,3800051506,12,40.0,5
3774751854,673918235,12,40.0,5
673918235,4927507236,12,40.0,5
4927507236,3822161564,12,40.0,5
3822161564,10889096291,12,40.0,5
10889096291,673918234,12,40.0,5
673996060,3993586916,12,40.0,5
3993586916,3529517800,12,40.0,5
3529517800,3529517801,12,40.0,5
3529517801,3993586914,12,40.0,5
3993586914,3993586915,12,40.0,5
3993586915,644610704,12,40.0,5
644610704,644610703,12,40.0,5
644610703,644610702,12,40.0,5
644610702,13695412039,12,40.0,5
13695412039,13695412040,12,40.0,5
13695412040,13695412042,12,40.0,5
13695412042,13695412041,12,40.0,5
13695412041,13695412043,12,40.0,5
13695412043,644610695,12,40.0,5
644610695,644610694,12,40.0,5
644610694,262607614,12,40.0,5
262607614,262607615,12,40.0,5
262607615,7862388210,12,40.0,5
7862388210,191815063,12,40.0,5
3085648495,7862388209,12,40.0,5
7862388209,7862388208,12,40.0,5
7862388208,3085648494,12,40.0,5
3085648494,7862388207,12,40.0,5
7862388207,3085648493,12,40.0,5
3085648493,3085648492,12,40.0,5
3085648492,3085648490,12,40.0,5
248608259,13657105324,12,40.0,5
13657105324,3152520261,12,40.0,5
646906662,646906661,12,40.0,5
646906661,4212060297,12,40.0,5
3285373379,3285373378,12,40.0,5
3285373378,5768753543,12,40.0,5
5768753543,5768764966,12,40.0,5
5768764966,3285358292,12,40.0,5
3285358292,5768764955,12,40.0,5
5768764955,3285358288,12,40.0,5
3285358288,622293249,12,40.0,5
2034260136,2131864642,12,40.0,5
2131864642,2096385455,12,40.0,5
2096385455,2096385454,12,40.0,5
13698430242,672787188,12,40.0,5
191816795,2049663684,12,40.0,5
2049663684,1316824072,12,40.0,5
1316824072,1316756412,12,40.0,5
1316756412,4003483003,12,40.0,5
4003483003,4003483004,12,40.0,5
4003483004,3996590126,12,40.0,5
3996590126,6658846514,12,40.0,5
6658846514,1316756516,12,40.0,5
2066084085,2066084091,12,40.0,5
3401467543,12404232779,12,40.0,5
12404232779,637477975,12,40.0,5
637477975,637478012,12,40.0,5
621954106,5602539618,12,40.0,5
675966979,675966975,12,40.0,5
675966975,3774751890,12,40.0,5
667274859,10112832221,12,40.0,5
10112832221,667274857,12,40.0,5
599141445,5766339944,12,40.0,5
5766339944,5766339946,12,40.0,5
5766339946,5766339947,12,40.0,5
3799580346,4825776397,12,40.0,5
4825776397,3799580349,12,40.0,5
3799580349,3799580352,12,40.0,5
3799580352,3799580345,12,40.0,5
3799580345,4825776396,12,40.0,5
4825776396,3799580361,12,40.0,5
3799580361,3799580362,12,40.0,5
3799580362,3799580365,12,40.0,5
3799580365,3799580368,12,40.0,5
3799580368,3799580370,12,40.0,5
3799580370,4825776395,12,40.0,5
4825776395,3799580372,12,40.0,5
3799580372,3799580371,12,40.0,5
3799580371,4196511898,12,40.0,5
4196511898,3799580366,12,40.0,5
3799580366,4196510471,12,40.0,5
4196510471,3799580363,12,40.0,5
3799580363,3799580360,12,40.0,5
3799580360,3799580359,12,40.0,5
3799580359,3799580358,12,40.0,5
3799580358,3799580357,12,40.0,5
3799580357,3799580355,12,40.0,5
3799580355,3799580353,12,40.0,5
3799580353,3799580350,12,40.0,5
3799580350,3799580348,12,40.0,5
3799580348,3799580344,12,40.0,5
3799580344,3799580339,12,40.0,5
3799580339,3799580336,12,40.0,5
3799580336,9824751941,12,40.0,5
9824751941,9824751942,12,40.0,5
9824751942,3799580334,12,40.0,5
3799580334,2493811854,12,40.0,5
2493811854,3305875751,12,40.0,5
670258831,4374488777,12,40.0,5
4374488777,4374470910,12,40.0,5
4374470910,4374470911,12,40.0,5
4374470911,4374470914,12,40.0,5
4374470914,302754990,12,40.0,5
302754990,302754989,12,40.0,5
302754989,4860287682,12,40.0,5
4860287682,4374470912,12,40.0,5
4374470912,302754986,12,40.0,5
302754986,302754985,12,40.0,5
302754985,4860287680,12,40.0,5
4860287680,6661838725,12,40.0,5
6661838725,6661838723,12,40.0,5
6661838723,6661838722,12,40.0,5
6661838722,6661838720,12,40.0,5
6661838720,6661838716,12,40.0,5
6661838716,6661838714,12,40.0,5
6661838714,6661838724,12,40.0,5
3799951091,8791800946,12,40.0,5
8791800946,8791800931,12,40.0,5
8791800931,2111956256,12,40.0,5
2111956256,2111956260,12,40.0,5
2111956260,2091831378,12,40.0,5
12741337241,672600083,12,40.0,5
672600083,2247712398,12,40.0,5
2247712398,672600082,12,40.0,5
3799579130,2652526901,12,40.0,5
2652526901,3799955111,12,40.0,5
6658930226,6658930228,12,40.0,5
10113314764,10222896999,12,40.0,5
10222896999,10113314763,12,40.0,5
8168340534,8168340535,12,40.0,5
8168340535,8168340537,12,40.0,5
618540267,3384020359,12,40.0,5
3384020359,618540264,12,40.0,5
618540264,10869997325,12,40.0,5
10869997325,618540126,12,40.0,5
618540126,13679835508,12,40.0,5
13679835508,681816416,12,40.0,5
681816416,681816456,12,40.0,5
681816456,13691923527,12,40.0,5
13691923527,653129381,12,40.0,5
653129381,13691923528,12,40.0,5
13691923528,681816487,12,40.0,5
681816487,270333454,12,40.0,5
270333454,682081263,12,40.0,5
682081263,3166490031,12,40.0,5
3166490031,3166490026,12,40.0,5
3166490026,653129375,12,40.0,5
653129375,653129376,12,40.0,5
653129376,4832792290,12,40.0,5
4832792290,4967065458,12,40.0,5
4967065458,653129377,12,40.0,5
8791800923,8791800924,12,40.0,5
8791800924,8791800414,12,40.0,5
8791800414,8791800926,12,40.0,5
8791800926,8791800927,12,40.0,5
8791800927,8791800928,12,40.0,5
8791800928,8791800929,12,40.0,5
8791800929,2105422620,12,40.0,5
2105422620,2105422616,12,40.0,5
2105422616,2105422629,12,40.0,5
2105422629,2105422621,12,40.0,5
2105422621,2105422630,12,40.0,5
2105422630,2105422624,12,40.0,5
2105422624,2105422632,12,40.0,5
2105422632,8791800906,12,40.0,5
8791800906,8791800918,12,40.0,5
8791800918,8791800917,12,40.0,5
8791800917,8791800915,12,40.0,5
8791800915,8791800914,12,40.0,5
621809145,621809147,12,40.0,5
621809147,266907981,12,40.0,5
619035569,5042686964,12,40.0,5
5042686964,1863871408,12,40.0,5
1863871408,1863871428,12,40.0,5
1863871428,5042686961,12,40.0,5
5042686961,5042686967,12,40.0,5
3943628228,673069795,12,40.0,5
673069795,4181840603,12,40.0,5
4181840603,673069796,12,40.0,5
673069796,4181840601,12,40.0,5
4181840601,673069787,12,40.0,5
673069787,257871578,12,40.0,5
696458437,10246030761,12,40.0,5
10246030761,696458458,12,40.0,5
696458458,10113314762,12,40.0,5
7920938509,2034243004,12,40.0,5
2034243004,2034242911,12,40.0,5
2034242911,2034242892,12,40.0,5
2034242892,2034242895,12,40.0,5
646913682,12100076476,12,40.0,5
12100076476,12100076478,12,40.0,5
12100076478,2034242921,12,40.0,5
2034242921,2034242937,12,40.0,5
2034242937,3921611406,12,40.0,5
3921611406,646913679,12,40.0,5
646913679,646913673,12,40.0,5
646913673,3921611405,12,40.0,5
3921611405,646913671,12,40.0,5
13712656234,13712656235,12,40.0,5
13712656235,13712656236,12,40.0,5
13712656236,13712656237,12,40.0,5
13712656237,6658706179,12,40.0,5
6658706179,6658706180,12,40.0,5
6658706180,10209710944,12,40.0,5
10209710944,10629326916,12,40.0,5
10629326916,6658789215,12,40.0,5
6658789215,13683965523,12,40.0,5
13683965523,127658263,12,40.0,5
5006394495,10769980105,12,40.0,5
10769980105,10769979804,12,40.0,5
3658423076,13677168920,12,40.0,5
13677168920,13677168921,12,40.0,5
13677168921,12287228642,12,40.0,5
3822202809,3822202811,12,40.0,5
3822202811,13366132444,12,40.0,5
13366132444,13366132443,12,40.0,5
13366132443,3822202814,12,40.0,5
3822202814,13366132442,12,40.0,5
13366132442,3822202815,12,40.0,5
3822202815,3822202817,12,40.0,5
3822202817,3781723165,12,40.0,5
3781723165,10964744392,12,40.0,5
10964744392,651703066,12,40.0,5
651703066,651703070,12,40.0,5
651703070,10605451593,12,40.0,5
10605451593,3136385191,12,40.0,5
3136385191,13366082764,12,40.0,5
13366082764,10605451595,12,40.0,5
10605451595,13366082770,12,40.0,5
13366082770,3141171382,12,40.0,5
3141171382,13366082776,12,40.0,5
13366082776,13366082775,12,40.0,5
13366082775,5372968710,12,40.0,5
5372968710,3136385196,12,40.0,5
3136385196,13366082766,12,40.0,5
13366082766,13366082767,12,40.0,5
13366082767,10129746900,12,40.0,5
10129746900,255040427,12,40.0,5
255040427,3937930807,12,40.0,5
3937930807,13366082782,12,40.0,5
13366082782,13366082781,12,40.0,5
13366082781,255040476,12,40.0,5
255040476,3506402570,12,40.0,5
3506402570,5779913197,12,40.0,5
5779913197,13610295706,12,40.0,5
13610295706,13610295707,12,40.0,5
13610295707,13610295708,12,40.0,5
13610295708,13610295709,12,40.0,5
13610295709,10605451597,12,40.0,5
10605451597,13610295710,12,40.0,5
13610295710,91031133,12,40.0,5
91031133,13610295711,12,40.0,5
13610295711,13610295712,12,40.0,5
13610295712,13610295713,12,40.0,5
13610295713,5779913199,12,40.0,5
5779913199,13610295714,12,40.0,5
13610295714,13610295715,12,40.0,5
13610295715,13610295716,12,40.0,5
13610295716,13610295717,12,40.0,5
13610295717,682694085,12,40.0,5
682694085,2681938483,12,40.0,5
2681938483,91031157,12,40.0,5
91031157,13610295718,12,40.0,5
13610295718,13610295719,12,40.0,5
13610295719,13610295720,12,40.0,5
13610295720,10267780312,12,40.0,5
10267780312,91031171,12,40.0,5
91031171,13610295721,12,40.0,5
13610295721,10605451598,12,40.0,5
10605451598,5385270053,12,40.0,5
5385270053,13610295722,12,40.0,5
13610295722,5385270050,12,40.0,5
5385270050,13610295723,12,40.0,5
13610295723,13610295724,12,40.0,5
13610295724,13610295725,12,40.0,5
13610295725,13610295726,12,40.0,5
13610295726,10268955053,12,40.0,5
10268955053,681527552,12,40.0,5
681527552,13610295727,12,40.0,5
13610295727,1863456297,12,40.0,5
1863456297,13610295729,12,40.0,5
13610295729,13610295728,12,40.0,5
13610295728,5385270046,12,40.0,5
5385270046,5385270045,12,40.0,5
5385270045,10268955054,12,40.0,5
10268955054,13610295730,12,40.0,5
13610295730,1252118083,12,40.0,5
1252118083,13610295731,12,40.0,5
13610295731,13610295732,12,40.0,5
13610295732,5385270041,12,40.0,5
5385270041,1252118084,12,40.0,5
1252118084,13610295733,12,40.0,5
13610295733,13610295734,12,40.0,5
13610295734,3073676023,12,40.0,5
3073676023,4577768759,12,40.0,5
4577768759,10268955059,12,40.0,5
10268955059,4577768754,12,40.0,5
4577768754,4577776877,12,40.0,5
4577776877,6277581741,12,40.0,5
6277581741,13610295740,12,40.0,5
13610295740,4577776885,12,40.0,5
4577776885,2105405964,12,40.0,5
2105405964,10268955052,12,40.0,5
10268955052,10605451599,12,40.0,5
10605451599,10264231205,12,40.0,5
10264231205,1863456371,12,40.0,5
1863456371,1863456350,12,40.0,5
1863456350,10268955071,12,40.0,5
10268955071,10268955067,12,40.0,5
10268955067,1134573441,12,40.0,5
1134573441,1134573887,12,40.0,5
1134573887,13610295785,12,40.0,5
13610295785,3556451797,12,40.0,5
3556451797,13610295784,12,40.0,5
13610295784,3556451795,12,40.0,5
3556451795,13610295783,12,40.0,5
13610295783,13610295782,12,40.0,5
13610295782,6277581715,12,40.0,5
6277581715,13610295775,12,40.0,5
13610295775,13610295776,12,40.0,5
13610295776,13610295777,12,40.0,5
13610295777,13610295778,12,40.0,5
13610295778,13610295779,12,40.0,5
13610295779,13610295780,12,40.0,5
13610295780,13610295781,12,40.0,5
13610295781,3937903239,12,40.0,5
3188125401,3188345264,12,40.0,5
3188345264,13684477256,12,40.0,5
13684477256,3205658322,12,40.0,5
3205658322,13684477266,12,40.0,5
13684477266,3205658296,12,40.0,5
3205658296,13684477261,12,40.0,5
13684477261,2320511888,12,40.0,5
2320511888,3205658329,12,40.0,5
3205658329,3205658276,12,40.0,5
3205658276,3205658278,12,40.0,5
599133885,599133901,12,40.0,5
599133901,4478323940,12,40.0,5
4478323940,5136791088,12,40.0,5
5136791088,5136791087,12,40.0,5
673885551,12759376220,12,40.0,5
12759376220,12759376221,12,40.0,5
12759376221,673885550,12,40.0,5
673885550,673885555,12,40.0,5
13683858316,13683858312,12,40.0,5
13683858312,13683858315,12,40.0,5
13683858315,13683858311,12,40.0,5
13683858311,13683858310,12,40.0,5
13683858310,13683858314,12,40.0,5
3774704432,129616354,12,40.0,5
5904513251,5904513252,12,40.0,5
5904513252,5904513253,12,40.0,5
5904513253,5904513254,12,40.0,5
5904513254,5904513255,12,40.0,5
5904513256,5904513259,12,40.0,5
5904513259,6548172086,12,40.0,5
6548172086,5904513239,12,40.0,5
5904513239,654187248,12,40.0,5
654187248,2546744851,12,40.0,5
2546744851,654187247,12,40.0,5
654187247,11054392522,12,40.0,5
11054392522,654187186,12,40.0,5
654187186,654176478,12,40.0,5
654176478,654176480,12,40.0,5
654176480,654176481,12,40.0,5
654176481,12488606235,12,40.0,5
12488606235,654176482,12,40.0,5
654176482,599141390,12,40.0,5
599141390,599141391,12,40.0,5
10660932949,10660932992,12,40.0,5
644617043,13657105261,12,40.0,5
13657105261,13659953939,12,40.0,5
13659953939,4387392440,12,40.0,5
4387392440,1814506651,12,40.0,5
1814506651,13371119439,12,40.0,5
13371119439,6661796037,12,40.0,5
6661796037,644617048,12,40.0,5
644617048,60796688,12,40.0,5
60796688,3799979973,12,40.0,5
3799979973,1447088864,12,40.0,5
1447088864,1447088863,12,40.0,5
1447088863,3799979970,12,40.0,5
3799979970,60796691,12,40.0,5
60796691,268931246,12,40.0,5
268931246,644619340,12,40.0,5
644619340,8661757941,12,40.0,5
8661757941,672779579,12,40.0,5
672779579,13698397492,12,40.0,5
7456327945,7456327947,12,40.0,5
7456327947,1838453700,12,40.0,5
1838453700,3401468976,12,40.0,5
3401468976,4645587114,12,40.0,5
4645587114,1838453712,12,40.0,5
1838453712,319046163,12,40.0,5
319046163,1838453778,12,40.0,5
1838453778,319046162,12,40.0,5
319046162,5024706576,12,40.0,5
5024706576,3822175118,12,40.0,5
3822175118,319046161,12,40.0,5
319046161,3800069115,12,40.0,5
3800069115,1838453725,12,40.0,5
1838453725,3401468971,12,40.0,5
3401468971,675994037,12,40.0,5
5105030994,5105030995,12,40.0,5
5105030995,678833341,12,40.0,5
678833341,5674802269,12,40.0,5
5674802269,5674802270,12,40.0,5
5674802270,5674802268,12,40.0,5
5674802268,678833334,12,40.0,5
678833334,3504273431,12,40.0,5
3504273431,11506611474,12,40.0,5
11506611474,5674802265,12,40.0,5
5674802265,678833343,12,40.0,5
678833343,3504275673,12,40.0,5
3504275673,5710408133,12,40.0,5
5710408133,3504275675,12,40.0,5
3504275675,5710333029,12,40.0,5
5710333029,9075842422,12,40.0,5
9075842422,9075838397,12,40.0,5
9075838397,11506611479,12,40.0,5
11506611479,3504275658,12,40.0,5
3504275658,250734839,12,40.0,5
250734839,5373602987,12,40.0,5
5373602987,3504273406,12,40.0,5
3504273406,3504273405,12,40.0,5
3504273405,11506611411,12,40.0,5
11506611411,3504273416,12,40.0,5
3504273416,678829715,12,40.0,5
60796650,13657105124,12,40.0,5
13657105124,10749741403,12,40.0,5
10749741403,5133502775,12,40.0,5
5133502775,645092082,12,40.0,5
645092082,248608268,12,40.0,5
248608268,2509241713,12,40.0,5
2509241713,9465694075,12,40.0,5
13657104831,6991313085,12,40.0,5
6991313085,6991313087,12,40.0,5
6991313087,6991313088,12,40.0,5
6991313088,13657104870,12,40.0,5
13657104870,13657104849,12,40.0,5
13657104849,4564522943,12,40.0,5
4564522943,248608261,12,40.0,5
248608261,2083152310,12,40.0,5
2083152310,2083152309,12,40.0,5
2083152309,4502191092,12,40.0,5
4502191092,2083152306,12,40.0,5
2083152306,13657105330,12,40.0,5
13657105330,13659985262,12,40.0,5
13659985262,1814506651,12,40.0,5
13697386468,13697386469,12,40.0,5
13697386469,13697386466,12,40.0,5
13697386466,13697386470,12,40.0,5
13697386470,13697386471,12,40.0,5
13697386471,13697386472,12,40.0,5
5498091786,5498091785,12,40.0,5
1998285652,1998285656,12,40.0,5
1998285656,1998285667,12,40.0,5
1998285667,10259065902,12,40.0,5
10259065902,1998285664,12,40.0,5
1998285664,1998285648,12,40.0,5
1998285648,1998285654,12,40.0,5
1998285654,1998285655,12,40.0,5
1998285655,13946648285,12,40.0,5
13946648285,1998285659,12,40.0,5
1998285659,1998285660,12,40.0,5
8943511124,599141434,12,40.0,5
599141434,3528789043,12,40.0,5
3528789043,3528789045,12,40.0,5
3528789045,599141432,12,40.0,5
599141432,599141431,12,40.0,5
599141431,599141430,12,40.0,5
599141430,3528789041,12,40.0,5
3528789041,599141429,12,40.0,5
599141429,654193252,12,40.0,5
654193252,10241727241,12,40.0,5
10241727241,10241727243,12,40.0,5
10241727243,3799693332,12,40.0,5
3799693332,3871283637,12,40.0,5
3871283637,10241727250,12,40.0,5
10241727250,10241727245,12,40.0,5
10241727245,10241727244,12,40.0,5
7455995475,7455995474,12,40.0,5
7455995474,7455995472,12,40.0,5
7455995472,7455995471,12,40.0,5
13683965542,13683965543,12,40.0,5
13683965543,13683829312,12,40.0,5
403875000,403875003,12,40.0,5
403875003,403875007,12,40.0,5
403875007,2152924262,12,40.0,5
2152924262,2152924268,12,40.0,5
2152924268,403875010,12,40.0,5
10769979803,10769979804,12,40.0,5
10769979804,10769979801,12,40.0,5
10769979801,5006394488,12,40.0,5
5006394488,5006394500,12,40.0,5
5006394500,5006394504,12,40.0,5
5006394504,5006394506,12,40.0,5
5006394506,5130411093,12,40.0,5
5130411093,4422636484,12,40.0,5
4422636484,4422636483,12,40.0,5
4422636483,696486304,12,40.0,5
696486304,4422636481,12,40.0,5
4422636481,4422636482,12,40.0,5
4422636482,696486306,12,40.0,5
696486306,696486308,12,40.0,5
10113476482,13685663231,12,40.0,5
13685663231,10113476481,12,40.0,5
10113476481,10113476472,12,40.0,5
10113476472,10113476480,12,40.0,5
10113476480,10113476471,12,40.0,5
10113476471,10113476479,12,40.0,5
10113476479,10113476478,12,40.0,5
10113476478,10113476477,12,40.0,5
10113476477,10113476476,12,40.0,5
10113476476,10113476475,12,40.0,5
10113476475,10113476474,12,40.0,5
10113476474,13685663198,12,40.0,5
5639990402,5639990403,12,40.0,5
667775913,667775910,12,40.0,5
667775910,667775906,12,40.0,5
667775906,667775901,12,40.0,5
667775901,3799979964,12,40.0,5
13683965544,13683965545,12,40.0,5
13683965545,13683965546,12,40.0,5
13683965546,13683965547,12,40.0,5
13683965547,13683965548,12,40.0,5
13683965548,13683965549,12,40.0,5
13683965549,5152916555,12,40.0,5
5152916555,1144975950,12,40.0,5
1144975950,644610771,12,40.0,5
644610771,12169963401,12,40.0,5
12169963401,644610785,12,40.0,5
644610785,644610784,12,40.0,5
674594060,674594057,12,40.0,5
674594057,674594055,12,40.0,5
674594055,674594048,12,40.0,5
2034243002,646892371,12,40.0,5
646892371,13681389466,12,40.0,5
13681389466,646892370,12,40.0,5
646892370,2034242978,12,40.0,5
2034242978,646892368,12,40.0,5
646892368,9535987165,12,40.0,5
9535987165,13685109977,12,40.0,5
13685109977,646892367,12,40.0,5
3340898295,3799979959,12,40.0,5
6658846507,6658846509,12,40.0,5
6658846509,6658846511,12,40.0,5
6658846511,6658846513,12,40.0,5
6658846513,6658846514,12,40.0,5
1316756516,1316756404,12,40.0,5
1316756404,1316756529,12,40.0,5
1316756529,1316756427,12,40.0,5
1316756427,1316756487,12,40.0,5
6659112952,6661608929,12,40.0,5
6661608929,644610773,12,40.0,5
644610773,6409670843,12,40.0,5
6409670843,6409670836,12,40.0,5
6409670836,6409670838,12,40.0,5
6409670838,672777597,12,40.0,5
5652409184,5652409186,12,40.0,5
5652409186,5652409188,12,40.0,5
5652409188,5652409191,12,40.0,5
1737490143,5635145487,12,40.0,5
7846642721,7846642722,12,40.0,5
7846642722,653129394,12,40.0,5
653129394,2143725534,12,40.0,5
2143725534,2143725535,12,40.0,5
2143725535,618540269,12,40.0,5
682080938,682080943,12,40.0,5
682080943,682080948,12,40.0,5
682080948,682080951,12,40.0,5
682080951,10869997346,12,40.0,5
10869997346,6524306627,12,40.0,5
6524306627,973592789,12,40.0,5
973592789,6991372315,12,40.0,5
6991372315,973592787,12,40.0,5
403875011,618540121,12,40.0,5
637054776,11431968275,12,40.0,5
11431968275,11431968274,12,40.0,5
11431968274,11431968271,12,40.0,5
11431968271,11431968273,12,40.0,5
11431968273,250731291,12,40.0,5
250731291,11431968272,12,40.0,5
11431968272,250731292,12,40.0,5
250731292,693004096,12,40.0,5
693004096,12045645832,12,40.0,5
12045645832,11575892561,12,40.0,5
11575892561,5619439271,12,40.0,5
5619439271,625827020,12,40.0,5
625827020,250731293,12,40.0,5
250731293,3504273424,12,40.0,5
3504273424,693004050,12,40.0,5
693004050,250731294,12,40.0,5
250731294,5105030946,12,40.0,5
5105030946,250731295,12,40.0,5
250731295,619944488,12,40.0,5
619944488,6666615123,12,40.0,5
6666615123,6666615122,12,40.0,5
2376285716,2376285717,12,40.0,5
2376285717,2143715430,12,40.0,5
2143715430,2143715402,12,40.0,5
2143715402,4980201973,12,40.0,5
4980201973,4980201974,12,40.0,5
4980201974,13683965571,12,40.0,5
13683965571,3993542122,12,40.0,5
674684731,3964896716,12,40.0,5
3964896716,652533088,12,40.0,5
5105301796,5105301797,12,40.0,5
5105301797,5203927561,12,40.0,5
5203927561,621809145,12,40.0,5
654193252,3528789044,12,40.0,5
3528789044,10241727235,12,40.0,5
10241727235,599141428,12,40.0,5
599141428,10241727239,12,40.0,5
10241727239,10241727238,12,40.0,5
10241727238,10241727237,12,40.0,5
10241727237,10241727236,12,40.0,5
5635123600,674944070,12,40.0,5
674944070,256664047,12,40.0,5
256664047,674943881,12,40.0,5
208541321,5372777028,12,40.0,5
5372777028,5372777029,12,40.0,5
5372777029,674682673,12,40.0,5
674682673,5372777030,12,40.0,5
5372777030,674682674,12,40.0,5
674682674,5372777031,12,40.0,5
5372777031,674682675,12,40.0,5
674682675,674682676,12,40.0,5
674682676,3799707316,12,40.0,5
3799979963,2066084086,12,40.0,5
2066084086,2066084089,12,40.0,5
2066084089,2066084088,12,40.0,5
2066084088,2066084084,12,40.0,5
2066084084,2066084090,12,40.0,5
2066084090,3799979968,12,40.0,5
3799979968,2066084085,12,40.0,5
2034260163,2034260164,12,40.0,5
2034260164,5895889977,12,40.0,5
5895889977,2034260122,12,40.0,5
2034260122,2034260166,12,40.0,5
2034260166,3921611380,12,40.0,5
3921611380,3921611381,12,40.0,5
3921611381,3921611382,12,40.0,5
3921611382,2034260117,12,40.0,5
2034260117,3921611383,12,40.0,5
3921611383,4196269331,12,40.0,5
4196269331,4196269325,12,40.0,5
10718021429,642959793,12,40.0,5
672814583,6292067160,12,40.0,5
6292067160,672814579,12,40.0,5
672814579,672814578,12,40.0,5
672814578,5240354629,12,40.0,5
5240354629,5240354445,12,40.0,5
5240354445,252542262,12,40.0,5
6560974076,2247712392,12,40.0,5
2247712392,2247712378,12,40.0,5
2247712378,2247712394,12,40.0,5
2247712394,6560974072,12,40.0,5
6560974072,2247712415,12,40.0,5
2247712415,3774705978,12,40.0,5
3774705978,3774705979,12,40.0,5
619176752,6661631110,12,40.0,5
6661631110,9482261905,12,40.0,5
9482261905,644610954,12,40.0,5
644610954,6661631111,12,40.0,5
6661631111,6661631112,12,40.0,5
6661631112,13683965563,12,40.0,5
5782039084,5782039083,12,40.0,5
5782039083,5782039086,12,40.0,5
5782039086,5782039090,12,40.0,5
5782039090,10181863595,12,40.0,5
10181863595,5782039091,12,40.0,5
127657770,13680517508,12,40.0,5
13680517508,679004911,12,40.0,5
679004911,11021738379,12,40.0,5
11021738379,679004913,12,40.0,5
679004913,679004912,12,40.0,5
637453303,667238806,12,40.0,5
667238806,1838453751,12,40.0,5
1838453751,637453317,12,40.0,5
599131336,675967035,12,40.0,5
11549242409,11549242410,12,40.0,5
11549242410,11549242411,12,40.0,5
11549242411,11549247153,12,40.0,5
11549247153,11549247154,12,40.0,5
11549247154,11549247152,12,40.0,5
11549247152,11549247162,12,40.0,5
11549247162,11549247161,12,40.0,5
11549247161,5105226015,12,40.0,5
5105226015,11549247160,12,40.0,5
11549247160,11549247159,12,40.0,5
11549247159,670245666,12,40.0,5
639804428,639804441,12,40.0,5
639804441,2560879658,12,40.0,5
2560879658,3752482615,12,40.0,5
3752482615,5206941834,12,40.0,5
5206941834,639804448,12,40.0,5
639804448,5656625038,12,40.0,5
5656625038,3752482613,12,40.0,5
3752482613,5656625026,12,40.0,5
5656625026,5272752797,12,40.0,5
5272752797,674866640,12,40.0,5
674866640,674866760,12,40.0,5
674866760,674866759,12,40.0,5
619124149,3707432954,12,40.0,5
3707432954,619124147,12,40.0,5
619124147,619124145,12,40.0,5
619124145,4032641247,12,40.0,5
4032641247,619124143,12,40.0,5
619124143,619124142,12,40.0,5
619124142,4032641246,12,40.0,5
4032641246,619124140,12,40.0,5
619124140,619124138,12,40.0,5
619124138,619124136,12,40.0,5
619124136,619124132,12,40.0,5
619124132,619124131,12,40.0,5
619124131,672807107,12,40.0,5
672807107,635164844,12,40.0,5
635164844,619124126,12,40.0,5
619124126,619124125,12,40.0,5
619124125,619035535,12,40.0,5
619035505,1128187931,12,40.0,5
1128187931,619035504,12,40.0,5
619035504,619035499,12,40.0,5
619035499,3774706053,12,40.0,5
11836239905,11836239906,12,40.0,5
11836239906,11836239907,12,40.0,5
11836239907,670252442,12,40.0,5
670252442,670252438,12,40.0,5
670252438,670252431,12,40.0,5
670252431,670252435,12,40.0,5
670252435,331448606,12,40.0,5
331448606,619959743,12,40.0,5
619959743,331448574,12,40.0,5
653453153,13690509392,12,40.0,5
13690509392,6658930228,12,40.0,5
6658930228,679008488,12,40.0,5
3774706025,3800084590,12,40.0,5
3800084590,8528658011,12,40.0,5
8528658011,666903872,12,40.0,5
666903872,666903874,12,40.0,5
666903874,666903875,12,40.0,5
666903875,666903877,12,40.0,5
7037743631,672592643,12,40.0,5
10232784430,11415756117,12,40.0,5
11415756117,11431968229,12,40.0,5
11431968229,10232784429,12,40.0,5
10232784429,10232784428,12,40.0,5
10232784428,1673021336,12,40.0,5
1673021336,2390472364,12,40.0,5
2390472364,10175275058,12,40.0,5
10175275058,2390472365,12,40.0,5
2390472365,9858782971,12,40.0,5
9858782971,681208461,12,40.0,5
681208461,9861559520,12,40.0,5
9861559520,9858782972,12,40.0,5
9858782972,9858782980,12,40.0,5
9858782980,5373513499,12,40.0,5
5373513499,681208452,12,40.0,5
681208452,681208463,12,40.0,5
681208463,5220093131,12,40.0,5
5220093131,6277491004,12,40.0,5
6277491004,10175275059,12,40.0,5
10175275059,10175275060,12,40.0,5
10175275060,6277491005,12,40.0,5
6277491005,5220093132,12,40.0,5
5220093132,5537134743,12,40.0,5
5537134743,9858782986,12,40.0,5
9858782986,681208477,12,40.0,5
681208477,13658932759,12,40.0,5
13658932759,6277491008,12,40.0,5
6277491008,9861559521,12,40.0,5
9861559521,4582456536,12,40.0,5
